date,open,high,low,close,volume,return_1d,return_5d,return_10d,return_20d,volume_change,MA_5,MA_10,MA_20,MA_50,rolling_volatility_5,rolling_volatility_20,volume_ma_20,high_low_range,open_close_range
2018-12-14,5.87,5.87,5.81,5.81,2099130,-0.01027406297618534,-0.0068610903799452404,0.019114396023315234,0.06396496218866715,0.18425573375021367,5.854,5.888,5.734999999999999,5.7398,0.00821345718305178,0.01467676660103975,2731769.7,0.010327022375215232,-0.010221465076661072
2018-12-17,5.8,5.81,5.66,5.66,2746380,-0.026156678648728234,-0.029593108147309397,-0.056667519912266415,0.019625964456748444,0.30834202741135613,5.819999999999999,5.8549999999999995,5.7405,5.724,0.013933337303464617,0.015613142381379612,2757155.1,0.0265017667844522,-0.024137931034482703
2018-12-18,5.62,5.66,5.55,5.66,2694145,0.0,-0.03301776902867344,-0.049967327342446875,0.023236076680848008,-0.019019582140854505,5.782,5.8260000000000005,5.747,5.708200000000001,0.013434461722875574,0.015578095850465948,2783457.5,0.019434628975265072,0.007117437722419935
2018-12-19,6.22,6.22,5.58,5.66,1319853,0.0,-0.04322193920291524,-0.046600320794542495,0.023236076680848008,-0.5101032052840512,5.732,5.799,5.7535,5.6928,0.010749667050923156,0.015578095850465948,2726507.7,0.11307420494699641,-0.09003215434083596
2018-12-20,5.62,5.68,5.6,5.66,1170804,0.0,-0.03643074162491354,-0.039832105448403696,0.007092228309491837,-0.11292848521767197,5.6899999999999995,5.776000000000001,5.7555,5.6874,0.01144867264034585,0.015173941086471862,2564860.5,0.01413427561837457,0.007117437722419935
2018-12-21,5.64,5.64,5.57,5.62,1670803,-0.00709222830949191,-0.0332489069582201,-0.040109997338165386,0.012533736147256657,0.4270561084519698,5.652,5.753,5.759,5.6774000000000004,0.01132887436534977,0.014978206435444124,2513995.15,0.012455516014234768,-0.0035460992907800663
2018-12-24,5.36,5.64,5.36,5.55,2237789,-0.01253373614725658,-0.01962596445674845,-0.04921907260405793,-0.0035971261808495918,0.339349402652497,5.63,5.725,5.758,5.6698,0.0057087333978627156,0.015241822101899885,2544231.75,0.05045045045045034,0.03544776119402976
2018-12-25,5.51,5.51,5.37,5.51,4310235,-0.007233304593520061,-0.026859269050268527,-0.05987703807894202,0.0,0.9261132305145838,5.6,5.691,5.758,5.6602,0.005371938029303281,0.015130344395766559,2629751.1,0.025408348457350214,0.0
2018-12-26,4.97,5.55,4.97,5.49,1518665,-0.003636367643383763,-0.030495636693652295,-0.07371757589656756,-0.023403408384160423,-0.6476607423957162,5.566,5.649,5.7515,5.6496,0.004662116947086476,0.01440891610472328,2547108.2,0.10564663023679419,0.10462776659959769
2018-12-27,5.62,5.68,5.55,5.62,2409678,0.023403408384160395,-0.00709222830949191,-0.04352296993440541,-0.003552401604367772,0.5867080626734665,5.558,5.6240000000000006,5.750500000000001,5.643400000000001,0.014235498697801986,0.015400914819248226,2490361.0,0.02313167259786475,0.0
2018-12-28,5.64,5.66,5.55,5.66,2193351,0.007092228309491837,0.007092228309491837,-0.026156678648728234,-0.007042282625412923,-0.08977423539576657,5.566,5.609,5.7485,5.638,0.01423549869780198,0.015291974715455882,2451463.75,0.019434628975265072,0.0035460992907802237
2019-01-02,5.66,5.66,5.53,5.58,1103106,-0.014235115821871985,0.005390848634876373,-0.014235115821871985,-0.07090263573413848,-0.49706818470915054,5.572000000000001,5.601,5.728,5.631800000000001,0.014666197223816345,0.01008944255274245,2272065.95,0.023297491039426504,-0.01413427561837457
2019-01-03,5.03,5.57,5.03,5.37,1956382,-0.03836086787244622,-0.025736714644049707,-0.05259598369431828,-0.10256331103676505,0.7735213116418549,5.544,5.572,5.699,5.6259999999999994,0.02320000757695529,0.012744867536823782,2229779.05,0.1005586592178771,0.06759443339960236
2019-01-04,5.36,5.45,5.28,5.41,2771983,0.007421184337616826,-0.014679162663049089,-0.04517479935670139,-0.09177512015124382,0.4168925087227341,5.5280000000000005,5.547,5.673,5.6222,0.023896612450587898,0.01304802177096149,2196025.2,0.03142329020332716,0.00932835820895519
2019-01-07,5.53,5.53,5.45,5.49,1305819,0.014679162663049075,-0.023403408384160423,-0.030495636693652295,-0.07032774214205592,-0.528922435671503,5.502000000000001,5.53,5.6530000000000005,5.6213999999999995,0.021711185466513155,0.013723337242371875,2094064.15,0.014571948998178519,-0.007233273056057872
2019-01-08,6.01,6.01,5.45,5.45,846226,-0.007312646846286602,-0.037808283539938904,-0.030716055230446956,-0.07082605256861228,-0.35195766028829417,5.46,5.513,5.633,5.6222,0.02069014283965768,0.013730090694230635,2021936.65,0.10275229357798157,-0.09317803660565718
2019-01-09,5.47,5.57,5.45,5.55,2196358,0.01818231908319033,-0.005390848634876423,0.0,-0.04921907260405793,1.5954744949930633,5.454,5.513,5.619,5.626,0.023023722867561196,0.014564469157177632,1998278.05,0.02162162162162164,0.014625228519195626
2019-01-10,5.55,5.57,5.53,5.53,1378687,-0.003610112224099674,0.02935990701347008,0.003623192369420331,-0.056253845709521605,-0.37228493715505395,5.486,5.515000000000001,5.603,5.6276,0.011127167282211463,0.014499650051022255,1942980.45,0.007233273056057872,-0.003603603603603527
2019-01-11,5.55,5.57,5.51,5.53,1250077,0.0,0.021938722675853336,0.007259560012804102,-0.0664580158837634,-0.0932844075558847,5.510000000000001,5.519,5.584,5.6222,0.011361346172116902,0.014193815286930247,1947600.1,0.01084990958408689,-0.003603603603603527
2019-01-14,5.51,5.53,5.49,5.49,937155,-0.007259560012804223,0.0,-0.023403408384160423,-0.06692637831856575,-0.25032218015370256,5.51,5.506,5.565,5.62,0.010604311068989248,0.014200223665111734,1905831.3,0.007285974499089259,-0.003629764065335676
2019-01-15,5.39,5.57,5.07,5.57,901146,0.014466798417753479,0.021779445264039948,-0.016028838275898915,-0.04218551692462713,-0.03842373993629656,5.534000000000001,5.497,5.553,5.6152,0.011299892237883278,0.014635912376749995,1845932.1,0.08976660682226212,0.03339517625231923
2019-01-16,5.57,5.6,5.51,5.51,509354,-0.010830430774369664,-0.007233304593520061,-0.012624153228396514,-0.026859269050268527,-0.4347708362462908,5.526000000000001,5.49,5.5455000000000005,5.6098,0.009770574061946147,0.01368061432703785,1734080.8,0.016333938294010864,-0.010771992818671543
2019-01-17,5.53,5.57,5.51,5.53,737519,0.003623192369420331,0.0,0.02935990701347008,-0.023236076680848074,0.4479497559653993,5.526,5.506,5.539,5.608,0.009904736515219106,0.013723256740223224,1636249.5,0.01084990958408689,0.0
2019-01-18,5.55,5.55,5.43,5.47,1412966,-0.010909199100353732,-0.010909199100353732,0.011029523575499604,-0.034145275781201745,0.9158367445448863,5.514,5.5120000000000005,5.5295000000000005,5.6053999999999995,0.011041101867030589,0.013890434290285254,1640905.15,0.02193784277879344,-0.014414414414414429
2019-01-21,5.49,5.74,5.49,5.64,2079830,0.03060544907607777,0.02695580998852808,0.02695580998852808,-0.0035398267051241737,0.47196040102875797,5.544,5.527,5.5285,5.6057999999999995,0.01767834133831688,0.01566138583315482,1686356.45,0.044326241134751775,0.0273224043715846
2019-01-22,5.68,5.7,5.57,5.57,1845725,-0.012489011570774809,0.0,0.021779445264039948,-0.008936609966406968,-0.11255968035849084,5.544,5.539,5.526,5.6074,0.01831737769086185,0.015832362250974272,1695102.55,0.02333931777378813,-0.019366197183098493
2019-01-23,5.55,5.58,5.53,5.57,1160094,0.0,0.010830430774369591,0.0035971261808496963,0.0035971261808496963,-0.3714697476601336,5.556,5.541,5.527,5.609,0.017330229549609538,0.015574712697718353,1641217.8,0.00897666068222618,0.003603603603603687
2019-01-24,5.58,5.64,5.55,5.58,1743450,0.0017937224540269007,0.009000960858976123,0.009000960858976123,0.012624153228396407,0.502852355067779,5.566000000000001,5.546,5.5305,5.6124,0.017311076866703086,0.015479081104941369,1512878.55,0.01612903225806449,0.0
2019-01-25,5.7,5.7,5.57,5.58,836534,0.0,0.019910159959329873,0.009000960858976123,0.016260520871780326,-0.5201846912730506,5.587999999999999,5.551,5.535,5.6184,0.015942109878276746,0.015447640172124874,1478772.0,0.023297491039426504,-0.021052631578947385
2019-01-28,5.58,5.6,5.36,5.53,997088,-0.009000960858976056,-0.019696249975724042,0.007259560012804102,-0.016143848371356278,0.19192764430375814,5.566000000000001,5.555,5.5305,5.623800000000001,0.006376160561431227,0.014631345152013663,1408142.5,0.04339963833634707,-0.008960573476702477
2019-01-29,5.51,5.55,5.47,5.55,1091518,0.003610112224099572,-0.0035971261808495918,-0.0035971261808495918,-0.01962596445674845,0.0947057832407972,5.562,5.553,5.525,5.625799999999999,0.004865176860744653,0.014552906083512823,1353050.85,0.014414414414414429,0.007259528130671513
2019-01-30,5.93,5.93,5.55,5.6,1565464,0.008968669982760316,0.005371543801910849,0.016201974576280406,0.0035778213478839024,0.43420813949014125,5.568,5.561999999999999,5.526000000000001,5.6268,0.006556180130113655,0.014364378156427009,1376168.75,0.06785714285714284,-0.05564924114671165
2019-01-31,5.66,5.7,5.6,5.62,1674668,0.0035650661644961446,0.007142887512380204,0.016143848371356205,0.04550375538482629,0.06975823142531544,5.576,5.571,5.5385,5.6286000000000005,0.006651931604229891,0.011141755984629772,1362083.05,0.017793594306049917,-0.007067137809187285
2019-02-01,5.62,5.66,5.6,5.64,781100,0.0035524016043677006,0.01069528911674795,0.03060544907607777,0.04163497265157725,-0.5335791930101966,5.588,5.587999999999999,5.55,5.630800000000001,0.006650914598250052,0.011081130054729323,1262538.9,0.010638297872340514,0.0035587188612098883
2019-02-11,5.7,5.91,5.66,5.78,1713857,0.02451961717431866,0.044215867150042595,0.02451961717431866,0.051475427162846754,1.1941582383817693,5.638,5.601999999999999,5.5645,5.634000000000001,0.009069209588703298,0.011860946087450136,1282940.8,0.04325259515570934,0.014035087719298258
2019-02-12,5.78,5.85,5.78,5.83,2059630,0.00861331767811493,0.049219072604058015,0.045621946423208395,0.06740139168724821,0.20175137132211146,5.694,5.628,5.5835,5.639600000000001,0.008611964662232761,0.011695729848820401,1343611.0,0.012006861063464734,0.008650519031141838
2019-02-13,5.85,5.87,5.8,5.83,2093177,0.0,0.04025040262129753,0.045621946423208395,0.049219072604058015,0.016287876948772352,5.74,5.654,5.5975,5.6448,0.009704523938348412,0.011179013784439197,1338451.95,0.012006861063464885,-0.003418803418803346
2019-02-14,5.83,5.83,5.76,5.76,1357835,-0.012079525654601238,0.024605810802200194,0.03174869831458027,0.04074965917355629,-0.35130426141697524,5.768,5.672,5.609,5.6498,0.01334958969361437,0.011574513252679584,1337409.35,0.012152777777777828,-0.012006861063464885
2019-02-15,5.76,5.81,5.74,5.78,2176902,0.003466207976486329,0.02451961717431866,0.03521490629106665,0.044215867150042595,0.6032154127710657,5.796,5.692,5.6215,5.6530000000000005,0.013351854555647573,0.011568348315385226,1383750.6,0.012110726643598512,0.0034722222222223027
2019-02-18,5.78,5.83,5.78,5.81,1908779,0.0051768881795337274,0.0051768881795337274,0.049392755329576266,0.05665231534238052,-0.1231672349053839,5.8020000000000005,5.720000000000001,5.6375,5.6564,0.007961766703742173,0.011364959618628847,1432331.8,0.008605851979345925,0.005190311418685011
2019-02-19,5.83,5.83,5.78,5.8,2754758,-0.0017226533114461818,-0.005159082810027448,0.044059989794030495,0.04046286361318087,0.4432042682783078,5.796,5.745,5.649,5.658399999999999,0.006752296208385604,0.011065297076882032,1525012.4,0.008620689655172384,-0.00514579759862783
2019-02-20,5.8,5.83,5.78,5.81,1693486,0.001722653311446156,-0.0034364294985812097,0.0368139731227164,0.0530159476989968,-0.38525053743377824,5.792,5.766,5.664,5.654799999999999,0.0068611764356222285,0.010645908834492677,1584219.0,0.008605851979345925,0.001724137931034446
2019-02-21,5.81,5.87,5.76,5.76,2970459,-0.008643096156019969,0.0,0.024605810802200194,0.04074965917355629,0.7540499301440933,5.792,5.779999999999999,5.6754999999999995,5.651,0.005464726639657573,0.010936312067058564,1695866.0,0.01909722222222228,-0.008605851979345925
2019-02-22,5.78,5.89,5.74,5.83,3974330,0.012079525654601261,0.00861331767811493,0.033132934852433446,0.06373838392851124,0.33795147483941035,5.802,5.799,5.6935,5.649,0.007721972594548294,0.010709704116041259,1823934.2,0.025728987993138844,0.008650519031141838
2019-02-25,5.87,6.01,5.83,5.93,3874034,0.01700721264723293,0.02044364214581435,0.025620530325347828,0.05014014749966649,-0.025235951720164154,5.826,5.814,5.708,5.6498,0.010394829258533148,0.009203079036862953,1913644.4,0.030354131534569936,0.010221465076660921
2019-02-26,5.89,5.97,5.85,5.89,2277127,-0.006768215346138739,0.015398080111121662,0.010238997301094286,0.055860943724302635,-0.4122077916714205,5.843999999999999,5.82,5.724,5.6506,0.01130508107458784,0.008792189740568111,1935214.5,0.020373514431239408,0.0
2019-02-27,5.89,5.91,5.83,5.85,1544839,-0.006814336419730165,0.006861090379945381,0.0034246608813639536,0.04904660730457227,-0.32158417163381753,5.851999999999999,5.822,5.7379999999999995,5.651,0.012172636739868539,0.009034810912809383,1954451.75,0.013675213675213687,-0.006791171477079802
2019-02-28,5.89,5.89,5.68,5.68,3793504,-0.02949042851070515,-0.013986241974739952,-0.013986241974739952,0.01776245633984025,1.455598285646595,5.836,5.814,5.743,5.6476,0.01842529865912052,0.011520918118385475,2056954.45,0.036971830985915485,-0.03565365025466893
2019-03-01,5.7,5.76,5.64,5.74,1478830,0.010507977598415165,-0.015557790030925896,-0.006944472352811046,0.028270433938255526,-0.6101678026436772,5.818,5.81,5.7509999999999994,5.6442,0.0181189348656709,0.011716231421537611,2089069.25,0.020905923344947754,0.007017543859649129
2019-03-04,5.74,5.83,5.72,5.81,3120806,0.012121360532344602,-0.020443642145814202,0.0,0.049392755329576266,1.1103209970043886,5.794,5.81,5.765,5.643,0.016849968598521427,0.011679987919758165,2195255.15,0.018932874354561157,0.012195121951219407
2019-03-05,5.81,5.87,5.76,5.8,2465893,-0.0017226533114461818,-0.015398080111121606,0.0,0.044059989794030495,-0.20985380058869407,5.776,5.81,5.7775,5.642799999999999,0.016800393515926045,0.011713404245584237,2263973.9,0.018965517241379366,-0.0017211703958691545
2019-03-06,5.78,5.81,5.74,5.8,1178516,0.0,-0.008583743691391442,-0.0017226533114461818,0.03509131981127019,-0.5220733421928688,5.766,5.808999999999999,5.7875,5.645600000000001,0.01669776745098295,0.01161199470342932,2244626.5,0.012068965517241275,0.0034602076124566734
2019-03-07,5.81,5.87,5.8,5.83,3301746,0.005159082810027423,0.026065767629341156,0.012079525654601261,0.03668533645680124,1.8016132152639421,5.796,5.816,5.798,5.649,0.00614499381233767,0.01163053100633671,2325980.4,0.012006861063464885,0.003442340791738462
2019-03-08,5.81,5.85,5.78,5.8,1416810,-0.005159082810027448,0.010398707220898517,-0.005159082810027448,0.027973852042406162,-0.5708906742069196,5.808,5.813,5.806,5.6518,0.006736107260405782,0.011725537205116272,2357765.9,0.012068965517241275,-0.0017211703958691545
2019-03-11,5.8,5.85,5.78,5.81,1032198,0.001722653311446156,0.0,-0.020443642145814202,0.0051768881795337274,-0.271463357824973,5.808,5.801,5.8075,5.6548,0.0038460154622776046,0.010391846377714644,2323682.95,0.012048192771084234,0.001724137931034446
2019-03-12,5.83,5.91,5.8,5.91,2504257,0.01706526055418715,0.01878791386563327,0.003389833754511524,0.013628831055605837,1.4261401397793834,5.83,5.803,5.8115000000000006,5.6606,0.008319041134810584,0.01090848434825081,2345914.3,0.01861252115059227,0.013722126929674111
2019-03-13,5.95,6.06,5.91,6.01,5473410,0.016778917129109287,0.035566830994742574,0.026983087303351208,0.03040774818471508,1.1856422883114632,5.872,5.819,5.8205,5.6698,0.009694780679816517,0.011483382362270507,2514925.95,0.02495840266222953,0.010084033613445313
2019-03-14,6.01,6.12,5.99,6.02,2333220,0.0016625107736134572,0.03207025895832867,0.05813602658766972,0.04414978461292975,-0.5737172987223687,5.909999999999999,5.853,5.8335,5.68,0.009992528306458527,0.011028942127375735,2563695.2,0.021594684385382045,0.0016638935108152725
2019-03-15,6.04,6.08,5.99,6.06,2649931,0.006622540760493457,0.04385188252884941,0.05425058974974802,0.04730611739693684,0.13573987879411287,5.962,5.885,5.847499999999999,5.6914,0.007709526252812561,0.011070406044540473,2587346.65,0.014851485148514828,0.0033112582781456247
2019-03-18,6.08,6.16,6.06,6.1,3739699,0.0065789710980425605,0.04870820031544572,0.04870820031544572,0.04870820031544572,0.41124391540760874,6.02,5.914,5.862,5.700999999999999,0.006858612671662354,0.011093562850340423,2678892.65,0.016393442622950907,0.0032894736842104563
2019-03-19,6.12,6.12,5.97,5.99,2828856,-0.018197359051907468,0.013445580709351118,0.03223349457498444,0.03223349457498444,-0.24356051115343774,6.036,5.933,5.871499999999999,5.7076,0.012907595218251121,0.011993696743399302,2682597.55,0.025041736227045135,-0.02124183006535946
2019-03-20,6.01,6.01,5.87,5.93,3143264,-0.010067199117723968,-0.013400535537482114,0.022166295457260423,0.02044364214581435,0.11114316175867558,6.0200000000000005,5.946,5.8774999999999995,5.714599999999999,0.011028172479011812,0.01227440687159744,2755086.45,0.023608768971332156,-0.013311148086522475
2019-03-21,5.93,6.01,5.81,5.81,2939770,-0.020443642145814202,-0.03550668845690976,-0.0034364294985812097,0.008643096156020014,-0.06473971005935232,5.978,5.944,5.88,5.723400000000001,0.013090366692000258,0.013024191215652974,2753552.0,0.03442340791738385,-0.020236087689713342
2019-03-22,5.81,5.87,5.81,5.83,1819172,0.0034364294985813186,-0.03869279971882203,0.005159082810027423,0.0,-0.3811856029553332,5.9319999999999995,5.947,5.88,5.7318,0.01230955154663929,0.012758053891422984,2645794.1,0.01029159519725566,0.003442340791738462
2019-03-25,5.81,5.81,5.72,5.76,2275202,-0.012079525654601238,-0.05735129647146567,-0.008643096156019969,-0.029086738301834152,0.2506799796830646,5.864,5.942,5.871499999999999,5.7372000000000005,0.00935848044654355,0.01236922876290534,2565852.5,0.015624999999999976,-0.008605851979345925
2019-03-26,5.78,5.81,5.76,5.8,1540206,0.006920442844573757,-0.03223349457498443,-0.018787913865633273,-0.015398080111121606,-0.323046481147608,5.826,5.931,5.866999999999999,5.744199999999999,0.011370003129537877,0.01243824587286381,2529006.45,0.008620689655172384,0.0034602076124566734
2019-03-27,5.81,5.85,5.78,5.81,856984,0.001722653311446156,-0.020443642145814202,-0.033844177683296436,-0.0068610903799452404,-0.4435913118115369,5.802,5.911,5.865,5.7494,0.0116505155967904,0.01236617397446499,2494613.7,0.012048192771084234,0.0
2019-03-28,5.81,5.83,5.78,5.8,1366727,-0.0017226533114461818,-0.0017226533114461818,-0.03722934176835592,0.020906684819313643,0.594810404861701,5.8,5.889,5.8709999999999996,5.7548,0.0072621979951060026,0.01030917917965849,2373274.85,0.008620689655172384,-0.0017211703958691545
2019-03-29,5.8,5.83,5.78,5.8,1915257,0.0,-0.005159082810027448,-0.0438518825288494,0.010398707220898517,0.4013456966899754,5.794,5.8629999999999995,5.8740000000000006,5.7602,0.00697171626968406,0.010066449111339035,2395096.2,0.008620689655172384,0.0
2019-04-01,5.8,5.83,5.8,5.8,751744,0.0,0.006920442844573757,-0.050430853626891856,-0.0017226533114461818,-0.607497061752026,5.802,5.833,5.8735,5.7664,0.0033259995563319888,0.00968902106355174,2276643.1,0.005172413793103492,0.0
2019-04-02,5.83,5.87,5.8,5.8,1184570,0.0,0.0,-0.03223349457498443,0.0,0.5757624936148477,5.802,5.814,5.8735,5.770999999999999,0.0012180998381570015,0.009681361084495167,2212576.95,0.01206896551724143,-0.00514579759862783
2019-04-03,5.83,5.83,5.72,5.76,1394796,-0.006920442844573795,-0.008643096156019969,-0.029086738301834152,-0.006920442844573795,0.1774703056805423,5.792,5.797,5.8715,5.776,0.00299664151025807,0.009804253102946092,2223390.95,0.01909722222222228,-0.012006861063464885
2019-04-04,5.72,5.8,5.72,5.78,1091143,0.003466207976486329,-0.003454234868087446,-0.00517688817953368,-0.008613317678114836,-0.2177042377523308,5.787999999999999,5.794,5.869,5.781000000000001,0.0037921227299656103,0.00976143816493331,2112860.8,0.013840830449827002,0.010489510489510577
2019-04-05,5.78,5.81,5.76,5.78,767879,0.0,-0.003454234868087446,-0.008613317678114836,-0.003454234868087446,-0.29626180986360173,5.784000000000001,5.789,5.867999999999999,5.7872,0.0037921227299656103,0.009697868907550894,2080414.25,0.008650519031141838,0.0
2019-04-08,5.78,5.91,5.78,5.89,2224599,0.018852314979209195,0.015398080111121662,0.022318522955695443,0.01367542679967549,1.8970697206200455,5.8020000000000005,5.802,5.871999999999999,5.7922,0.009590317157879618,0.010589499598721703,2140034.3,0.02207130730050932,0.01903114186851201
2019-04-09,5.89,5.93,5.83,5.83,1801683,-0.010238997301094312,0.005159082810027423,0.005159082810027423,-0.013628831055605787,-0.19010886905909785,5.808,5.805,5.868,5.7974,0.011344941004917761,0.010115881454257663,2104905.6,0.017152658662092563,-0.01018675721561963
2019-04-10,5.8,5.83,5.78,5.78,868574,-0.008613317678114836,0.003466207976486329,-0.00517688817953368,-0.03902106586283007,-0.5179096433723358,5.812,5.802,5.8565,5.8016000000000005,0.011662415759827197,0.00937550657853089,1874663.8,0.008650519031141838,-0.003448275862068892
2019-04-11,5.85,5.85,5.76,5.8,905666,0.0034542348680873824,0.0034542348680873824,0.0,-0.03722934176835592,0.0427044788354245,5.816000000000001,5.802,5.8454999999999995,5.805999999999999,0.011661705257491136,0.009420305977702709,1803286.1,0.01551724137931032,-0.008547008547008517
2019-04-12,5.78,5.8,5.74,5.78,1051329,-0.003454234868087446,0.0,-0.003454234868087446,-0.04730611739693687,0.16083523064794306,5.816,5.8,5.8315,5.81,0.011814181777413522,0.009209784782968643,1723356.0,0.010380622837370174,0.0
2019-04-16,5.78,5.78,5.7,5.74,1328836,-0.006944472352811046,-0.02579678733202019,-0.010398707220898511,-0.06082956084779044,0.263958285179996,5.786,5.794,5.8134999999999994,5.8142000000000005,0.005431865083284562,0.009012876981780243,1602812.85,0.013937282229965169,-0.006920415224913501
2019-04-17,5.76,5.8,5.72,5.72,688254,-0.0034904049397686022,-0.019048194970694588,-0.01388911216066715,-0.046122606735651495,-0.48206249680171215,5.764,5.786,5.8,5.8176,0.004633966849421403,0.00828153672336073,1495782.75,0.013986013986014,-0.006944444444444451
2019-04-18,5.6,5.74,5.6,5.68,1019057,-0.007017572658646535,-0.017452449951226166,-0.013986241974739952,-0.04307298027657414,0.4806408680516205,5.744,5.7780000000000005,5.7875,5.8191999999999995,0.004260305860783683,0.00815827525812652,1389572.4,0.024647887323943764,0.0142857142857143
2019-04-19,5.7,5.72,5.66,5.66,599302,-0.0035273405179682992,-0.024434025337282023,-0.02097979046919452,-0.026156678648728234,-0.4119053203108364,5.715999999999999,5.766,5.779999999999999,5.82,0.0019120996142281414,0.006949618562429704,1272549.0,0.01060070671378085,-0.007017543859649129
2019-04-22,5.68,5.68,5.57,5.6,1362678,-0.010657294473988093,-0.0316370849431827,-0.0316370849431827,-0.04025040262129748,1.273775158434312,5.68,5.747999999999999,5.7684999999999995,5.8191999999999995,0.0029788410840656085,0.00715475362497025,1249724.3,0.019642857142857042,-0.014084507042253534
2019-04-23,5.62,5.72,5.57,5.66,1651748,0.010657294473988199,-0.01403531811638348,-0.039832105448403696,-0.017513582492708242,0.21213375426916703,5.664,5.725,5.7635,5.8168,0.008087478035173044,0.007276316815836179,1218551.6,0.0265017667844522,0.007117437722419935
2019-04-24,5.68,5.78,5.64,5.76,1062284,0.01751358249270821,0.0069686693160934355,-0.012079525654601238,-0.006920442844573795,-0.35687284016690196,5.672,5.718,5.7615,5.8153999999999995,0.01210224575730847,0.008200531550088895,1194655.5,0.024305555555555657,0.014084507042253534
2019-04-25,5.76,5.81,5.72,5.74,745480,-0.003478264376324697,0.010507977598415165,-0.006944472352811046,-0.012121360532344737,-0.29822909880973447,5.684,5.714,5.758,5.8136,0.011579490039494858,0.008213931305752292,1189080.3,0.015679442508710777,-0.0034722222222221483
2019-04-26,5.74,5.78,5.72,5.76,1123078,0.0034782643763247925,0.01751358249270821,-0.006920442844573795,-0.006920442844573795,0.5065166067500134,5.704,5.71,5.756,5.8136,0.011143753345898894,0.008258925677734206,1176897.85,0.010416666666666753,0.0034843205574912146
2019-05-02,5.78,5.8,5.68,5.68,1134878,-0.013986241974739952,0.014184634991956381,-0.017452449951226166,-0.020906684819313712,0.010506839240017166,5.72,5.7,5.75,5.811599999999999,0.01224616607333071,0.008802339196229043,1137878.9,0.021126760563380302,-0.01730103806228383
2019-05-03,5.7,5.74,5.7,5.74,1115126,0.010507977598415165,0.014035318116383583,0.0,-0.010398707220898511,-0.017404513965377778,5.736,5.7,5.747,5.8102,0.012222486906633108,0.009173783419431631,1156048.0,0.0069686411149825845,0.007017543859649129
2019-05-06,5.74,5.74,5.62,5.62,1381176,-0.021127546425875394,-0.024605810802200076,-0.01763714148610673,-0.031526253646773895,0.23858290453276132,5.708,5.6899999999999995,5.738,5.8066,0.0128014963662337,0.010262585040167995,1165878.3,0.021352313167259804,-0.020905923344947754
2019-05-07,5.74,5.74,5.58,5.64,869471,0.0035524016043677006,-0.017575144821507602,-0.007067167223092443,-0.02105340919783238,-0.37048500697955944,5.688,5.686,5.732,5.8032,0.013372981276563044,0.010242718445515813,1139612.05,0.028368794326241162,-0.01742160278745654
2019-05-08,5.6,5.66,5.57,5.64,1019991,0.0,-0.02105340919783238,-0.0035398267051241737,-0.024519617174318727,0.17311675720064268,5.664,5.683999999999999,5.725,5.800799999999999,0.013003616085061984,0.010191429487088498,1136054.45,0.015957446808510613,0.00714285714285715
2019-05-09,5.62,5.64,5.57,5.57,603773,-0.012489011570774809,-0.019556178793867243,-0.005371543801910765,-0.03700862874509345,-0.4080604632785976,5.642,5.681,5.714499999999999,5.795599999999999,0.012736727921216997,0.010490581053772745,1127849.15,0.012567324955116588,-0.008896797153024879
2019-05-10,5.57,5.62,5.55,5.6,646916,0.005371543801910849,-0.024692612590371636,-0.010657294473988093,-0.05048939992239181,0.0714556629726735,5.614,5.675,5.7,5.789,0.011422309799898087,0.009474231488521395,1048965.0,0.012500000000000051,0.005385996409335612
2019-05-13,5.62,5.66,5.58,5.58,913337,-0.003577821347883855,-0.007142887512380114,-0.0317486983145803,-0.04382822396918141,0.41183244810763686,5.606,5.657,5.6875,5.7828,0.0070718648032887695,0.009304320552531093,1004547.7,0.014336917562724026,-0.007117437722419935
2019-05-14,5.58,5.6,5.53,5.57,1601854,-0.0017937224540268775,-0.012489011570774809,-0.030064156392282375,-0.03700862874509345,0.7538477035311172,5.5920000000000005,5.64,5.677,5.777199999999999,0.006512527479160035,0.009180726858891262,1041211.7,0.012567324955116588,-0.0017921146953404636
2019-05-15,5.57,5.68,5.57,5.64,1290890,0.012489011570774767,0.0,-0.02105340919783238,-0.02797385204240618,-0.19412755469599602,5.5920000000000005,5.628,5.669,5.7764,0.009444873592129137,0.009664988221627866,1060472.9,0.01950354609929068,0.012567324955116588
2019-05-16,5.66,5.66,5.58,5.6,1467241,-0.0071174677688639896,0.005371543801910849,-0.014184634991956413,-0.0316370849431827,0.13661194989503367,5.598,5.62,5.659999999999999,5.7736,0.007837965130502536,0.009740409914632155,1081268.5,0.0142857142857143,-0.010600706713781006
2019-05-17,5.6,5.62,5.58,5.58,852070,-0.003577821347883855,-0.003577821347883855,-0.028270433938255474,-0.028270433938255474,-0.4192705901757107,5.594,5.604,5.651999999999999,5.769,0.007630410339115387,0.009671704839557512,1057430.2,0.007168458781362013,-0.0035714285714284954
2019-05-20,5.6,5.64,5.57,5.6,675438,0.0035778213478839024,0.0035778213478839024,-0.003565066164496257,-0.02120220765060305,-0.20729752250401962,5.598,5.602,5.646,5.765,0.00763041033911539,0.009720834071347115,1056789.4,0.012499999999999893,0.0
2019-05-21,5.62,5.68,5.6,5.62,1385291,0.0035650661644961446,0.008936609966406975,-0.003552401604367772,-0.010619568827460261,1.050952122918758,5.608,5.6,5.642999999999999,5.7614,0.007565918084895733,0.009667359555979985,1075101.1,0.01423487544483987,0.0
2019-05-22,5.62,5.72,5.62,5.66,1274690,0.007092228309491837,0.003539826705124208,0.003539826705124208,0.0,-0.07983954273867368,5.612,5.601999999999999,5.643,5.757999999999999,0.00584729174845705,0.009785045809202584,1108870.5,0.017667844522968136,0.007117437722419935
2019-05-23,5.72,5.74,5.6,5.64,630966,-0.0035398267051241737,0.007117467768863955,0.012489011570774767,0.007117467768863955,-0.505004353999796,5.62,5.609,5.6450000000000005,5.7548,0.004769950575217915,0.009502395372527032,1072284.9,0.024822695035461095,-0.013986013986014
2019-05-24,5.2,5.64,5.2,5.58,891367,-0.010695289116747919,0.0,-0.003577821347883855,-0.014235115821871985,0.4127021107317985,5.619999999999999,5.607,5.641,5.7501999999999995,0.0071191605393772185,0.009483578920082147,1034265.85,0.07885304659498199,0.07307692307692305
2019-05-27,5.57,5.58,5.55,5.55,911886,-0.005390848634876423,-0.008968669982760375,-0.005390848634876423,-0.037139546949456766,0.023019698956770893,5.61,5.604,5.6305,5.743,0.007122198085853552,0.008498691600701705,1026745.95,0.005405405405405451,-0.0035906642728905673
2019-05-28,5.55,5.58,5.53,5.53,941132,-0.003610112224099674,-0.016143848371356278,-0.0072072384049492715,-0.037271394797231655,0.03207199145507224,5.5920000000000005,5.6,5.62,5.7334,0.006465073008372905,0.008500066441306551,1036528.55,0.0090415913200723,-0.003603603603603527
2019-05-29,5.53,5.58,5.49,5.58,1083726,0.009000960858976123,-0.014235115821871985,-0.010695289116747919,-0.0317486983145803,0.1515132840026691,5.576,5.593999999999999,5.611,5.724600000000001,0.007237114990800493,0.008768211980042165,1034560.95,0.01612903225806449,0.0090415913200723
2019-05-30,5.57,5.58,5.55,5.57,725399,-0.0017937224540268775,-0.012489011570774809,-0.005371543801910765,-0.019556178793867243,-0.33064353904953836,5.561999999999999,5.590999999999999,5.6055,5.7148,0.0072374550635820895,0.008270520083757454,1014087.0,0.0053859964093357715,0.0
2019-05-31,5.55,5.57,5.49,5.55,1025615,-0.0035971261808495918,-0.005390848634876423,-0.005390848634876423,-0.03366128257313197,0.4138632669744513,5.556,5.587999999999999,5.596,5.7038,0.00577615708888199,0.007829157309767073,1009611.45,0.014414414414414429,0.0
2019-06-03,5.49,5.55,5.47,5.49,1150302,-0.010869672236903768,-0.010869672236903768,-0.019838342219664216,-0.023403408384160423,0.12157290991258903,5.544,5.577,5.589499999999999,5.6937999999999995,0.007154138370352865,0.006749904705075175,998067.75,0.014571948998178519,0.0
2019-06-04,5.49,5.55,5.47,5.47,870018,-0.003649639087549504,-0.010909199100353732,-0.027053047471709953,-0.030605449076077706,-0.24366122983355676,5.532,5.561999999999999,5.5809999999999995,5.6846000000000005,0.007156143661091286,0.006676410420188969,998095.1,0.014625228519195626,-0.0036429872495447107
2019-06-05,5.47,5.53,5.47,5.53,1056785,0.010909199100353751,-0.009000960858976056,-0.023236076680848074,-0.019696249975724042,0.21467027118979148,5.522,5.5489999999999995,5.5755,5.678999999999999,0.007912546409726684,0.007230646958717554,999934.8,0.01084990958408689,0.0109689213893968
2019-06-06,5.53,5.53,5.43,5.45,912088,-0.014572206859090723,-0.021779445264039982,-0.03426845683481479,-0.021779445264039982,-0.13692189045075392,5.498,5.53,5.5695,5.6714,0.009758329100330997,0.007417676460834142,1015350.55,0.018348623853211107,-0.014466546112115744
2019-06-07,5.45,5.51,5.45,5.49,282088,0.007312646846286557,-0.010869672236903768,-0.01626052087178029,-0.019838342219664216,-0.6907228249905711,5.486,5.521,5.564,5.6659999999999995,0.011098134153466258,0.007518668342537875,997109.15,0.010928961748633809,0.00733944954128441
2019-06-10,5.49,5.53,5.47,5.47,463155,-0.003649639087549504,-0.003649639087549504,-0.014519311324453268,-0.01991015995932975,0.6418812569127365,5.481999999999999,5.513,5.5584999999999996,5.659400000000001,0.01010953015103396,0.007519985395945574,974600.05,0.0109689213893968,-0.0036429872495447107
2019-06-11,5.47,5.49,5.47,5.47,563995,0.0,0.0,-0.010909199100353732,-0.018116437505302885,0.2177240880482776,5.482,5.507,5.5535,5.6526,0.009976904669324592,0.007520660821306325,922707.1,0.0036563071297989877,0.0
2019-06-12,5.47,5.49,5.45,5.45,557708,-0.0036630077587370352,-0.014572206859090723,-0.023573167718066803,-0.03426845683481479,-0.011147261943811559,5.466,5.494,5.544,5.645600000000001,0.007907143374881758,0.006843293178923542,886048.0,0.00733944954128441,-0.0036563071297988255
2019-06-13,5.45,5.49,5.45,5.47,846792,0.00366300775873702,0.00366300775873702,-0.018116437505302885,-0.023487981307213742,0.5183429321437024,5.47,5.484,5.5375,5.638999999999999,0.004768290990514724,0.006819762076875729,855025.55,0.007312614259597813,0.0036697247706421235
2019-06-14,5.47,5.55,5.47,5.49,1047441,0.0036496390875495523,0.0,-0.010869672236903768,-0.01626052087178029,0.23695193152509708,5.470000000000001,5.478,5.533,5.6328,0.0036563295331477523,0.0068769524964645565,864794.1,0.014571948998178519,0.0036563071297989877
2019-06-17,5.49,5.53,5.47,5.49,896432,0.0,0.0036496390875495523,0.0,-0.019838342219664216,-0.1441694567999534,5.474,5.478,5.5275,5.626600000000001,0.0030615006147570356,0.006802857245639522,875843.8,0.01092896174863397,0.0
2019-06-18,5.49,5.55,5.49,5.53,769216,0.007259560012804102,0.010909199100353751,0.010909199100353751,-0.016143848371356278,-0.14191372017063203,5.486,5.484,5.523000000000001,5.621999999999999,0.004154942951707575,0.006980939392743795,845040.05,0.010849909584086728,0.007285974499089259
2019-06-19,5.53,5.57,5.51,5.53,506197,0.0,0.014572206859090725,0.0,-0.023236076680848074,-0.34193126508028954,5.502000000000001,5.484,5.5165,5.617000000000001,0.003040101163638128,0.00673432881796138,806615.4,0.01084990958408689,0.0
2019-06-20,5.53,5.66,5.51,5.66,1436398,0.023236076680848008,0.03414527578120172,0.03780828353993881,0.003539826705124208,1.837626457683471,5.540000000000001,5.505,5.5175,5.614599999999999,0.009653449706351862,0.008631114579110102,846887.0,0.02650176678445236,0.023508137432188044
2019-06-21,5.66,5.74,5.62,5.64,826692,-0.0035398267051241737,0.02695580998852808,0.02695580998852808,0.01069528911674795,-0.4244687057486852,5.57,5.52,5.5205,5.6096,0.010721750157653122,0.008298620242574476,843653.25,0.02127659574468087,-0.003533568904593721
2019-06-24,5.64,5.68,5.62,5.64,1421227,0.0,0.02695580998852808,0.03060544907607777,0.016086137751624444,0.7191735253274496,5.6,5.537,5.525,5.6058,0.010721750157653122,0.008182763915859169,869120.3,0.010638297872340358,0.0
2019-06-25,5.64,5.66,5.55,5.58,1331315,-0.010695289116747919,0.009000960858976123,0.019910159959329873,0.009000960858976123,-0.06326364472389,5.61,5.548,5.5275,5.6018,0.012753738497342867,0.008529942636754901,888629.45,0.019713261648745577,-0.010638297872340358
2019-06-26,5.55,5.58,5.55,5.55,389568,-0.005390848634876423,0.003610112224099572,0.01818231908319033,-0.005390848634876423,-0.7073810480615031,5.614,5.558000000000001,5.526,5.596800000000001,0.013165195677062834,0.008376283126619801,853921.55,0.005405405405405451,0.0
2019-06-27,5.55,5.57,5.47,5.47,873525,-0.014519311324453268,-0.034145275781201745,0.0,-0.018116437505302885,1.2422914613109906,5.576,5.558,5.520999999999999,5.590599999999999,0.0057795168720840544,0.008961073771065147,861327.85,0.018281535648994613,-0.014414414414414429
2019-06-28,5.47,5.53,5.45,5.53,670700,0.010909199100353751,-0.019696249975724042,0.007259560012804102,-0.003610112224099674,-0.23219140837411636,5.554,5.562,5.52,5.5864,0.009945891513852475,0.009311978555121515,843582.1,0.014466546112115744,0.0109689213893968
2019-07-01,5.62,5.62,5.55,5.58,640739,0.009000960858976123,-0.010695289116747919,0.016260520871780326,0.016260520871780326,-0.04467123900402564,5.542,5.571,5.524500000000001,5.583600000000001,0.011526176069811562,0.00917044706486224,818103.95,0.012544802867383563,-0.007117437722419935
2019-07-02,5.58,5.58,5.53,5.53,388434,-0.009000960858976056,-0.009000960858976056,0.0,0.010909199100353751,-0.3937718790334286,5.532,5.571,5.5275,5.5806000000000004,0.011232913789889745,0.009383109165537104,794024.75,0.0090415913200723,-0.008960573476702477
2019-07-03,5.55,5.57,5.49,5.51,643573,-0.0036231923694203952,-0.007233304593520061,-0.0036231923694203952,-0.0036231923694203952,0.6568400294515928,5.523999999999999,5.569,5.5265,5.5776,0.0111188916151127,0.009096624786651353,773364.15,0.014519056261343026,-0.007207207207207214
2019-07-04,5.53,5.6,5.53,5.58,925764,0.012624153228396407,0.019910159959329873,-0.014235115821871985,0.02357316771806681,0.43847551093659926,5.546,5.561,5.5329999999999995,5.5772,0.009672888549180072,0.008861848339926377,774047.95,0.012544802867383404,0.0090415913200723
2019-07-05,5.6,5.62,5.57,5.58,799873,0.0,0.009000960858976123,-0.010695289116747919,0.016260520871780326,-0.13598606124239007,5.556,5.555000000000001,5.5375,5.5756,0.008920873011826431,0.008745538546689129,799937.2,0.008960573476702477,-0.0035714285714284954
2019-07-08,5.58,5.62,5.53,5.55,428679,-0.005390848634876423,-0.005390848634876423,-0.01608613775162438,0.014519311324453369,-0.4640661705045676,5.55,5.546,5.541500000000001,5.5714,0.008318098690025193,0.008800794029308475,798213.4,0.016216216216216193,-0.00537634408602155
2019-07-09,5.55,5.7,5.55,5.7,2778824,0.02666824708216149,0.030278359306261073,0.02127739844728488,0.041187558406614644,5.482295610468439,5.584,5.558000000000001,5.553,5.5706,0.013503681078352417,0.01053450648185097,908954.85,0.02631578947368427,0.02702702702702709
2019-07-10,5.7,5.74,5.66,5.66,1121395,-0.007042282625412923,0.02685926905026848,0.019625964456748444,0.03780828353993881,-0.596449793149908,5.614,5.569,5.5635,5.5686,0.014185693267925306,0.010657501093017614,937139.2,0.01413427561837457,-0.007017543859649129
2019-07-11,5.66,5.81,5.66,5.78,2082872,0.020979790469194466,0.03521490629106665,0.05512506625039634,0.05512506625039634,0.857393692677424,5.654,5.6,5.579000000000001,5.5706,0.015668312601626405,0.011480722773077138,998943.2,0.025951557093425514,0.021201413427561856
2019-07-12,5.8,5.81,5.74,5.76,888185,-0.003466207976486284,0.03174869831458027,0.04074965917355629,0.04800921918636045,-0.5735767728405778,5.69,5.622999999999999,5.592499999999999,5.571000000000001,0.0161277759854627,0.011561556157394175,990980.4,0.012152777777777674,-0.006896551724137937
2019-07-15,5.76,5.78,5.72,5.74,933272,-0.003478264376324697,0.033661282573132,0.028270433938255526,0.044530954810035765,0.050763073008438554,5.728,5.639,5.6049999999999995,5.5733999999999995,0.01579902913992604,0.011625548809755495,992822.4,0.010452961672473953,-0.0034722222222221483
2019-07-16,5.74,5.81,5.74,5.78,1196262,0.006944472352810995,0.013937507843781678,0.044215867150042595,0.044215867150042595,0.28179351785974505,5.744000000000001,5.664,5.6175,5.5762,0.011437145019575733,0.011618580748400052,1014174.7,0.012110726643598512,0.0069686411149825845
2019-07-17,5.78,5.91,5.78,5.87,2508774,0.015450951155718885,0.036430741624913554,0.06329001067518207,0.05966681830576172,1.0971777085621712,5.786,5.7,5.6345,5.5808,0.011020235135267053,0.011972148666595092,1114303.55,0.02214650766609879,0.015570934256055338
2019-07-18,5.81,5.89,5.78,5.89,1601573,0.0034013638234902605,0.018852314979209195,0.05406722127027579,0.03983210544840362,-0.36161128902005524,5.808,5.731,5.646,5.5872,0.007930287329723923,0.010987181947163747,1122562.3,0.018675721561969345,0.013769363166953541
2019-07-19,6.12,6.12,5.89,5.97,2877999,0.013490929741015288,0.03580945269671078,0.06755815101129109,0.056862861894543246,0.7969827163669717,5.85,5.77,5.6625,5.594600000000001,0.007683862824064196,0.011193937658903594,1225127.65,0.0385259631490788,-0.024509803921568686
2019-07-22,6.56,6.56,5.87,5.93,1903199,-0.006722714394876589,0.03256500267815888,0.06622628525129091,0.05014014749966649,-0.338707553407767,5.888,5.808,5.6770000000000005,5.6015999999999995,0.008854815892517316,0.011383143096446885,1249226.25,0.11635750421585152,-0.09603658536585365
2019-07-23,5.93,5.95,5.87,5.89,1951764,-0.006768215346138739,0.018852314979209195,0.032789822822990755,0.05406722127027579,0.025517562798215005,5.909999999999999,5.827,5.692500000000001,5.6080000000000005,0.010632826817748143,0.011175398301580482,1280248.7,0.013582342954159604,-0.006745362563237781
2019-07-24,5.89,5.95,5.8,5.87,3961188,-0.0034013638234901785,0.0,0.036430741624913554,0.05605670608166201,1.029542506163655,5.91,5.848000000000001,5.7085,5.612600000000001,0.008604466351890968,0.011108210689192086,1458829.7,0.02555366269165253,-0.003395585738539826
2019-07-25,5.92,5.99,5.89,5.89,2097782,0.0034013638234902605,0.0,0.018852314979209195,0.07397738122960551,-0.4704159459232937,5.91,5.859,5.7295,5.6184,0.008604466351890968,0.010333131415816817,1520042.55,0.01697792869269958,-0.0050675675675676095
2019-07-26,5.92,5.92,5.79,5.82,1052101,-0.011955735920148772,-0.025446665661164148,0.010362787035546658,0.05111244620910311,-0.4984698124018606,5.88,5.865,5.744000000000001,5.623200000000001,0.005647460541349691,0.010749873995494192,1539112.6,0.02233676975945015,-0.01689189189189183
2019-07-29,5.77,5.82,5.69,5.72,1258626,-0.017331456351639976,-0.0360554076179276,-0.0034904049397686022,0.024780028998486865,0.19629769385258639,5.837999999999999,5.8629999999999995,5.751,5.6255999999999995,0.007941470387361538,0.01150496397752922,1570006.95,0.02272727272727271,-0.008665511265164615
2019-07-30,5.67,5.79,5.67,5.69,1100105,-0.005258557253466827,-0.03454574952525566,-0.015693434546046565,0.028522432603996117,-0.1259476603852137,5.798,5.854,5.759,5.626999999999999,0.007991060860678684,0.011359162515783509,1605590.5,0.021089630931458717,0.0035273368606702753
2019-07-31,5.74,5.74,5.64,5.67,893714,-0.0035211303985789363,-0.03466551610034441,-0.03466551610034441,0.028624494574837515,-0.1876102735647961,5.758,5.8340000000000005,5.767,5.6272,0.007978086532684775,0.011356797403634626,1618097.55,0.017636684303351063,-0.012195121951219561
2019-08-01,5.64,5.72,5.57,5.59,1903052,-0.014209830572652911,-0.052276710496487466,-0.052276710496487466,0.0017905107737882938,1.1293747216671106,5.6979999999999995,5.804,5.7675,5.6262,0.005888934054005681,0.011548337602598012,1666961.95,0.02683363148479418,-0.008865248226950324
2019-08-02,5.59,5.62,5.47,5.54,1774559,-0.008984786407815297,-0.04930576098415407,-0.07475242664531817,-0.007194275634027085,-0.06751943719877333,5.642,5.761,5.7655,5.6254,0.0058494491491260575,0.011725403661391076,1715696.25,0.027075812274368297,-0.008944543828264727
2019-08-05,5.54,5.54,5.42,5.47,2538864,-0.012715884325302674,-0.04469018895781674,-0.08074559657574422,-0.014519311324453268,0.43070137425692806,5.5920000000000005,5.715,5.7615,5.6238,0.004608350348192806,0.01200196596752542,1821205.5,0.02193784277879344,-0.012635379061371892
2019-08-06,5.1,5.45,5.1,5.4,1820835,-0.012879662863661026,-0.05231129456801081,-0.08685704409326653,-0.0540672212702757,-0.2828150700470762,5.534,5.666,5.7465,5.6212,0.004339618438329758,0.010402338216265196,1773306.05,0.06481481481481491,0.05882352941176485
2019-08-07,5.42,5.47,5.37,5.37,1031673,-0.005571045049455472,-0.05436120921888738,-0.08902672531923171,-0.05259598369431828,-0.43340665134402623,5.474,5.6160000000000005,5.731999999999999,5.616999999999999,0.0035437773190743443,0.010375206557407408,1768819.95,0.01862197392923643,-0.009225092250922476
2019-08-08,5.12,5.47,4.97,5.47,1066927,0.01845070791311639,-0.021700670733117985,-0.07397738122960551,-0.05512506625039631,0.03417168036771341,5.45,5.574,5.7165,5.615,0.013091859682975387,0.010083620261580755,1718022.7,0.09140767824497258,0.06835937499999993
2019-08-09,5.32,5.54,5.32,5.45,726110,-0.0036630077587370352,-0.016378892084039743,-0.06568465306819374,-0.05532186603264714,-0.3194379746693073,5.432,5.537000000000001,5.701,5.613,0.012833633543882731,0.010084445514878762,1709918.95,0.040366972477064174,0.024436090225563888
2019-08-12,5.47,5.47,5.42,5.47,578401,0.00366300775873702,0.0,-0.04469018895781674,-0.04818059389758527,-0.20342510088003196,5.432,5.5120000000000005,5.6875,5.6126,0.011876301324496005,0.010183839235532035,1692175.4,0.009140767824497225,0.0
2019-08-13,5.45,5.47,5.37,5.45,574727,-0.0036630077587370352,0.009216655104924048,-0.04309463946308688,-0.05878807400913338,-0.006351994550493516,5.442,5.4879999999999995,5.671,5.6122000000000005,0.009933890183297746,0.009944476326189484,1661098.65,0.018348623853210944,0.0
2019-08-14,5.47,5.52,5.4,5.4,906910,-0.009216655104923952,0.0055710450494554295,-0.048790164169431945,-0.08345568026977633,0.5779839819601307,5.448,5.461,5.6475,5.6096,0.01071705326513948,0.009031330764470167,1581005.45,0.022222222222222077,-0.01279707495429605
2019-08-15,5.4,5.4,5.3,5.4,1470311,0.0,-0.012879662863661026,-0.03458033359677898,-0.08685704409326653,0.6212314342106714,5.434,5.442,5.623,5.6086,0.004796417041618405,0.008912438733359555,1574442.35,0.018518518518518615,0.0
2019-08-16,5.45,5.5,5.35,5.45,1536110,0.009216655104924048,0.0,-0.016378892084039743,-0.09113131872935798,0.04475175660115445,5.433999999999999,5.433000000000001,5.5969999999999995,5.607800000000001,0.007013000683148735,0.0085041869197391,1507347.9,0.027522935779816578,0.0
2019-08-19,5.47,5.54,5.45,5.47,1209980,0.00366300775873702,0.0,0.0,-0.08074559657574422,-0.21230901432840096,5.434,5.433000000000001,5.574,5.6078,0.007013000683148735,0.00868022173954525,1472686.95,0.01645338208409504,0.0
2019-08-20,5.5,5.54,5.5,5.52,1318890,0.009099243855114089,0.012762251613851071,0.021978906718775167,-0.06487813737449144,0.09000975222730954,5.448,5.444999999999999,5.5555,5.6088,0.007640882049387246,0.009130919628926532,1441043.25,0.00724637681159421,0.0036363636363635587
2019-08-21,5.52,5.57,5.5,5.54,2791144,0.003616640470188515,0.025595547188963723,0.031166592238419034,-0.057860133080812684,1.1162826316068815,5.476000000000001,5.462,5.539,5.6106,0.003975370328932706,0.00925850922981255,1382541.05,0.012635379061371892,0.003623188405797185
2019-08-22,5.59,5.67,5.57,5.64,1653260,0.017889564750775123,0.043485111939738676,0.03060544907607777,-0.04337193215352776,-0.40767656559460924,5.523999999999999,5.479,5.5265,5.614,0.005832799908255484,0.010286630685133684,1360314.95,0.017730496453900648,0.008944543828264727
2019-08-23,5.64,5.67,5.57,5.62,815330,-0.003552401604367772,0.03071605523044695,0.03071605523044695,-0.03496859783774674,-0.5068349805838163,5.558,5.496,5.5165,5.6166,0.00795699106466951,0.01003435326938185,1348476.4,0.017793594306049758,-0.0035460992907800663
2019-08-26,5.59,5.59,5.5,5.59,1015427,-0.005352376738591954,0.021700670733118047,0.021700670733118047,-0.02298951822469872,0.24541841953564814,5.582,5.508,5.51,5.6186,0.009526233855185204,0.009392212527212061,1336316.45,0.01610017889087654,0.0
2019-08-27,5.57,5.62,5.54,5.59,1016097,0.0,0.012601426878003795,0.025363678491854977,-0.01773096097123186,0.0006598209423227864,5.596,5.522,5.505,5.619800000000001,0.009255065063263741,0.009344611707018778,1332116.05,0.014311270125223626,0.003590664272890408
2019-08-28,5.57,5.59,5.52,5.52,513225,-0.012601426878003932,-0.0036166404701885504,0.021978906718775167,-0.026811257450656815,-0.49490550606881034,5.592,5.534,5.4975000000000005,5.619599999999999,0.011374136918754203,0.00969342795203853,1313091.6,0.012681159420289908,-0.008976660682226339
2019-08-29,5.54,5.57,5.47,5.5,636900,-0.0036297680505786127,-0.025135973271542274,0.0183491386681964,-0.016231194928582552,0.24097618003799504,5.564,5.544,5.493,5.6164,0.004660344378682713,0.009231849580399038,1249784.0,0.018181818181818278,-0.007220216606498201
2019-08-30,5.54,5.59,5.5,5.52,544010,0.003629768050578731,-0.01795380361659582,0.012762251613851071,-0.0036166404701885504,-0.1458470717538075,5.544,5.551,5.492,5.614,0.006109961445353928,0.009073620806201886,1188256.55,0.016304347826086932,-0.003610108303249181
2019-09-03,5.52,5.57,5.45,5.5,484897,-0.0036297680505786127,-0.016231194928582552,0.005469475804535476,0.005469475804535476,-0.10866160548519328,5.526,5.554,5.4935,5.6112,0.006033889083807316,0.008629572911985758,1085558.2,0.021818181818181837,-0.0036231884057970243
2019-09-04,5.5,5.5,5.42,5.47,365320,-0.005469475804535433,-0.021700670733117985,-0.009099243855114033,0.01287966286366102,-0.2466028867986397,5.502,5.549,5.497,5.609,0.00578906190992209,0.008182625903390348,1012782.45,0.014625228519195626,-0.0054545454545455
2019-09-05,5.5,5.5,5.45,5.47,625327,0.0,-0.009099243855114033,-0.012715884325302674,0.01845070791311639,0.7117239680280302,5.492,5.542,5.502,5.6074,0.003635985634337591,0.00805372838970648,992465.15,0.009140767824497225,-0.0054545454545455
2019-09-06,5.47,5.5,5.4,5.45,516662,-0.0036630077587370352,-0.009132483563272474,-0.03426845683481479,-0.0036630077587370352,-0.1737730819235376,5.482,5.523000000000001,5.5009999999999994,5.607,0.00364015014842388,0.0069650549992398315,964951.9,0.018348623853210944,-0.0036563071297988255
2019-09-09,5.42,5.47,5.4,5.45,369511,0.0,-0.01276225161385118,-0.030716055230446956,0.0,-0.28481095958286073,5.468,5.505999999999999,5.501,5.6053999999999995,0.002446067980807076,0.006916726816233772,947121.95,0.012844036697247594,0.005535055350553551
2019-09-10,5.45,5.45,5.37,5.4,821441,-0.009216655104923952,-0.01834913866819643,-0.03458033359677898,-0.012879662863661026,1.2230488402239716,5.448,5.487,5.4975000000000005,5.601800000000001,0.0039032468781498597,0.007153269060794274,959273.95,0.014814814814814828,-0.009174311926605472
2019-09-11,5.4,5.42,5.37,5.42,429890,0.0036968618813259814,-0.00918280098233498,-0.030883471715452925,-0.005519793223597922,-0.4766635704816292,5.438000000000001,5.47,5.496,5.599599999999999,0.0048776628152490936,0.007179048275538605,952032.1,0.009225092250922476,0.0037037037037036245
2019-09-12,5.45,5.52,5.42,5.52,622048,0.018282044837449073,0.009099243855114089,0.0,0.021978906718775167,0.4469934169206076,5.4479999999999995,5.470000000000001,5.502,5.5998,0.010364664256800866,0.0079666811740724,937789.0,0.018115942028985445,0.012844036697247594
2019-09-13,5.54,5.62,5.5,5.62,1325067,0.017953803616595845,0.03071605523044695,0.02158357166717439,0.03993271033537101,1.1301684114409178,5.482,5.482,5.513,5.600599999999999,0.011900530839531248,0.008803868118920529,930526.8,0.021352313167259804,0.014440433212996403
2019-09-16,5.62,5.64,5.54,5.57,1238267,-0.008936609966406968,0.021779445264039948,0.00901719365018886,0.021779445264039948,-0.06550612157724854,5.506,5.487,5.519,5.6004000000000005,0.0136031236975587,0.008954810249704638,915634.65,0.01795332136445236,-0.008896797153024879
2019-09-17,5.57,5.57,5.5,5.54,1189898,-0.0054005531800002775,0.025595547188963723,0.007246408520767253,0.012715884325302714,-0.03906185015025031,5.534,5.491,5.5225,5.6002,0.012730294386546923,0.009046560208334132,914630.55,0.012635379061371892,-0.0053859964093357715
2019-09-18,5.54,5.62,5.52,5.57,1542208,0.005400553180000289,0.02729923848763777,0.018116437505303003,0.00901719365018886,0.2960842021753125,5.564,5.5009999999999994,5.525,5.5976,0.012705485924714852,0.008901075372687245,925796.45,0.017953321364452518,0.005415162454873691
2019-09-19,5.57,5.77,5.54,5.74,3421555,0.030064156392282354,0.03908135004247128,0.04818059389758526,0.03546470957228268,1.218607995808607,5.6080000000000005,5.5280000000000005,5.535,5.5992,0.016270503423727982,0.011091260979323617,957317.0,0.040069686411149746,0.030520646319569106
2019-09-20,5.84,6.32,5.74,5.77,2535289,0.00521287018853299,0.02634041661440835,0.05705647184485528,0.02278801501004056,-0.2590243325037885,5.638,5.56,5.5415,5.599000000000001,0.01525171263079736,0.010466400931189323,1001418.45,0.1005199306759099,-0.011986301369863063
2019-09-23,5.77,5.87,5.74,5.79,2878182,0.0034602110648956526,0.0387372376457111,0.06051668290975107,0.029800627679304127,0.13524809203211152,5.682,5.593999999999999,5.55,5.599599999999999,0.013240258768352107,0.01041830306151881,1104561.05,0.022452504317789272,0.0034662045060659384
2019-09-24,5.79,5.82,5.74,5.77,1324749,-0.003460211064895731,0.04067757976081568,0.06627312694977941,0.03169279335300039,-0.53972716110378,5.728,5.631,5.558999999999999,5.6002,0.012778952539428564,0.010361332651006423,1120027.15,0.013864818024263445,-0.0034542314335061245
2019-09-25,5.74,5.77,5.69,5.72,1522720,-0.008703275128301588,0.026573751452513866,0.05387298994015161,0.02298951822469878,0.1494403845558668,5.758,5.661,5.5655,5.599,0.014912140868402163,0.01061114069433866,1145358.3,0.013986013986013844,-0.0034843205574913694
2019-09-26,5.72,5.79,5.69,5.79,2320597,0.012163486193197402,0.008673081253428864,0.047754431295900034,0.047754431295900034,0.5239814279709992,5.767999999999999,5.688,5.579,5.5974,0.008058738478742361,0.010364123033626545,1235726.9,0.017271157167530162,0.012237762237762288
2019-09-27,6.22,6.22,5.77,5.77,2163685,-0.003460211064895731,0.0,0.02634041661440835,0.047923988281582945,-0.06761708301786135,5.767999999999999,5.703,5.592499999999999,5.595,0.00805631082090148,0.010359009747833603,1312066.15,0.07798960138648184,-0.07234726688102897
2019-09-30,5.79,5.87,5.77,5.82,2304040,0.008628181223338409,0.005167970158442598,0.043905207804153856,0.052922401454342745,0.06486849980473128,5.773999999999999,5.728,5.6075,5.592,0.008898699956585364,0.01045023111085719,1400067.65,0.01718213058419253,0.00518134715025911
2019-10-01,5.82,5.89,5.79,5.89,1846967,0.011955735920148841,0.02058391714348719,0.06126149690430291,0.06850790542507001,-0.1983789343935001,5.798,5.763,5.627,5.5912,0.009595781085531295,0.010538341160597613,1468171.15,0.016977928692699432,0.012027491408934603
2019-10-02,5.84,5.92,5.84,5.87,2160049,-0.0034013638234901785,0.025885828448298575,0.0524595799008124,0.07057601740611534,0.16951142061552804,5.828,5.793,5.647,5.590799999999999,0.007982209007687585,0.010456295277940722,1557907.6,0.013628620102214663,0.005136986301369906
2019-10-03,5.84,5.87,5.79,5.87,1856827,0.0,0.01372234225510118,0.022395423508529955,0.07057601740611534,-0.14037737106889706,5.844,5.805999999999999,5.667,5.590799999999999,0.007128585653817555,0.010456295277940722,1619482.6,0.013628620102214663,0.005136986301369906
2019-10-04,5.87,5.92,5.84,5.87,1582366,0.0,0.017182553319996963,0.017182553319996963,0.07423902516485227,-0.14781183168922038,5.864,5.816000000000001,5.688,5.5904,0.00651740709093629,0.01035528736235921,1672767.8,0.013628620102214663,0.0
2019-10-07,5.87,5.87,5.77,5.77,1931392,-0.017182553319997015,-0.008628181223338343,-0.003460211064895731,0.05705647184485528,0.22057223170871973,5.854000000000001,5.814,5.704,5.5893999999999995,0.010426647754696518,0.011344943884903256,1750861.85,0.017331022530329383,-0.017035775127768403
2019-10-08,5.77,5.82,5.74,5.79,1159716,0.0034602110648956526,-0.0171237060785914,0.0034602110648956526,0.06973333801467514,-0.3995439558618861,5.8340000000000005,5.816,5.7235,5.590800000000001,0.008064400366653365,0.010983501359111959,1767775.6,0.013816925734024191,0.0034662045060659384
2019-10-09,5.82,5.89,5.79,5.89,1715656,0.01712370607859138,0.0034013638234902605,0.02928719227178888,0.08316018221194053,0.4793759851549862,5.837999999999999,5.833,5.747,5.5948,0.012228252674669069,0.011399490728145306,1832063.9,0.016977928692699432,0.012027491408934603
2019-10-10,5.89,6.04,5.89,5.97,4857384,0.013490929741015288,0.016892293564505653,0.030614635819606734,0.0783690671155068,1.8312109187389547,5.858,5.851,5.7695,5.6008000000000004,0.013466344882495769,0.011134315547340633,2043830.7,0.025125628140703578,0.013582342954159604
2019-10-11,5.97,6.02,5.94,5.97,1525076,0.0,0.016892293564505653,0.034074846884502456,0.06041526349891098,-0.6860293524250913,5.878,5.8709999999999996,5.787,5.6084,0.013466344882495769,0.010656682948888739,2053831.15,0.013400335008375073,0.0
2019-10-14,5.97,6.09,5.97,6.09,3538655,0.01990115431729502,0.05397600120179744,0.04534781997845904,0.08925302778261288,1.3203138728824007,5.941999999999999,5.898,5.813,5.619400000000001,0.008668531562065896,0.010901764555922606,2168850.55,0.019704433497536963,0.02010050251256283
2019-10-15,6.09,6.12,6.04,6.07,2327203,-0.003289476650398646,0.04722631348650304,0.03010260740791162,0.09136410431221448,-0.3423481520521215,5.997999999999999,5.9159999999999995,5.839499999999999,5.6314,0.010440763356098724,0.010811082984812823,2225715.8,0.013179571663920933,-0.003284072249589421
2019-10-16,6.09,6.12,6.07,6.07,2073772,0.0,0.03010260740791162,0.03350397123140184,0.08596355113221414,-0.10889939554048357,6.034000000000001,5.936,5.8645,5.6448,0.010095152184592712,0.010856548321807992,2252294.0,0.008237232289950547,-0.003284072249589421
2019-10-17,6.04,6.07,5.99,6.07,1915729,0.0,0.016611677666896175,0.03350397123140184,0.05589939473993192,-0.07621040307227603,6.054,5.956,5.881,5.6588,0.009376660290483705,0.009028679969321678,2177002.7,0.013179571663920933,0.004966887417218584
2019-10-18,6.09,6.09,5.97,5.99,1865732,-0.01326719294404891,0.00334448472284735,0.020236778287352916,0.03741933160734991,-0.026098158977600695,6.058,5.968,5.892,5.6692,0.012048422021126435,0.009689645500304354,2143524.85,0.020033388981636077,-0.016420361247947397
2019-10-21,5.97,6.02,5.82,5.82,2742188,-0.028791150384011522,-0.045347819978459145,0.008628181223338409,0.005167970158442598,0.46976521815566225,6.0040000000000004,5.973000000000001,5.8934999999999995,5.6766,0.012293132740712991,0.011853330803151922,2136725.15,0.03436426116838476,-0.02512562814070343
2019-10-22,5.82,5.84,5.79,5.84,1660272,0.0034305350967892222,-0.038627808231271224,0.00859850525523177,0.012058716320127614,-0.39454479415707455,5.958,5.978,5.897,5.684000000000001,0.013400520571505025,0.011839692042803779,2153501.3,0.008561643835616408,0.0034364261168384146
2019-10-23,5.84,5.89,5.84,5.84,983685,0.0,-0.038627808231271224,-0.008525200823359617,0.020761991448429225,-0.4075157564543641,5.912000000000001,5.973000000000001,5.9030000000000005,5.6918,0.013400520571505025,0.01163786575039588,2126549.55,0.008561643835616408,0.0
2019-10-24,5.87,5.87,5.82,5.87,921275,0.005123836999869466,-0.03350397123140181,-0.016892293564505525,0.01372234225510118,-0.06344510691938984,5.872,5.963,5.907,5.7012,0.014304438192795291,0.01138743456873354,2056583.45,0.008517887563884127,0.0
2019-10-25,5.87,5.87,5.82,5.87,1105479,0.0,-0.020236778287352934,-0.016892293564505525,0.017182553319996963,0.19994464193644676,5.848,5.953,5.912,5.7106,0.014009346683518166,0.011347338480875307,2003673.15,0.008517887563884127,0.0
2019-10-28,5.87,5.94,5.87,5.89,1090296,0.0034013638234902605,0.011955735920148841,-0.033392084058310394,0.011955735920148841,-0.013734317883921812,5.862,5.933,5.9155,5.719399999999999,0.0022914857752566833,0.011218449353135844,1942985.95,0.011884550084889693,0.00340715502555359
2019-10-29,5.92,5.94,5.87,5.89,1702377,0.0,0.008525200823359627,-0.030102607407911607,0.0,0.5613897510400845,5.872,5.915,5.9155,5.727799999999999,0.002412839180574281,0.0108952569872976,1935756.45,0.011884550084889693,-0.0050675675675676095
2019-10-30,5.92,6.07,5.87,6.04,7431303,0.025148014283228368,0.03367321510658802,-0.004954593124683341,0.028549378106718412,3.3652510577856725,5.912000000000001,5.912,5.924,5.738200000000001,0.010529346142181956,0.012216308919209464,2199319.15,0.033112582781456984,0.02027027027027029
2019-10-31,6.04,6.07,5.59,5.99,1293107,-0.008312599819365586,0.020236778287352916,-0.01326719294404891,0.020236778287352916,-0.8259918886364881,5.936,5.904,5.93,5.7472,0.01256170544667231,0.012407345392484965,2171133.15,0.08013355592654431,-0.00827814569536421
2019-11-01,5.89,6.04,5.89,6.02,1907428,0.00499584719337167,0.0252326254807245,0.00499584719337167,0.0252326254807245,0.4750736017978404,5.965999999999999,5.907,5.9375,5.7548,0.012356300270060004,0.012436158557333208,2187386.25,0.024916943521594744,0.02207130730050932
2019-11-04,6.02,6.14,6.02,6.12,3939389,0.016474837203505042,0.03830609886073941,0.0502618347808883,0.058890016004226664,1.065288440769455,6.012,5.936999999999999,5.955,5.7648,0.013270543001532941,0.012081119340939838,2287786.1,0.01960784313725492,0.01661129568106321
2019-11-05,6.14,6.19,6.12,6.12,3578931,0.0,0.03830609886073941,0.04683129968409899,0.05542980493933082,-0.09150099165124338,6.058000000000001,5.965,5.971500000000001,5.775399999999999,0.013270543001532941,0.012098109728220584,2408746.85,0.011437908496732072,-0.003257328990227944
2019-11-06,6.17,6.17,6.09,6.12,2507149,0.0,0.0131580845775112,0.04683129968409899,0.03830609886073941,-0.2994698696342567,6.074,5.993,5.983,5.7860000000000005,0.009094655406729874,0.011625640705249287,2448321.5,0.013071895424836612,-0.008103727714748757
2019-11-07,6.12,6.14,6.09,6.12,2102499,0.0,0.02147068439687665,0.041707462684229556,0.024815169119723993,-0.16139846494963003,6.1,6.018,5.9905,5.798000000000001,0.007144590477547633,0.011305629614537025,2310577.25,0.008169934640522847,0.0
2019-11-08,6.19,6.24,6.12,6.17,3921492,0.008136741393061704,0.02461157859656688,0.049844204077291406,0.032951910512785725,0.8651576053068277,6.130000000000001,6.048,6.000500000000001,5.8114,0.007356644295746567,0.011404599094774953,2430398.05,0.0194489465153971,-0.0032310177705978126
2019-11-11,6.17,6.19,6.14,6.14,1719955,-0.004874095758245407,0.0032626456348163694,0.04156874449555582,0.008176660437245319,-0.56140290481276,6.134,6.073,6.003,5.8238,0.004686000390803253,0.010637278360768198,2339463.05,0.008143322475570149,-0.004862236628849311
2019-11-12,6.14,6.14,6.09,6.14,1574994,0.0,0.0032626456348163694,0.04156874449555582,0.011466137087644006,-0.08428185621135437,6.138,6.098000000000001,6.006500000000001,5.8366,0.004686000390803253,0.010602459359038084,2301852.6,0.008143322475570003,0.0
2019-11-13,6.14,6.29,6.14,6.22,3575361,0.012945164592036986,0.016207810226853303,0.029365894804364537,0.024411301679681204,1.270079124110949,6.1579999999999995,6.1160000000000005,6.014,5.8515999999999995,0.007158946043292624,0.01095489811996339,2376932.05,0.024115755627009704,0.013029315960912065
2019-11-14,6.22,6.24,6.09,6.09,2291325,-0.021121825029282434,-0.004914014802429152,0.01655666959444761,0.0032894766503987053,-0.3591346440261557,6.151999999999999,6.1259999999999994,6.015000000000001,5.864,0.01321781601234638,0.012042844798069795,2395711.85,0.024630541871921242,-0.020900321543408342
2019-11-15,6.07,6.12,6.07,6.07,1652242,-0.003289476650398646,-0.016340232845889514,0.008271345750677334,0.01326719294404886,-0.27891416538465735,6.132,6.130999999999999,6.019,5.8764,0.012195138407220281,0.011657648192444709,2385037.35,0.008237232289950547,0.0
2019-11-18,6.07,6.09,5.97,5.99,2764302,-0.01326719294404891,-0.02473333003169301,-0.021470684396876768,0.028791150384011425,0.6730612101617075,6.101999999999999,6.118,6.027500000000001,5.8872,0.013021139746959171,0.009990935201435099,2386143.05,0.020033388981636077,-0.013179571663920933
2019-11-19,5.99,6.02,5.97,6.02,1398481,0.00499584719337167,-0.019737482838321434,-0.016474837203505097,0.030356462480593992,-0.4940925412635812,6.078,6.108,6.0365,5.8995999999999995,0.013671070619666215,0.010013458396789358,2373053.5,0.008305647840531533,0.005008347245408908
2019-11-20,6.04,6.04,5.94,5.94,1357644,-0.013378125946175974,-0.04606077337653439,-0.02985296314968116,0.016978336534418048,-0.02920096876539617,6.022,6.09,6.0415,5.91,0.010156086008130014,0.010552511377804387,2391751.45,0.016835016835016776,-0.01655629139072842
2019-11-21,5.47,5.99,5.47,5.97,1782516,0.005037794029957081,-0.019901154317294913,-0.02481516911972402,0.016892293564505653,0.31294801877369915,5.998,6.075,6.0465,5.919,0.009177962577766386,0.010550694192083675,2434813.5,0.08710217755443894,0.09140767824497258
2019-11-22,5.97,5.97,5.74,5.77,3363603,-0.034074846884502526,-0.05068652455139886,-0.06702675739728832,-0.017182553319997015,0.8869973677655628,5.938000000000001,6.034999999999999,6.0415,5.922000000000001,0.016221906147988144,0.013130171107893239,2547719.7,0.039861351819757286,-0.033500837520938055
2019-11-25,5.79,5.87,5.77,5.82,1949233,0.008628181223338409,-0.028791150384011522,-0.053524480415704546,-0.011955735920148772,-0.42049254920988,5.904,6.003,6.038,5.927,0.01802128425666195,0.013270699292151834,2590666.55,0.01718213058419253,0.00518134715025911
2019-11-26,5.84,5.89,5.84,5.87,577968,0.008554372096658595,-0.025232625480724472,-0.044970108319045916,-0.0034013638234901785,-0.7034895263932018,5.8740000000000006,5.976,6.037,5.9336,0.01861272768956145,0.01342790404461503,2534446.1,0.008517887563884127,0.005136986301369906
2019-11-27,5.87,5.89,5.77,5.77,952900,-0.017182553319997015,-0.02903705285454552,-0.07509782623107994,-0.04573193142671545,0.6487071948619992,5.84,5.930999999999999,6.0235,5.9376,0.019109601009573894,0.01253351094590978,2210525.95,0.020797227036395166,-0.017035775127768403
2019-11-28,5.79,5.79,5.67,5.69,1688171,-0.013961832381768522,-0.048036679266271066,-0.06793783358356602,-0.05138116398911845,0.7716140203589044,5.784000000000001,5.891,6.0085,5.936599999999999,0.018285146803199127,0.012738445250604472,2230279.15,0.021089630931458717,-0.017271157167530162
2019-11-29,5.69,5.74,5.67,5.74,800193,0.008748962193235545,-0.0052128701885329875,-0.0558993947399318,-0.047628048989254476,-0.526000031987281,5.7780000000000005,5.858,5.9945,5.935999999999999,0.013312637150281005,0.012882581587977709,2174917.4,0.012195121951219561,0.008787346221441093
2019-12-02,5.74,5.77,5.59,5.62,1640609,-0.021127546425875394,-0.03496859783774674,-0.06375974822175824,-0.08523043261863505,1.0502666231771585,5.738,5.821,5.9695,5.9326,0.014506095050941544,0.012728791310814004,2059978.4,0.032028469750889625,-0.020905923344947754
2019-12-03,5.64,5.69,5.57,5.62,1422078,0.0,-0.04352296993440541,-0.06875559541512984,-0.08523043261863505,-0.133201146647373,5.688,5.781,5.9445,5.929600000000001,0.01259206771250352,0.012728791310814004,1952135.75,0.021352313167259804,-0.0035460992907800663
2019-12-04,5.64,5.74,5.59,5.74,1314925,0.021127546425875277,-0.0052128701885329875,-0.034249923043078584,-0.06410288619275967,-0.07534959404477111,5.682,5.761,5.9255,5.93,0.017020493058000713,0.013921860858932827,1892524.55,0.02613240418118473,0.017730496453900804
2019-12-05,5.77,5.77,5.69,5.72,1242216,-0.0034904049397686022,0.00525855725346683,-0.04277812201280418,-0.0675932911325283,-0.05529516892598437,5.688,5.736,5.9055,5.9286,0.015620044951757221,0.01390142980715814,1849510.4,0.013986013986013844,-0.008665511265164615
2019-12-06,5.72,5.74,5.69,5.72,698762,0.0,-0.0034904049397686022,-0.008703275128301588,-0.07573003252558996,-0.43748752229885945,5.684,5.731,5.883,5.9276,0.015020758779684576,0.013663684987809992,1688373.9,0.00874125874125871,0.0
2019-12-09,5.72,5.72,5.64,5.69,814425,-0.005258557253466827,0.012378584232639971,-0.022590013605106936,-0.07611449402081145,0.16552560099146776,5.6979999999999995,5.718,5.8605,5.925,0.010671957405838846,0.01366556594186463,1643097.4,0.014059753954305811,-0.005244755244755133
2019-12-10,5.69,5.72,5.62,5.67,573899,-0.0035211303985789363,0.008857453834061023,-0.03466551610034441,-0.0796356244193903,-0.2953322896522086,5.708,5.6979999999999995,5.837,5.9206,0.010987675261495933,0.013636606487049664,1593042.65,0.017636684303350907,-0.003514938488576531
2019-12-11,5.67,5.69,5.62,5.69,785569,0.0035211303985789606,-0.008748962193235425,-0.013961832381768522,-0.08905965861284844,0.36882796450246474,5.698,5.69,5.810499999999999,5.917000000000001,0.0035115239465014227,0.013175965480175154,1453553.05,0.012302284710017623,0.0035273368606702753
2019-12-12,5.69,5.74,5.69,5.72,656342,0.00525855725346683,0.0,0.00525855725346683,-0.06267927633009916,-0.16450114502990826,5.698,5.693,5.792,5.914,0.004474973948068636,0.012732434231499104,1371803.9,0.00874125874125871,0.005272407732864562
2019-12-13,5.72,5.79,5.72,5.77,1445939,0.008703275128301671,0.008703275128301671,0.00521287018853299,-0.05068652455139886,1.203026775674877,5.708,5.696,5.777,5.912000000000001,0.00593083395718308,0.013004224990694003,1361488.75,0.012131715771230553,0.00874125874125871
2019-12-16,5.77,5.77,5.72,5.72,951838,-0.008703275128301588,0.00525855725346683,0.01763714148610666,-0.046122606735651495,-0.34171635179630677,5.714,5.706,5.7635000000000005,5.9110000000000005,0.007042951334416082,0.012845043114917928,1270865.55,0.00874125874125871,-0.008665511265164615
2019-12-17,5.72,5.72,5.67,5.67,940104,-0.008779687652045837,0.0,0.008857453834061023,-0.05989814158106896,-0.012327728037754324,5.714,5.711,5.746,5.9086,0.008194932807184882,0.012802153026793177,1247946.7,0.008818342151675453,-0.00874125874125871
2019-12-18,5.64,5.67,5.59,5.59,1132793,-0.014209830572652911,-0.01773096097123186,-0.026479923164467265,-0.060729846207545894,0.20496562082493,5.694,5.696,5.7284999999999995,5.9026,0.009940714575473625,0.01283895390189067,1236704.15,0.014311270125223626,-0.008865248226950324
2019-12-19,5.62,5.62,5.57,5.59,625416,0.0,-0.02298951822469872,-0.02298951822469872,-0.06576764023750295,-0.44789913073262283,5.667999999999999,5.683,5.7095,5.895,0.009011001698591358,0.012721083257857398,1178849.15,0.008944543828264727,-0.005338078291814991
2019-12-20,5.62,5.64,5.59,5.64,1043390,0.008904778342959685,-0.022788015010040696,-0.014084739881738972,-0.022788015010040696,0.6683135704874835,5.6419999999999995,5.675,5.703,5.888400000000001,0.009085504249181461,0.010719381258321906,1062838.5,0.008865248226950324,0.0035587188612098883
2019-12-23,5.64,5.72,5.64,5.67,1786089,0.005305052229693319,-0.008779687652045837,-0.0035211303985789363,-0.026111144003685773,0.7118134158847602,5.632,5.673,5.6955,5.88,0.009630995192794325,0.010584921534519683,1054681.3,0.014109347442680789,0.005319148936170257
2019-12-24,5.69,5.69,5.64,5.64,821359,-0.005305052229693229,-0.005305052229693229,-0.005305052229693229,-0.039970568330037586,-0.5401354579754984,5.626,5.67,5.684,5.8713999999999995,0.009108688225100515,0.010356651273879544,1066850.85,0.008865248226950482,-0.008787346221441249
2019-12-25,5.67,5.69,5.62,5.69,1121331,0.008826182628272118,0.017730960971231877,0.0,-0.013961832381768522,0.36521423640576167,5.645999999999999,5.67,5.68,5.8638,0.0061360887390041795,0.0099756053139589,1075272.4,0.012302284710017623,0.0035273368606702753
2019-12-26,5.67,5.67,5.62,5.62,893827,-0.012378584232639869,0.005352376738592061,-0.01763714148610673,-0.012378584232639869,-0.2028874614186177,5.652,5.659999999999999,5.6765,5.8548,0.009499782835657366,0.00987053851556657,1035555.2,0.008896797153024879,-0.008818342151675453
2019-12-27,5.62,5.64,5.59,5.64,906262,0.0035524016043677006,0.0,-0.022788015010040696,-0.017575144821507602,0.013912088133385991,5.652,5.647,5.6715,5.847799999999999,0.008660796194208066,0.009677471071524854,1040858.65,0.008865248226950324,0.0035587188612098883
2019-12-30,5.64,5.69,5.62,5.64,1367912,0.0,-0.005305052229693229,-0.014084739881738972,0.0035524016043677006,0.5094001513910988,5.645999999999999,5.639,5.6725,5.8442,0.008158818356212908,0.008422574835721338,1027223.8,0.012411347517730547,0.0
2019-12-31,5.64,5.69,5.59,5.67,1649842,0.005305052229693319,0.005305052229693319,0.0,0.008857453834061023,0.20610243933820305,5.651999999999999,5.639,5.675,5.840799999999999,0.008158818356212927,0.00849986811971928,1038612.0,0.017636684303351063,0.005319148936170257
2020-01-02,5.67,5.72,5.64,5.72,1163109,0.008779687652045773,0.00525855725346683,0.02298951822469878,-0.0034904049397686022,-0.29501794717312324,5.6579999999999995,5.651999999999999,5.674,5.8384,0.008147774455532893,0.007279136293395419,1031021.2,0.013986013986014,0.008818342151675453
2020-01-03,5.72,5.77,5.69,5.72,1055528,0.0,0.01763714148610666,0.02298951822469878,0.0,-0.09249434059920437,5.678,5.665,5.674,5.8354,0.0037293531485294265,0.0072371734016567785,1021686.8,0.013986013986013844,0.0
2020-01-06,5.72,5.72,5.59,5.59,1286035,-0.02298951822469872,-0.008904778342959722,-0.008904778342959722,-0.02298951822469872,0.21838075351861816,5.667999999999999,5.66,5.6674999999999995,5.8298000000000005,0.012428650642402478,0.008877081516795714,1051050.45,0.023255813953488354,-0.02272727272727271
2020-01-07,5.59,5.64,5.59,5.59,1050934,0.0,-0.008904778342959722,-0.014209830572652911,-0.01773096097123186,-0.18281073221179828,5.6579999999999995,5.651999999999999,5.6625,5.8238,0.012428650642402478,0.008826703124863175,1062875.9,0.008944543828264727,0.0
2020-01-08,5.59,5.59,5.47,5.5,2304937,-0.016231194928582552,-0.030441025501235407,-0.025135973271542274,-0.030441025501235407,1.1932271674529513,5.624,5.638,5.654,5.816,0.013074032904650252,0.009461119744931133,1149427.8,0.021818181818181837,-0.01610017889087654
2020-01-09,5.52,5.62,5.52,5.57,1422248,0.01264696170076739,-0.026573751452513793,-0.02131519419904697,-0.02131519419904697,-0.38295580313041094,5.593999999999999,5.6259999999999994,5.648000000000001,5.8065999999999995,0.014236242692702308,0.00992579350453485,1181261.75,0.017953321364452518,0.009057971014492882
2020-01-10,5.59,5.74,5.59,5.64,2371501,0.012489011570774767,-0.014084739881738972,0.0035524016043677006,-0.014084739881738972,0.667431418430541,5.578,5.628,5.644,5.799599999999999,0.016341777043682948,0.010293142896674766,1267019.7,0.02659574468085113,0.008944543828264727
2020-01-13,5.69,5.69,5.64,5.69,1523181,0.008826182628272118,0.017730960971231877,0.008826182628272118,-0.013961832381768522,-0.35771437583201526,5.598,5.633,5.64,5.792999999999999,0.012190127598596055,0.010299090102039514,1270881.8,0.008787346221441249,0.0
2020-01-14,5.69,5.84,5.69,5.84,2851982,0.02602054870189606,0.04375150967312786,0.0348467313301681,0.020761991448429225,0.8723854880017542,5.648,5.6530000000000005,5.645999999999999,5.7874,0.015423231453598401,0.01170890228614888,1365889.0,0.025684931506849223,0.026362038664323278
2020-01-15,5.84,5.84,5.77,5.79,1158657,-0.008598505255231793,0.05138419934647865,0.020943173845243173,0.020943173845243173,-0.5937362157264667,5.706,5.665,5.651999999999999,5.7808,0.012417312601157937,0.011700973930340064,1376816.65,0.012089810017271206,-0.008561643835616408
2020-01-16,5.79,5.97,5.79,5.94,2819687,0.025576841789649776,0.064314079435361,0.03774032798284711,0.06072984620754584,1.433582155892555,5.78,5.687,5.6695,5.777200000000001,0.014246006724550456,0.012335493705044647,1461161.35,0.030303030303030252,0.025906735751295398
2020-01-17,5.97,5.99,5.89,5.92,2706194,-0.0033726844786393416,0.04845238338594675,0.03436764350420782,0.05735716172890657,-0.04025021216893932,5.836,5.707,5.686,5.773199999999999,0.01600724751892938,0.012402063082892793,1565200.25,0.016891891891891983,-0.008375209380234476
2020-01-20,5.92,6.14,5.92,6.04,4443379,0.020067563050809388,0.05969376380848392,0.07742472477971576,0.06851994643675614,0.6419292186739014,5.906000000000001,5.752,5.706,5.770600000000001,0.016632731910083347,0.012928074839553765,1735199.7,0.036423841059602606,0.02027027027027029
2020-01-21,6.09,6.14,6.04,6.09,1775816,0.008244069775082062,0.04191728488166986,0.08566879455479778,0.07145896398214485,-0.6003455928472453,5.956,5.8020000000000005,5.726999999999999,5.7696,0.014652168338115482,0.012967202241964815,1734686.05,0.016420361247947397,0.0
2020-01-22,6.12,6.12,6.04,6.09,1574379,0.0,0.050515790136901745,0.10189998948338035,0.07676401621183811,-0.11343348635218964,6.016,5.861,5.749499999999999,5.7686,0.012508523085767975,0.012829567482470577,1772337.05,0.013136288998357976,-0.004901960784313766
2020-01-30,6.02,6.04,5.77,5.87,4250097,-0.03679344788180053,-0.011854499534548481,0.0524595799008124,0.03114438570176552,1.6995386752490982,6.002,5.891,5.7585,5.7616000000000005,0.021258520344998953,0.01564297658512527,1928775.35,0.045996592844974524,-0.024916943521594598
2020-01-31,5.84,5.92,5.69,5.72,4243264,-0.02588582844829857,-0.03436764350420777,0.014084739881739023,0.01763714148610666,-0.0016077280118547883,5.962,5.899,5.7635,5.7542,0.023760675025836734,0.01654204146268392,2096247.2,0.04020979020979013,-0.02054794520547947
2020-02-03,5.54,5.72,5.4,5.62,4430186,-0.01763714148610673,-0.07207234804112389,-0.012378584232639869,-0.003552401604367772,0.04405146604123618,5.878,5.8919999999999995,5.7625,5.7452,0.0184660681881032,0.017033272767214468,2272443.4,0.056939501779359324,0.014440433212996403
2020-02-04,5.69,5.77,5.59,5.77,2397062,0.02634041661440835,-0.05397600120179751,-0.0120587163201276,0.02278801501004056,-0.4589252008832135,5.814,5.885,5.769,5.740799999999999,0.02472872058740491,0.01803651134133777,2323900.9,0.031195840554592673,0.014059753954305655
2020-02-05,5.82,5.84,5.69,5.72,2790275,-0.008703275128301588,-0.06267927633009916,-0.01216348619319735,0.008779687652045773,0.16403956176352552,5.74,5.878,5.7715000000000005,5.7348,0.02407659075955829,0.01813794081099292,2380922.55,0.02622377622377613,-0.01718213058419253
2020-02-06,5.74,5.97,5.72,5.97,2980981,0.04277812201280423,0.016892293564505653,0.005037794029957081,0.04277812201280423,0.0683466683391422,5.76,5.881,5.784,5.735399999999999,0.029679990002540783,0.020411495223202698,2471816.15,0.04187604690117253,0.040069686411149746
2020-02-07,5.97,5.99,5.87,5.92,2007251,-0.008410478508596404,0.03436764350420782,0.0,0.03436764350420782,-0.32664750295288697,5.8,5.881,5.794,5.734399999999999,0.0261968995916498,0.02054408788893672,2519402.3,0.02027027027027029,-0.008375209380234476
2020-02-10,5.92,5.94,5.82,5.87,1271190,-0.00848181505590923,0.04352296993440529,-0.028549378106718475,0.04887534667299739,-0.3667010254322952,5.85,5.864,5.808000000000001,5.7364,0.024307199660418832,0.019870861244544666,2518660.05,0.020442930153321996,-0.008445945945945915
2020-02-11,5.87,5.92,5.84,5.89,1862090,0.0034013638234902605,0.02058391714348719,-0.033392084058310394,0.05227671049648746,0.46484003178124433,5.874,5.843999999999999,5.823,5.7378,0.022221733748479494,0.019863399208041366,2559217.85,0.013582342954159604,0.00340715502555359
2020-02-12,5.92,6.39,5.92,6.37,10516207,0.07834347192057674,0.10763066419236555,0.04495138786226627,0.14685137734564677,4.647528851988894,6.004,5.872,5.8665,5.7478,0.038095412951760256,0.02557667750245164,2969781.35,0.07378335949764517,0.07601351351351354
2020-02-13,6.37,6.39,6.24,6.34,3773365,-0.0047207011349374535,0.060131841044623914,0.07702413460912944,0.12948371450994184,-0.6411857431106102,6.078,5.919,5.904999999999999,5.759200000000001,0.037386707402291976,0.02568172227728024,3087337.2,0.023659305993690767,-0.004709576138147605
2020-02-14,6.34,6.66,6.34,6.56,8018099,0.03411183450686312,0.10265415406008337,0.13702179756429117,0.15110653744603006,1.1249200647167714,6.2059999999999995,6.003,5.951,5.776600000000001,0.03639896035102976,0.02639353040748567,3369667.1,0.04878048780487809,0.034700315457413214
2020-02-17,6.54,6.64,6.46,6.56,3764464,0.0,0.11113596911599258,0.154658939050398,0.14228035481775803,-0.5305041756156914,6.343999999999999,6.0969999999999995,5.9945,5.793000000000001,0.034874526573090536,0.026444901324165347,3481731.25,0.02743902439024386,0.003058103975535103
2020-02-18,6.56,6.74,6.54,6.61,6293208,0.007593050907597416,0.11532765620009962,0.1359115733435868,0.12385285702345926,0.6717407843453942,6.4879999999999995,6.180999999999999,6.033,5.812799999999999,0.03435535849894052,0.026069862859651103,3653792.55,0.030257186081694427,0.007621951219512304
2020-02-19,6.59,6.64,6.44,6.54,5091969,-0.010646488394487577,0.026337695885035418,0.1339683600774008,0.12180487388420347,-0.19087864249838873,6.522,6.263,6.0705,5.8312,0.017451142977909943,0.02613495925299186,3850458.15,0.030581039755351574,-0.00758725341426401
2020-02-20,6.54,6.71,6.49,6.56,5578717,0.003053437486890248,0.03411183450686312,0.09424367555148691,0.09928146958144399,0.09559131251584603,6.566,6.322,6.1015,5.8476,0.016667478966872644,0.025733262631418563,3988409.65,0.033536585365853626,0.003058103975535103
2020-02-21,6.19,6.61,6.19,6.39,6333926,-0.026256334566554206,-0.026256334566554206,0.07639781949352911,0.07639781949352911,0.13537324083655794,6.531999999999999,6.369,6.125,5.860999999999999,0.013526286460096296,0.026617015314423,4169796.25,0.06572769953051642,0.032310177705977265
2020-02-24,6.34,6.37,5.92,5.97,10321149,-0.06798734098493266,-0.09424367555148698,0.016892293564505653,-0.011657084542212865,0.6295026181234198,6.414,6.379,6.121499999999999,5.8660000000000005,0.030477964090828074,0.030749799304682433,4463684.75,0.07537688442211059,-0.05835962145110412
2020-02-25,5.84,6.24,5.74,6.24,8279866,0.04423325497682566,-0.05760347148225861,0.057724184717840965,0.02433210065953072,-0.197776720401963,6.340000000000001,6.414,6.129,5.877000000000001,0.04101004052416931,0.03230712889599894,4788887.25,0.08012820512820512,0.06849315068493157
2020-02-26,6.22,6.24,6.04,6.12,4519324,-0.019418085857101627,-0.06637506894487256,-0.0400373730598373,0.004914014802429163,-0.45417908937173623,6.255999999999999,6.389,6.1305,5.886,0.041150668488707465,0.03263572325080232,4936134.5,0.03267973856209153,-0.016077170418006374
2020-02-27,6.02,6.34,6.02,6.34,5309790,0.03531667192489972,-0.03411183450686303,0.0,0.07702413460912944,0.17490801721673419,6.212,6.389,6.154,5.899,0.04652918548727576,0.03231001085718441,4989119.15,0.050473186119873864,0.05315614617940204
2020-02-28,5.72,6.29,5.72,6.27,5959642,-0.01110241380430527,-0.01895791374461416,-0.045214248311168326,0.09180754925312269,0.12238751438380802,6.188,6.359999999999999,6.1815,5.91,0.04542733716558657,0.03175829047888576,5074938.05,0.09090909090909097,0.09615384615384613
2020-03-02,6.07,6.34,6.07,6.27,3629494,0.0,0.049029427240318606,-0.045214248311168326,0.10944469073922954,-0.39098791504590374,6.247999999999999,6.331,6.2139999999999995,5.92,0.028387483444420263,0.03135085560599116,5034903.45,0.04306220095693773,0.03294892915980219
2020-03-03,6.37,6.44,6.29,6.37,6364207,0.01582311493924266,0.02061928720273561,-0.036984184279522964,0.0989273890640638,0.7534694918906052,6.274,6.307,6.244,5.933,0.021868544372668636,0.031069341647256474,5233260.7,0.02354788069073789,0.0
2020-03-04,6.37,6.42,6.29,6.42,5047583,0.007818648117797769,0.04785602117763514,-0.018519047767237527,0.1154493123101634,-0.20687950596201538,6.3340000000000005,6.295,6.279,5.9479999999999995,0.017492808381679402,0.030906535084469344,5346126.1,0.020249221183800608,0.00784929356357925
2020-03-05,6.46,6.56,6.32,6.37,5965022,-0.007818648117797772,0.004720701134937394,-0.029391133371925664,0.06485254217956125,0.18175808104591842,6.34,6.276,6.299,5.9636000000000005,0.01108422382940413,0.029767840663300797,5495328.15,0.03767660910518043,-0.01393188854489162
2020-03-06,6.34,6.34,6.24,6.29,3959935,-0.012638398871722793,0.0031847160675199195,-0.01577319767709417,0.06062462181643484,-0.3361407552226966,6.343999999999999,6.266,6.3175,5.9776,0.011514492237122236,0.029869788263740517,5592962.35,0.015898251192368783,-0.007886435331230256
2020-03-09,6.14,6.14,5.72,5.79,16776046,-0.08282877912744523,-0.0796440630599254,-0.030614635819606748,-0.013722342255101216,3.236444790129131,6.248,6.247999999999999,6.3134999999999994,5.980599999999999,0.03912906178534558,0.035477864364361476,6368205.15,0.07253886010362694,-0.05700325732899017
2020-03-10,5.72,6.17,5.69,6.02,7582331,0.038954967735825644,-0.05651221026334245,-0.03589292306060673,0.02183126165723421,-0.5480263346917384,6.178,6.226,6.319999999999999,5.9876,0.04478102785804868,0.03656746001518074,6654217.2,0.07973421926910292,0.05244755244755242
2020-03-11,6.04,6.07,5.72,5.82,7841324,-0.0337869975773831,-0.09811785595852324,-0.05026183478088819,-0.09029920784072554,0.034157437864424545,6.058,6.196,6.2924999999999995,5.9912,0.04420151304307246,0.03246568874855511,6520473.05,0.06013745704467363,-0.036423841059602606
2020-03-12,5.72,5.72,5.35,5.5,11082125,-0.05655216950492125,-0.14685137734564674,-0.14213067621070927,-0.14213067621070927,0.4132976777901283,5.884,6.112,6.2505,5.9874,0.046272208085490735,0.03448867222099584,6885911.05,0.06727272727272729,-0.03846153846153842
2020-03-13,5.35,5.59,5.1,5.47,9020091,-0.005469475804535433,-0.13968245427845938,-0.13649773821093944,-0.18171198652210782,-0.18606846611096697,5.720000000000001,6.032,6.196,5.984399999999999,0.047025213457716965,0.033106919125484795,6936010.65,0.08957952468007317,0.022429906542056097
2020-03-16,5.47,5.54,5.15,5.2,4614344,-0.0506199908465081,-0.10747366599752216,-0.1871177290574476,-0.23233197736861597,-0.48843709004709596,5.601999999999999,5.925,6.127999999999999,5.975600000000001,0.03917709616151452,0.03428958118256375,6978504.65,0.07499999999999994,-0.04936014625228512
2020-03-17,5.17,5.32,5.0,5.25,6568088,0.009569451016150672,-0.13685918271719716,-0.19337139298053965,-0.23035557726006256,0.42340666408919664,5.4479999999999995,5.813000000000001,6.06,5.9678,0.028624704949706776,0.03435064921868813,6992248.65,0.06095238095238101,0.01547388781431336
2020-03-18,5.3,5.37,5.2,5.27,4944595,0.0038022859497384787,-0.09926989919007562,-0.19738775514859894,-0.2159068029158364,-0.24717893548320302,5.337999999999999,5.6979999999999995,5.9965,5.9598,0.031327207459103494,0.03452145162065358,6984879.95,0.032258064516129024,-0.005660377358490613
2020-03-19,5.22,5.3,5.15,5.25,4083896,-0.003802285949738459,-0.04652001563489282,-0.19337139298053965,-0.22276252635246518,-0.1740686547634336,5.287999999999999,5.586,5.931,5.950399999999999,0.023874491709670462,0.0344105598356261,6910138.9,0.02857142857142847,0.005747126436781657
2020-03-20,5.77,5.77,5.22,5.32,3341564,0.013245226750020723,-0.027805313080336774,-0.16748776735879614,-0.18326096503589026,-0.18177054459760975,5.258,5.489,5.8774999999999995,5.9424,0.025998469029438004,0.034630086519538604,6760520.8,0.10338345864661651,-0.07798960138648169
2020-03-23,5.27,5.32,4.8,4.8,10024177,-0.10285738543970782,-0.0800427076735365,-0.1875163736710587,-0.2181310094906654,1.9998458805517416,5.178,5.390000000000001,5.819,5.9266,0.048974993390626165,0.03841816344015749,6745672.2,0.10833333333333343,-0.08918406072106258
2020-03-24,4.75,4.95,4.75,4.87,4315784,0.014478019180653235,-0.07513413950903389,-0.2119933222262312,-0.24788624528683786,-0.5694625104883922,5.102,5.275,5.750500000000001,5.9122,0.04966029043280459,0.03670856768534349,6547468.1,0.04106776180698155,0.025263157894736866
2020-03-25,4.97,5.17,4.97,5.1,4115341,0.04614660263578154,-0.03278982282299084,-0.1320597220130665,-0.1823215567939547,-0.04644416866089684,5.068,5.203,5.6995,5.9041999999999994,0.05677504431452063,0.038909901859553855,6527268.95,0.03921568627450984,0.026156941649899377
2020-03-26,5.12,5.12,4.9,4.9,3631529,-0.04000533461369902,-0.06899287148695143,-0.11551288712184422,-0.2576435633325535,-0.11756304034100698,4.998,5.143,5.6274999999999995,5.8908000000000005,0.05861446766738396,0.038017887404026125,6443355.9,0.04489795918367342,-0.04296874999999995
2020-03-27,4.9,5.0,4.85,4.9,3980631,0.0,-0.08223809823697212,-0.11004341131730874,-0.24654114952824824,0.09613085837948698,4.914,5.086,5.559,5.876,0.05737283667150325,0.038126144686288437,6344405.35,0.030612244897959252,0.0
2020-03-30,4.85,4.85,4.45,4.53,5925098,-0.0785132656216383,-0.0578939784189025,-0.137936686092439,-0.32505441514988653,0.48848210246064006,4.86,5.019,5.4719999999999995,5.852800000000001,0.0485632039277537,0.04074238477300739,6459185.55,0.08830022075055176,-0.06597938144329885
2020-03-31,4.53,4.67,4.33,4.43,4532153,-0.022322355437898497,-0.09469435303745428,-0.16982849254648813,-0.36319988552702787,-0.2350923140849316,4.772,4.936999999999999,5.375,5.8246,0.04636580653836442,0.040048735972456256,6367582.85,0.07674943566591419,-0.022075055187638085
2020-04-01,4.0,4.72,4.0,4.62,2761168,0.04199512103660324,-0.09884583463663248,-0.1316356574596234,-0.3290234126082222,-0.39076019719546096,4.676,4.872,5.285,5.801199999999999,0.04492365082643074,0.04190180895445171,6253262.1,0.15584415584415579,0.15500000000000003
2020-04-03,4.5,4.82,4.5,4.75,3574343,0.02774991295290224,-0.03109058707003112,-0.10008345855698253,-0.29345485153752215,0.2945039925133132,4.646,4.822,5.204,5.777399999999999,0.04744192072885166,0.04302718204358746,6133728.15,0.06736842105263163,0.05555555555555555
2020-04-06,4.82,5.17,4.75,5.12,5757259,0.07500982100486656,0.04391923393483537,-0.03831886430213666,-0.2058066316609327,0.6107181095938471,4.69,4.8020000000000005,5.1455,5.7614,0.06007695422526842,0.04747860605829366,6223594.35,0.08203124999999999,0.0622406639004149
2020-04-07,5.22,5.22,4.97,5.05,4467621,-0.013766195764147959,0.10866630379232574,0.05077232537342314,-0.13674404829763548,-0.22400208154609685,4.794,4.827,5.1085,5.7416,0.040268609639178825,0.044332425978798634,5608173.1,0.04950495049504951,-0.03256704980842911
2020-04-08,5.54,5.54,4.9,5.02,2331536,-0.005958309583630635,0.12503034964659357,0.030335996609139257,-0.1816573256170918,-0.47812583027969474,4.912,4.8420000000000005,5.0585,5.7202,0.036258147495825295,0.04300850916521074,5345633.35,0.1274900398406374,-0.09386281588447662
2020-04-09,5.52,5.52,4.97,4.97,4068966,-0.01001009359510046,0.07302513501488982,-0.02582069962174275,-0.15788042163480914,0.7451868639386224,4.981999999999999,4.829,5.016,5.6978,0.03760055990268332,0.042616529990932746,5157015.45,0.1106639839034205,-0.09963768115942026
2020-04-10,4.72,5.02,4.72,4.92,2517477,-0.010111309604320566,0.03516391245766697,0.004073325387635648,-0.1114395617342085,-0.38129809882903914,5.016,4.831,4.987,5.6788,0.038100601222042285,0.041062639715630636,4728783.05,0.060975609756097525,0.04237288135593224
2020-04-13,4.45,5.07,4.45,4.97,1926793,0.010111309604320474,-0.02973459894287917,0.014184634991956381,-0.09585877632535243,-0.23463332534914916,4.986,4.838,4.962000000000001,5.6638,0.009392276902646927,0.04121221343643934,4374118.15,0.12474849094567407,0.11685393258426956
2020-04-14,4.97,5.02,4.9,4.97,3167293,0.0,-0.015968403178731112,0.09269790061359455,-0.04523878547884438,0.6438159158767963,4.970000000000001,4.882,4.9505,5.6508,0.008502685027245908,0.03977913932368591,4301765.6,0.024144869215291593,0.0
2020-04-15,4.97,5.15,4.97,5.02,3686239,0.010010093595100425,0.0,0.12503034964659357,-0.044798142899894595,0.16384527733935572,4.970000000000001,4.941,4.939,5.635800000000001,0.010060828884766358,0.03978615857409612,4157673.15,0.035856573705179404,0.010060362173038195
2020-04-16,5.02,5.07,5.0,5.07,1895213,0.009910883899454178,0.019920977494554567,0.09294611250944429,-0.03868954495017906,-0.48586811652744166,4.99,4.986,4.929,5.6228,0.008993548915921301,0.039858366185615404,4005204.05,0.013806706114398477,0.009960159362549943
2020-04-17,5.1,5.25,5.1,5.22,4809341,0.029156584291455487,0.059188871390330654,0.09435278384799754,-0.005730674708985095,1.5376255861478367,5.05,5.0329999999999995,4.9275,5.6078,0.010607875418976388,0.040453969154452395,4041476.3,0.028735632183908115,0.023529411764705906
2020-04-20,5.27,5.27,5.12,5.15,3064104,-0.013500687218902463,0.03557687456710743,0.005842275624228361,-0.032476588677908196,-0.3628848526232596,5.086,5.036,4.919,5.5924000000000005,0.015633775580340327,0.04042516601624916,4027603.3,0.029126213592232903,-0.02277039848197329
2020-04-21,5.12,5.12,4.9,4.92,6015799,-0.04568818417142806,-0.010111309604320566,-0.026079712783051736,0.02469261259037163,0.9633142347648774,5.0760000000000005,5.023,4.925,5.5734,0.02871308505228046,0.03447325852977647,3827184.4,0.0447154471544715,-0.039062500000000035
2020-04-22,4.92,5.07,4.82,5.07,2637424,0.030032287098875076,0.009910883899454178,0.009910883899454178,0.04024688050859332,-0.5615837563721793,5.086,5.028,4.9350000000000005,5.557,0.03201680769507536,0.03495977119252662,3743266.4,0.049309664694280074,0.030487804878048853
2020-04-23,5.1,5.17,5.05,5.05,2076603,-0.003952574315823469,-0.003952574315823469,0.015968403178731203,-0.009852296443011594,-0.21263968175007128,5.081999999999999,5.036,4.9325,5.530600000000001,0.031757761567751695,0.03339065227371077,3641329.5,0.023762376237623783,-0.009803921568627416
2020-04-24,5.02,5.07,4.97,5.05,1264729,0.0,-0.03310915860727883,0.026079712783051663,0.030153038170687457,-0.3909625479689666,5.048,5.0489999999999995,4.9399999999999995,5.5048,0.027239661174654622,0.03207125605189116,3522989.5,0.01980198019801991,0.005976095617529931
2020-04-27,5.05,5.12,4.97,5.0,1806851,-0.009950330853168092,-0.029558802241544505,0.006018072325563166,0.02020270731751947,0.42864676938695956,5.018,5.052,4.944999999999999,5.4736,0.027061207526135365,0.032172892914000495,3414300.5,0.030000000000000072,-0.009900990099009866
2020-04-28,5.0,5.07,4.97,5.05,1246915,0.009950330853168092,0.026079712783051663,0.015968403178731203,0.10866630379232574,-0.30989605673074316,5.044,5.06,4.971,5.4434,0.015648873733571832,0.026189060719804237,3180391.35,0.01980198019801991,0.009999999999999964
2020-04-29,5.05,5.1,5.02,5.1,1196049,0.00985229644301164,0.005899722127188102,0.015810606026642245,0.1408409556732358,-0.04079347830445539,5.05,5.068,5.0045,5.413200000000001,0.00871417541799717,0.025369750801089407,3013586.15,0.015686274509803935,0.009900990099009866
2020-05-04,5.1,5.1,5.0,5.05,1193939,-0.009852296443011594,0.0,-0.003952574315823469,0.08899353819362099,-0.0017641417701114253,5.05,5.066000000000001,5.026,5.3834,0.009901434979044483,0.024233681064233424,2935224.7,0.019801980198019733,-0.009803921568627416
2020-05-05,5.02,5.07,5.02,5.05,1126770,0.0,0.0,-0.03310915860727883,0.061243625240718594,-0.05625831805477499,5.05,5.049,5.0409999999999995,5.353199999999999,0.009901434979044483,0.02361595179224902,2812846.05,0.009900990099010042,0.005976095617529931
2020-05-06,5.07,5.27,5.02,5.17,4453036,0.023484445233069327,0.03343477608623742,0.0038759738446929397,0.009718249468921346,2.9520363516955546,5.0840000000000005,5.051,5.0435,5.3288,0.012460807477919928,0.01732721192037777,2747634.9,0.04835589941972921,0.01972386587771196
2020-05-07,5.2,5.27,5.17,5.27,2973997,0.019157674032933183,0.04264211926600254,0.06872183204905413,0.04264211926600254,-0.3321417118568096,5.128,5.086,5.054499999999999,5.3148,0.013683941917078616,0.017465343452161778,2672953.7,0.01897533206831113,0.013461538461538344
2020-05-08,5.3,5.45,5.22,5.32,5995918,0.009442940800282087,0.042232763623272995,0.04813248575046125,0.05804336964991535,1.016114340397788,5.172,5.111,5.0695,5.2964,0.013675262828954367,0.017429345750863377,2856172.8,0.043233082706767,0.0037735849056604646
2020-05-11,5.45,5.45,5.32,5.4,4108808,0.014925650216675792,0.0670107102829603,0.0670107102829603,0.08297911346169155,-0.3147324563144459,5.242,5.145999999999999,5.090999999999999,5.281999999999999,0.009115820712914172,0.017348756679004786,2858164.9,0.024074074074074053,-0.009174311926605472
2020-05-12,5.4,5.47,5.32,5.42,4057939,0.0036968618813259814,0.07070757216428644,0.07070757216428644,0.09678728494733804,-0.012380476284119384,5.316,5.183,5.116,5.2636,0.007814000945440804,0.017023086105986344,2935188.0,0.02767527675276743,0.0037037037037036245
2020-05-13,5.47,5.47,5.35,5.4,3453900,-0.0036968618813260916,0.04352626504989093,0.0769610411361284,0.08297911346169155,-0.14885364220605582,5.362,5.223000000000001,5.1375,5.2462,0.009046920268810377,0.017077939324029307,3011543.35,0.02222222222222224,-0.01279707495429605
2020-05-14,5.4,5.42,5.32,5.32,3827622,-0.014925650216675706,0.009442940800282087,0.052085060066284605,0.06805346324501578,0.1082029010683575,5.372,5.25,5.154999999999999,5.227199999999999,0.011664250394757701,0.017587304369169308,3044559.8,0.01879699248120294,-0.014814814814814828
2020-05-15,5.35,5.52,5.32,5.4,6937907,0.014925650216675792,0.014925650216675792,0.05715841383994883,0.07296901986659102,0.8125893831731555,5.388,5.28,5.174,5.2078,0.012758366586604638,0.01771835962033911,3207143.2,0.0370370370370369,0.009345794392523497
2020-05-18,5.45,5.45,5.32,5.42,2771622,0.0036968618813259814,0.0036968618813259814,0.07070757216428644,0.06675499784846296,-0.6005103556447211,5.392,5.317,5.1915,5.187799999999999,0.010997921105099768,0.017657142075637747,3250963.65,0.023985239852398504,-0.005504587155963348
2020-05-19,5.47,5.59,5.47,5.52,5561531,0.018282044837449073,0.018282044837449073,0.08898961700173535,0.05588045839445663,1.0065979415663464,5.412,5.364,5.2065,5.170800000000001,0.013603953240428996,0.01697447870770506,3288573.15,0.02173913043478263,0.009140767824497225
2020-05-20,5.5,5.57,5.47,5.52,3116422,0.0,0.021978906718775167,0.06550517176866603,0.06938114561335909,-0.4396467447542772,5.436,5.398999999999999,5.225,5.155399999999999,0.013198821461390866,0.016555649661183884,3291189.05,0.018115942028985605,0.0036363636363635587
2020-05-21,5.52,5.64,5.45,5.57,4622625,0.00901719365018886,0.0459217505856397,0.05536469138592187,0.12408652343497588,0.4833116310948902,5.486,5.429,5.2575,5.151,0.007586556062432547,0.011859738814551357,3221530.35,0.03411131059245951,0.009057971014492882
2020-05-22,5.59,5.64,5.54,5.57,4841440,0.0,0.030996100368963917,0.0459217505856397,0.09405423633610091,0.047335658851842835,5.5200000000000005,5.454000000000001,5.2825,5.142,0.007698345356577224,0.010508241673035483,3331731.15,0.01795332136445236,-0.003577817531305827
2020-05-25,5.59,5.64,5.54,5.62,3519682,0.008936609966406975,0.03623584845404481,0.03993271033537101,0.10694342061833134,-0.27300926996926533,5.5600000000000005,5.476,5.311,5.138,0.007628869506982921,0.010343431885042945,3403885.1,0.017793594306049758,0.0053667262969589
2020-05-26,5.59,5.84,5.59,5.79,5267006,0.029800627679304127,0.047754431295900034,0.0660364761333491,0.13674404829763553,0.4964437128126916,5.614,5.513,5.348000000000001,5.1438,0.012177366786565976,0.011602450996883576,3603998.95,0.04317789291882556,0.03577817531305907
2020-05-27,5.84,5.89,5.67,5.67,6389497,-0.02094317384524325,0.02681125745065677,0.048790164169431834,0.12575120530556025,0.21311747129203953,5.644,5.540000000000001,5.3815,5.1478,0.018330971159435383,0.012652452260005038,3833131.25,0.03880070546737209,-0.02910958904109588
2020-05-28,5.67,5.77,5.67,5.69,3568932,0.0035211303985789606,0.021315194199046934,0.06723694478468654,0.11932200485097119,-0.44143772193648423,5.668,5.577,5.413500000000001,5.1575999999999995,0.0182214694592633,0.012636157249288151,3949232.1,0.017574692442882185,0.0035273368606702753
2020-05-29,5.69,5.72,5.64,5.69,2394358,0.0,0.021315194199046934,0.05231129456801095,0.10946970840795969,-0.3291107816007702,5.692,5.606,5.443,5.166399999999999,0.0182214694592633,0.012668683673742421,4009147.55,0.014059753954305811,0.0
2020-06-01,5.72,6.24,5.69,6.24,13859688,0.09226993424309661,0.10464851847573657,0.1408843669297814,0.21159193909406782,4.7884777464355786,5.816,5.688,5.5024999999999995,5.1858,0.04376805507864285,0.02274192952626307,4642435.0,0.0881410256410256,0.090909090909091
2020-06-02,6.34,6.59,6.17,6.17,10935462,-0.011281344464039923,0.06356654633239252,0.11132097762829248,0.20031059463002795,-0.2109878663935292,5.892,5.753,5.5585,5.204199999999999,0.04550792026013698,0.023154312164392715,5132869.6,0.06807131280388978,-0.026813880126182955
2020-06-03,6.17,6.34,6.17,6.34,3758964,0.027179930531838196,0.1116896507094739,0.1385009081601306,0.20400607992879682,-0.6562592417220232,6.026,5.835000000000001,5.617,5.224600000000001,0.04152481446683477,0.023281846783981833,5098166.0,0.026813880126182955,0.027552674230145856
2020-06-04,6.37,6.39,6.27,6.29,5159832,-0.00791769773678535,0.10025082257410951,0.1215660167731565,0.17693070815907824,0.3726739601656201,6.146,5.907,5.668,5.2543999999999995,0.043105691544015494,0.023519551916599043,5207457.75,0.019077901430842623,-0.012558869701726856
2020-06-05,6.32,6.32,6.19,6.27,4025847,-0.0031847160675199473,0.09706610650658971,0.1183813007056365,0.16430305129127615,-0.21977169024107762,6.262,5.976999999999999,5.7155000000000005,5.2824,0.04349777198107207,0.02367170146150518,5108954.2,0.020733652312599667,-0.007911392405063403
2020-06-08,6.27,6.46,6.27,6.32,6087882,0.007942853513936731,0.012739025777429712,0.11738754425316629,0.15732025458853727,0.5121990478028599,6.2780000000000005,6.047,5.7615,5.306800000000001,0.015568253570214206,0.023618954193963402,5207907.9,0.030063291139240566,0.007974481658692299
2020-06-09,6.34,6.37,6.27,6.34,3531851,0.003159560290368518,0.027179930531838196,0.09074647686423065,0.15678295299757963,-0.4198555425351543,6.311999999999999,6.102,5.8075,5.3355999999999995,0.013572978634280997,0.023624250907902603,5181603.5,0.015772870662460654,0.0
2020-06-10,6.34,6.44,6.27,6.37,6494275,0.004720701134937394,0.004720701134937394,0.11641035184441137,0.16520051601384325,0.83877377613042,6.318,6.172,5.856,5.365,0.006397892473668021,0.023482470295763693,5333622.25,0.02668759811616967,0.0047318611987382094
2020-06-11,6.37,6.42,6.07,6.09,9172138,-0.04495138786226639,-0.03231298899054357,0.06793783358356605,0.13517477836825254,0.4123421013123097,6.2780000000000005,6.212000000000001,5.8945,5.3962,0.021893495598303645,0.025880193135827692,5600848.05,0.057471264367816036,-0.043956043956043994
2020-06-12,5.97,6.09,5.82,6.09,6648375,0.0,-0.0291282729230236,0.06793783358356605,0.12024912815157694,-0.2751553672655165,6.242,6.252000000000001,5.929,5.429399999999999,0.022058404160466897,0.02584747457693544,5586371.45,0.04433497536945806,0.02010050251256283
2020-06-15,6.14,6.14,5.77,5.79,5885937,-0.05051579013690172,-0.08758691657386218,-0.0748478907964325,0.0660364761333491,-0.11468035422189633,6.136,6.207,5.9475,5.452800000000001,0.027705805228101305,0.028779448986662473,5742087.2,0.06390328151986185,-0.05700325732899017
2020-06-16,5.87,6.02,5.87,5.92,4198360,0.022204157311010372,-0.06854231955322028,-0.041362389021382145,0.06995858860691047,-0.2867133983934928,6.0520000000000005,6.182,5.967499999999999,5.4762,0.03220315214016226,0.028900008228925994,5673928.65,0.02533783783783775,0.008517887563884127
2020-06-17,6.04,6.04,5.84,5.89,1599340,-0.005080451232419064,-0.0783434719205767,-0.07362277078563922,0.06487813737449136,-0.6190560123476786,5.956,6.1370000000000005,5.986,5.491600000000001,0.03107960742996303,0.028954648378989242,5598074.55,0.03395585738539901,-0.024834437086092773
2020-06-18,5.89,5.94,5.82,5.92,1301526,0.005080451232418914,-0.028311632825891307,-0.060624621816434854,0.060941394956721566,-0.1862105618567659,5.922,6.1,6.0035,5.5089999999999995,0.02709327367560052,0.02892670297053242,5432019.6,0.02027027027027029,0.00509337860780989
2020-06-19,5.92,6.09,5.92,6.07,2334941,0.02502215617549268,-0.003289476650398646,-0.03241774957342234,0.08596355113221414,0.7940025785116855,5.918,6.08,6.0285,5.53,0.030497687587920562,0.029326333706499175,5306694.65,0.028006589785831947,0.025337837837837898
2020-06-22,6.07,6.14,5.97,5.99,2256643,-0.01326719294404891,0.03395912054245415,-0.05362779603140813,0.06375974822175834,-0.033533181352333956,5.958,6.047,6.047,5.5504,0.016704257735859304,0.029560838129146932,5243542.7,0.028380634390651072,-0.013179571663920933
2020-06-23,6.02,6.07,5.94,5.97,3282364,-0.00334448472284736,0.008410478508596293,-0.0601318410446238,0.030614635819606734,0.4545340135768041,5.968,6.01,6.056,5.5714,0.014584126868345568,0.028912327104525494,5144310.6,0.021775544388609697,-0.008305647840531533
2020-06-24,5.97,6.04,5.89,5.92,3013466,-0.008410478508596404,0.005080451232418914,-0.07326302068815768,0.043147331156253556,-0.08192205373931714,5.974,5.965,6.0685,5.590400000000001,0.015039092582917732,0.028532924950546608,4975509.05,0.025337837837837898,-0.008375209380234476
2020-06-25,5.89,5.92,5.84,5.89,2500893,-0.005080451232419064,-0.005080451232419064,-0.033392084058310394,0.034545749525255756,-0.17009417063275312,5.968,5.945,6.0785,5.6088,0.015039092582917737,0.028576080458148037,4922107.1,0.013582342954159604,0.0
2020-06-26,5.92,5.97,5.87,5.87,1400341,-0.0034013638234901785,-0.03350397123140181,-0.03679344788180053,0.03114438570176552,-0.44006360927876564,5.928,5.923,6.0875,5.625800000000001,0.004207647155755858,0.028597015110153196,4872406.25,0.017035775127768254,-0.008445945945945915
2020-06-29,5.87,5.87,5.64,5.69,4353272,-0.031144385701765438,-0.05138116398911845,-0.017422043446664235,-0.09226993424309676,2.1087228039456103,5.867999999999999,5.913,6.0600000000000005,5.6382,0.011845568217213727,0.020022408218224128,4397085.45,0.04042179261862924,-0.030664395229982915
2020-06-30,5.72,5.79,5.57,5.67,3585625,-0.0035211303985789363,-0.05155780966485001,-0.0431473311562536,-0.08450972017763578,-0.1763379361546901,5.808,5.888,6.035,5.647199999999999,0.011819961737089603,0.01996149162590522,4029593.6,0.03880070546737209,-0.00874125874125871
2020-07-01,5.67,5.79,5.67,5.77,1676001,0.01748296278034738,-0.025664368375906226,-0.020583917143487115,-0.09420668792912636,-0.5325777235488931,5.7780000000000005,5.8759999999999994,6.0065,5.6596,0.01727478948758159,0.019264115552321062,3925445.45,0.020797227036395166,0.017636684303350907
2020-07-02,5.77,5.82,5.72,5.74,1070089,-0.0052128701885329875,-0.02579678733202019,-0.03087723856443923,-0.09150186038087406,-0.3615224573255028,5.748,5.8580000000000005,5.979,5.676,0.01727479053226618,0.019249902761576045,3720958.3,0.01742160278745654,-0.005199306759098676
2020-07-03,5.77,5.79,5.72,5.72,1271360,-0.0034904049397686022,-0.02588582844829857,-0.0593897996797005,-0.09180754925312273,0.18808809360716724,5.718,5.823,5.951499999999999,5.689,0.017272570936011904,0.019248862028086903,3583233.95,0.012237762237762288,-0.008665511265164615
2020-07-06,5.72,5.89,5.72,5.87,3204367,0.025885828448298575,0.03114438570176552,-0.020236778287352934,-0.07386457431876102,1.5204245846967028,5.754,5.811,5.929,5.7054,0.014435120811890962,0.0202555708109746,3439058.2,0.02896081771720612,0.026223776223776286
2020-07-07,5.89,5.97,5.89,5.89,2389942,0.0034013638234902605,0.03806687992383453,-0.013490929741015402,-0.07362277078563922,-0.25416096221188145,5.798,5.803,5.906499999999999,5.722199999999999,0.013572387876792717,0.02025994808454127,3381962.75,0.013582342954159604,0.0
2020-07-08,5.87,5.97,5.87,5.94,1647694,0.00845313571105841,0.029037052854545557,0.003372684478639377,-0.06989033620951841,-0.31057155361929284,5.832,5.805,5.885,5.740999999999999,0.012488271980288061,0.0203583651236586,3139633.7,0.016835016835016776,0.011925042589437867
2020-07-09,5.94,6.04,5.94,6.04,2248695,0.016694878572170054,0.050944801615248544,0.025148014283228368,-0.008244069775082066,0.3647527999737815,5.892,5.82,5.8825,5.760800000000001,0.01145565611961757,0.018315544160346607,2793461.55,0.01655629139072842,0.016835016835016776
2020-07-10,6.04,6.07,5.92,5.97,2284971,-0.011657084542212865,0.04277812201280423,0.016892293564505653,-0.019901154317294913,0.01613202324014595,5.942,5.83,5.8765,5.778199999999999,0.014157276747660503,0.018486420417347615,2575291.35,0.025125628140703578,-0.01158940397350998
2020-07-13,5.99,6.02,5.92,5.94,1840084,-0.00503779402995707,0.011854499534548599,0.042998885236314024,0.025576841789649776,-0.19470137695401823,5.956,5.8549999999999995,5.8839999999999995,5.796,0.011123229146907769,0.014425553766595442,2372998.7,0.016835016835016776,-0.008347245409014995
2020-07-14,5.94,5.99,5.89,5.97,1406915,0.005037794029957081,0.013490929741015288,0.05155780966484991,0.008410478508596293,-0.2354071879327248,5.9719999999999995,5.885,5.8865,5.814399999999999,0.011185032344997004,0.013602171129216679,2233426.45,0.0167504187604691,0.0050505050505049425
2020-07-15,6.02,6.02,5.97,5.97,1570073,0.0,0.005037794029957081,0.034074846884502456,0.013490929741015288,0.11596862639178629,5.978,5.904999999999999,5.8905,5.830400000000001,0.010727178732111892,0.013541335727844495,2231963.1,0.008375209380234476,-0.008305647840531533
2020-07-16,6.02,6.02,5.94,5.97,903322,0.0,-0.011657084542212865,0.039287717073035675,0.008410478508596293,-0.4246624201549864,5.964,5.928,5.893,5.844399999999999,0.006314048491181909,0.01350192999789181,2212052.9,0.013400335008375073,-0.008305647840531533
2020-07-17,5.99,6.22,5.97,6.17,7890281,0.032951910512785725,0.032951910512785725,0.07573003252558999,0.016340232845889494,7.734738000402957,6.0040000000000004,5.973,5.898,5.8614,0.015160981684332483,0.014352052692775013,2489819.9,0.04051863857374392,0.030050083472454043
2020-07-20,6.17,6.19,6.09,6.09,2622350,-0.013050756195490827,0.02493894834725193,0.036793447881800605,0.01655666959444761,-0.6676480850301783,6.034000000000001,5.995,5.9030000000000005,5.8751999999999995,0.017008378696040362,0.014340951185434062,2508105.25,0.016420361247947542,-0.012965964343598067
2020-07-21,6.09,6.12,6.02,6.12,2194410,0.004914014802429163,0.024815169119723993,0.03830609886073941,0.024815169119723993,-0.1631895055961256,6.064,6.018,5.910500000000001,5.8892,0.01700837779968433,0.014333386192374235,2453707.55,0.01633986928104584,0.004926108374384277
2020-07-22,6.12,6.17,6.02,6.07,1726317,-0.008203491452827791,0.016611677666896175,0.02164947169685329,0.02502215617549268,-0.2133115507129479,6.084,6.031,5.918,5.9026,0.017975023575993766,0.014326123680125294,2389350.1,0.024711696869851786,-0.008169934640522847
2020-07-23,6.07,6.07,5.97,6.02,1955757,-0.008271345750677306,0.00834033191621895,-0.003316752625994038,0.02183126165723421,0.13290722387603204,6.093999999999999,6.029,5.9245,5.916600000000001,0.01872230214506623,0.014417821511797843,2362093.3,0.01661129568106321,-0.008237232289950693
2020-07-24,6.04,6.04,5.59,5.77,5532575,-0.04241517880072147,-0.06702675739728832,-0.034074846884502526,-0.017182553319997015,1.8288662650830343,6.013999999999999,6.0089999999999995,5.9195,5.9239999999999995,0.017540755133080004,0.017390475728125895,2568705.0,0.07798960138648184,-0.04470198675496696
2020-07-27,5.2,5.69,5.2,5.42,6240477,-0.06257626506845328,-0.11655226627025078,-0.09161331792299877,-0.04861443268668482,0.12795163192545966,5.88,5.957,5.906,5.924000000000001,0.02809719809024814,0.021260977743762465,2663065.25,0.09040590405904063,0.04230769230769226
2020-07-28,5.42,5.69,5.35,5.69,2598740,0.04861443268668481,-0.07285184838599514,-0.048036679266271066,0.0035211303985789606,-0.5835670895029338,5.794,5.929,5.907,5.9274000000000004,0.042286030429550175,0.024123658685665413,2613721.0,0.05975395430579977,0.04981549815498164
2020-07-29,5.64,5.67,5.37,5.52,4929532,-0.030332387849235733,-0.09498074478240308,-0.07836906711550677,-0.04429422023100422,0.896893109737796,5.684,5.884,5.8945,5.9274000000000004,0.04260985785397091,0.024681111513180674,2776397.55,0.05434782608695649,-0.02127659574468087
2020-07-30,5.4,5.62,5.4,5.62,1914488,0.017953803616595845,-0.06875559541512984,-0.06041526349891101,-0.021127546425875394,-0.6116288523941015,5.604,5.849,5.8885000000000005,5.9284,0.04575785682487943,0.025073505969124468,2818617.5,0.039145907473309566,0.040740740740740695
2020-07-31,5.64,5.64,5.5,5.59,2220749,-0.005352376738591954,-0.03169279335300036,-0.09871955075028872,-0.02298951822469872,0.15997018524012688,5.568,5.791,5.882,5.9288,0.04286404711105193,0.025086472663975734,2866086.95,0.025044722719141266,-0.008865248226950324
2020-08-03,5.5,5.77,5.5,5.77,3044620,0.03169279335300039,0.06257626506845326,-0.05397600120179751,-0.017182553319997015,0.37098789642593555,5.638,5.7589999999999995,5.877000000000001,5.931800000000001,0.03104705774977844,0.02544686107230365,2858099.6,0.04679376083188901,0.04909090909090901
2020-08-04,5.79,5.94,5.79,5.89,2907562,0.02058391714348719,0.034545749525255756,-0.03830609886073947,0.0,-0.04501645525549987,5.678,5.736,5.877,5.9338,0.02480166217779149,0.02588456399017646,2883980.6,0.0254668930390493,0.017271157167530162
2020-08-05,5.94,6.07,5.89,5.97,5472736,0.013490929741015288,0.0783690671155068,-0.016611677666896228,0.005037794029957081,0.8822422359351236,5.767999999999999,5.726,5.878500000000001,5.939799999999999,0.013534962557272755,0.02599542785685923,3075232.7,0.030150753768844324,0.0050505050505049425
2020-08-06,5.99,5.99,5.89,5.92,1874899,-0.008410478508596404,0.05200478499031455,-0.01675081042481524,-0.020067563050809256,-0.657411028048859,5.828,5.715999999999999,5.8725,5.944399999999999,0.017092546137721588,0.025764759604484704,3056542.9,0.016891891891891983,-0.011686143572621082
2020-08-07,5.94,5.99,5.84,5.89,2150978,-0.005080451232419064,0.05227671049648746,0.02058391714348719,-0.013490929741015402,0.1472500652035123,5.888,5.728,5.868499999999999,5.9483999999999995,0.017030210085057597,0.0256634004924047,3049843.25,0.0254668930390493,-0.008417508417508537
2020-08-10,5.89,5.99,5.89,5.92,2576760,0.005080451232418914,0.025664368375906122,0.08824063344435955,-0.0033726844786393416,0.1979480961683476,5.918,5.7780000000000005,5.8675,5.941999999999999,0.012209924115383162,0.025672589823951743,3086677.05,0.016891891891891983,0.00509337860780989
2020-08-11,5.97,6.32,5.94,6.32,15333430,0.06538275926285171,0.07046321049527084,0.10500896002052648,0.05697228075425533,4.95066284791754,6.004,5.840999999999999,5.885,5.945,0.029942677342024798,0.029567370038214004,3783002.8,0.06012658227848099,0.05862646566164163
2020-08-12,6.42,6.44,6.27,6.32,6091725,0.0,0.05697228075425533,0.1353413478697623,0.05697228075425533,-0.6027160915724662,6.074,5.920999999999999,5.9025,5.944599999999999,0.030610844369884805,0.029567370038214004,4009085.4,0.02689873417721532,-0.015576323987538885
2020-08-13,6.32,6.37,6.29,6.34,3803166,0.003159560290368518,0.06854231955322014,0.12054710454353487,0.060131841044623914,-0.375683242431331,6.1579999999999995,5.993,5.921,5.945600000000001,0.02914146566988066,0.029559788647784052,4154077.6,0.012618296529968466,0.0031645569620252488
2020-08-14,6.34,6.34,6.22,6.29,6682494,-0.00791769773678535,0.0657050730488538,0.1179817835453413,0.01926223279505271,0.7570871216244571,6.2379999999999995,6.063,5.9270000000000005,5.945999999999999,0.029622447684811364,0.02878316646098833,4093688.25,0.019077901430842623,-0.007886435331230256
2020-08-17,6.29,6.42,6.27,6.42,6222301,0.020457046989520583,0.08108166880595546,0.10674603718186175,0.052770035980064196,-0.06886545651967664,6.338,6.128,5.943499999999999,5.9479999999999995,0.02937354820141467,0.028899489286054954,4273685.8,0.023364485981308466,0.020667726550079476
2020-08-18,6.46,6.49,6.37,6.37,4710796,-0.007818648117797772,0.007880261425305965,0.07834347192057674,0.04003737305983734,-0.24291737092114316,6.348000000000001,6.176,5.9559999999999995,5.9486,0.011617606084890493,0.028986836512098112,4399505.1,0.018838304552590283,-0.01393188854489162
2020-08-19,6.39,6.42,6.32,6.37,9263369,0.0,0.007880261425305965,0.06485254217956125,0.04824086451266513,0.9664126826973616,6.358,6.216,5.971,5.9486,0.011617606084890493,0.02889271476944038,4776357.7,0.0156985871271585,-0.003129890453834049
2020-08-20,6.66,6.85,6.47,6.72,19475136,0.05348868495098622,0.05820938608592369,0.1267517056391438,0.11000089521432849,1.1023815417479321,6.434,6.296,6.006,5.961199999999999,0.026104045948177914,0.03092006998402572,5652326.65,0.056547619047619034,0.00900900900900895
2020-08-21,6.72,6.85,6.66,6.85,7392791,0.01916049773907579,0.08528758156178473,0.15099265461063857,0.17157657175412572,-0.6203984916973109,6.546000000000001,6.392,6.06,5.9764,0.023732845423509456,0.02889739102964927,5745337.45,0.02773722627737219,0.01934523809523808
2020-08-24,6.85,6.95,6.79,6.79,6821518,-0.008797710703529084,0.056032823868734906,0.13711449267469042,0.22535512611904993,-0.0772743338747166,6.62,6.478999999999999,6.128500000000001,5.9963999999999995,0.02616657979784037,0.02401799224389979,5774389.5,0.023564064801178224,-0.008759124087591184
2020-08-25,6.79,6.85,6.72,6.82,7801079,0.004408530284765956,0.06826000227129887,0.07614026369660466,0.18114922371713119,0.14359868287381194,6.710000000000001,6.529000000000001,6.185,6.0144,0.02445972895533667,0.022378304497762246,6034506.45,0.019061583577712593,0.0044182621502209495
2020-08-26,6.82,6.89,6.76,6.85,6018699,0.004389180418763187,0.07264918269006178,0.08052944411536787,0.21587079198513004,-0.22847865019697916,6.806,6.581999999999999,6.2515,6.033599999999999,0.02392009145013527,0.02042307132536805,6088964.8,0.018978102189781007,0.004398826979472047
2020-08-27,6.85,6.95,6.82,6.95,4863627,0.014493007302566824,0.03365350504164258,0.09186289112756627,0.21240999567110103,-0.19191390032962274,6.852000000000001,6.643000000000001,6.318,6.054200000000001,0.01080231470110643,0.02037381295191635,6236421.75,0.018705035971223007,0.01459854014598548
2020-08-28,6.98,7.05,6.89,6.92,6947593,-0.004325889947122606,0.010167117355444242,0.09545469891722894,0.2134364824625705,0.4284798155779627,6.866,6.706,6.3845,6.0712,0.009002586948846232,0.020332708841235555,6472763.95,0.023121387283237014,-0.00859598853868202
2020-08-31,6.92,6.95,6.82,6.85,7008237,-0.010167117355444313,0.008797710703529131,0.06483053457226418,0.17157657175412572,0.008728778441684768,6.878,6.749,6.4384999999999994,6.0884,0.009425377460900573,0.020209077762213857,6670944.8,0.018978102189781007,-0.010115606936416227
2020-09-01,6.85,6.89,6.79,6.82,7822064,-0.004389180418763096,0.0,0.06826000227129887,0.14660347419187544,0.11612435481277246,6.878,6.794,6.485000000000001,6.1053999999999995,0.009626274841847733,0.020199783717252714,6916669.9,0.014662756598240416,-0.004379562043795527
2020-09-03,6.82,6.92,6.79,6.85,6080561,0.004389180418763187,0.0,0.07264918269006178,0.13750172486962312,-0.22263983010110885,6.878,6.8420000000000005,6.528999999999999,6.124,0.009626274841847733,0.020156161937382466,6947061.15,0.018978102189781007,0.004398826979472047
2020-09-04,6.79,6.85,6.72,6.82,4665691,-0.004389180418763096,-0.01888218772132998,0.014771317320312723,0.14152302295945657,-0.23268741157271508,6.851999999999999,6.851999999999999,6.574000000000001,6.1426,0.005209868298974822,0.020015221955466997,7086600.75,0.019061583577712593,0.0044182621502209495
2020-09-07,6.82,6.85,6.72,6.72,6067374,-0.014771317320312656,-0.029327615094520063,-0.019160497739075744,0.13183215687156294,0.3004234528175998,6.811999999999999,6.839,6.6155,6.159599999999999,0.0071995660201787225,0.02043784716926014,7282420.55,0.01934523809523808,-0.014662756598240546
2020-09-08,6.72,6.76,6.66,6.66,12273484,-0.008968669982760375,-0.028129167721836074,-0.019331457018306922,0.11778303565638346,1.0228659054147642,6.773999999999999,6.825999999999999,6.652500000000001,6.178999999999999,0.0070387064780711855,0.020731841899980702,7767256.75,0.015015015015014961,-0.00892857142857137
2020-09-09,6.66,6.76,6.56,6.76,5021412,0.014903405502574948,-0.008836581800498112,-0.008836581800498112,0.0673036818961066,-0.5908731375703916,6.7620000000000005,6.82,6.6745,6.2008,0.011658185173138567,0.015527115982732478,7251655.85,0.029585798816568074,0.015015015015014961
2020-09-10,6.76,6.85,6.76,6.76,3249267,0.0,-0.013225762219261137,-0.013225762219261137,0.0673036818961066,-0.352917665389735,6.744,6.811,6.6965,6.220599999999999,0.011236337255791904,0.015527115982732478,7109532.95,0.0133136094674556,0.0
2020-09-11,6.76,6.79,6.69,6.72,2350091,-0.005934735519814578,-0.014771317320312656,-0.033653505041642676,0.05820938608592369,-0.27673195216028723,6.723999999999999,6.787999999999999,6.7155000000000005,6.2402,0.011317277442321293,0.01566599770363994,7036879.2,0.014880952380952328,-0.0059171597633136145
2020-09-14,6.72,6.89,6.72,6.85,5275848,0.01916049773907579,0.01916049773907579,-0.010167117355444313,0.08528758156178473,1.2449547698365724,6.75,6.781000000000001,6.7435,6.2627999999999995,0.012564527064431303,0.015849952658253588,6966546.9,0.024817518248175175,0.01934523809523808
2020-09-15,6.85,6.92,6.82,6.89,4632880,0.005822432751433229,0.03395160047326938,0.005822432751433229,0.07065296732369745,-0.12187007662085791,6.795999999999999,6.785000000000001,6.767,6.283200000000001,0.010341853594485943,0.015394317862484472,6887075.85,0.014513788098693707,0.005839416058394166
2020-09-16,6.85,6.89,6.82,6.85,2194115,-0.005822432751433253,0.013225762219261101,0.004389180418763187,0.07264918269006178,-0.5264036625166203,6.814,6.787999999999999,6.7909999999999995,6.3024000000000004,0.010430281016505758,0.015323153780151845,6761241.8,0.010218978102189693,0.0
2020-09-17,6.89,7.05,6.82,6.95,12323866,0.014493007302566824,0.027718769521828127,0.014493007302566824,0.08714218999262872,4.616782165018698,6.851999999999999,6.798,6.82,6.3225999999999996,0.011473103650501687,0.015484178984653367,6914266.65,0.033093525179856045,0.008708272859216328
2020-09-18,6.95,7.01,6.92,7.01,3280690,0.008596041469797817,0.04224954651144051,0.027478229191127967,0.04224954651144051,-0.7337937624443498,6.909999999999999,6.817,6.8345,6.342,0.009511315280198203,0.010409321591034379,6104544.35,0.012838801711840209,0.0086330935251798
2020-09-21,7.05,7.21,6.98,7.11,7244851,0.01416454276865085,0.03725359154101558,0.05641408928009145,0.03725359154101558,1.2083314790486148,6.961999999999999,6.856,6.847499999999999,6.3648,0.008288680401859018,0.010031778052106014,6097147.35,0.03234880450070317,0.008510638297872412
2020-09-22,7.11,7.21,7.01,7.21,8818518,0.013966707481708102,0.04539786627129051,0.07934946674455991,0.06001800972625295,0.21721178254735674,7.026000000000001,6.911,6.8685,6.3902,0.00867971557850627,0.010049999949370062,6196997.35,0.02773925104022194,0.014064697609001356
2020-09-23,7.21,7.37,7.21,7.27,6511427,0.008287340248570287,0.05950763927129409,0.07273340149055517,0.06389681969005721,-0.26161890240514335,7.109999999999999,6.962000000000001,6.891,6.4162,0.0031658553905056027,0.010115803805609648,6132514.75,0.022008253094910613,0.00832177531206652
2020-09-24,7.24,7.31,7.11,7.18,5599785,-0.012456908485295154,0.03255772348343202,0.06027649300526008,0.047050730785998855,-0.1400064839857684,7.156000000000001,7.0040000000000004,6.907500000000001,6.4403999999999995,0.010970968785810352,0.010695846526009566,6111569.05,0.02785515320334252,-0.008287292817679627
2020-09-25,7.18,7.24,7.08,7.18,6416344,0.0,0.023961682013634026,0.06621122852507462,0.03255772348343202,0.14581970557798202,7.19,7.05,6.919,6.464600000000001,0.011233046404990005,0.010314176651662907,6189204.9,0.022284122562674116,0.0
2020-09-28,7.18,7.37,7.18,7.31,8207740,0.01794389070155427,0.027741029946537436,0.06499462148755318,0.054827504132108844,0.2791926368037624,7.2299999999999995,7.095999999999999,6.9385,6.4874,0.012113977054384198,0.010826939979709791,6252212.25,0.02599179206566353,0.01810584958217269
2020-09-29,7.34,7.37,7.21,7.24,5923046,-0.009622067364062096,0.004152255100767288,0.049550121372057915,0.055372554123491076,-0.2783584762675231,7.236,7.131,6.958,6.5104,0.012599342510525129,0.010793371833431587,6197952.7,0.022099447513812175,-0.013623978201634829
2020-09-30,7.24,7.27,7.18,7.27,3624221,0.004135085147803017,0.0,0.05950763927129409,0.06389681969005721,-0.38811533795280334,7.236,7.173,6.980499999999999,6.5334,0.012112399556430592,0.010663366874179101,5988060.55,0.012379642365887188,0.00414364640883969
2020-10-01,7.21,7.37,7.18,7.27,6510267,0.0,0.012456908485295216,0.045014631968727216,0.05950763927129409,0.7963217474872532,7.2540000000000004,7.205,7.0015,6.5574,0.010007889503352572,0.010682641566106132,6009545.85,0.026134800550206384,0.00832177531206652
2020-10-02,7.24,7.6,7.24,7.44,23518516,0.023114557299572697,0.0355714657848678,0.05953314779850179,0.08701137698962969,2.6125271052631174,7.306,7.247999999999999,7.032500000000001,6.585799999999999,0.013349936765635704,0.011428921325155748,6952187.1,0.04838709677419347,0.027624309392265217
2020-10-05,7.44,7.63,7.4,7.63,12875000,0.02521699645136501,0.0428445715346785,0.07058560148121598,0.12699969076130752,-0.4525589964945067,7.37,7.3,7.078,6.622999999999999,0.01510572173651001,0.01140542949821054,7292568.4,0.030144167758846596,0.025537634408602083
2020-10-06,7.63,7.82,7.63,7.76,10965000,0.01689448889876183,0.06936112779750232,0.07351338289826964,0.15286284964282956,-0.1483495145631068,7.473999999999999,7.3549999999999995,7.133,6.669799999999999,0.011297224699512104,0.011037431206800365,7227144.2,0.02448453608247428,0.017038007863695925
2020-10-07,7.76,7.79,7.53,7.56,17681800,-0.026111144003685773,0.03911489864601358,0.03911489864601358,0.11184830013656885,0.6125672594619243,7.531999999999999,7.383999999999999,7.172999999999999,6.707199999999999,0.021397430957345143,0.01321323825549591,7860163.6,0.03439153439153436,-0.025773195876288683
2020-10-08,7.5,7.66,7.44,7.5,13890500,-0.007968169649176845,0.03114672899683672,0.04360363748213193,0.10388013048739203,-0.2144182153400672,7.578,7.4159999999999995,7.209999999999999,6.7467999999999995,0.022399013636947147,0.013507587347311402,8392225.25,0.0293333333333333,0.0
2020-10-09,7.5,7.69,7.47,7.6,8717300,0.013245226750020505,0.02127739844728488,0.05684886423215259,0.12306009275722721,-0.3724271984449804,7.609999999999999,7.458,7.254,6.7863999999999995,0.020925431468911123,0.01335590368765028,8710585.7,0.028947368421052718,0.013333333333333286
2020-10-12,7.66,7.69,7.53,7.53,8642000,-0.009253205480483159,-0.013192803484563332,0.0296517680501151,0.0946463895376683,-0.008637995709680749,7.590000000000001,7.480000000000001,7.287999999999999,6.8252,0.01772678167672231,0.013410546929193646,8878893.3,0.021248339973439594,-0.01697127937336813
2020-10-13,7.56,7.56,7.47,7.56,5319900,0.003976148379639417,-0.026111144003685773,0.043249983793816525,0.09280010516587435,-0.38441333024762786,7.55,7.511999999999999,7.321499999999999,6.860999999999999,0.014881135707359931,0.013409002512726642,8913244.3,0.011904761904761887,0.0
2020-10-14,7.6,7.79,7.56,7.76,20284500,0.026111144003685804,0.026111144003685804,0.0652260426496994,0.12473368192099346,2.812947611797214,7.590000000000001,7.561,7.366999999999999,6.898399999999999,0.014881135707359975,0.013986431663801552,9817763.55,0.029639175257732013,0.02105263157894739
2020-10-15,7.76,8.02,7.73,7.92,16334800,0.020408871631207033,0.054488185284069776,0.08563491428090653,0.1306495462496338,-0.19471517661268456,7.6739999999999995,7.626,7.4155,6.9374,0.013976668188363996,0.014230655007932465,10018310.25,0.03661616161616151,0.020618556701030948
2020-10-16,7.92,8.08,7.82,7.98,8711000,0.007547205635382904,0.04879016416943204,0.07006756261671684,0.12960071041521867,-0.4667213556333717,7.75,7.68,7.464,6.9786,0.013969697017186838,0.014224581523487753,10289825.75,0.03258145363408518,0.007575757575757638
2020-10-19,8.08,8.31,8.05,8.18,14148600,0.02475373915293818,0.0827971088028534,0.06960430531829002,0.14018990679950605,0.6242222477327517,7.88,7.734999999999999,7.5175,7.024400000000001,0.010158239366511506,0.014714306875388787,10635013.2,0.031784841075794594,0.012376237623762332
2020-10-20,8.21,8.28,8.08,8.18,11356300,0.0,0.07882096042321413,0.052709816419528335,0.12622319931779794,-0.19735521535699646,8.004,7.777000000000001,7.566,7.0696,0.011461599331978092,0.014698160443225613,10761902.3,0.024449877750611162,-0.003654080389768713
2020-10-21,8.21,8.28,8.15,8.15,8864800,-0.0036742233618842243,0.049035593057644,0.0751467370613298,0.11426163570734335,-0.21939364053432897,8.081999999999999,7.836,7.610000000000001,7.1062,0.012438167029586798,0.014856030371135358,10879570.95,0.01595092024539865,-0.007308160779537209
2020-10-22,8.18,8.4,8.08,8.28,9439500,0.015825041144396892,0.044451762570833796,0.09893994785490345,0.14254358533703543,0.06482943777637397,8.154,7.914,7.665000000000001,7.1454,0.011602240304770702,0.01437366171577963,11071556.7,0.03864734299516912,0.012224938875305581
2020-10-23,8.34,8.37,8.24,8.28,8023000,0.0,0.036904556935450764,0.08569472110488298,0.14254358533703543,-0.15006091424333917,8.214,7.981999999999999,7.719999999999999,7.1842,0.012291157208194393,0.01437366171577963,11151889.5,0.015700483091787322,-0.007194244604316606
2020-10-26,8.28,8.34,8.02,8.02,11660700,-0.031904546518745226,-0.01975372873623254,0.06304338006662086,0.09269514811673606,0.4534089492708463,8.181999999999999,8.030999999999999,7.7555,7.2188,0.017347838289717265,0.016555603135063587,11324537.5,0.039900249376558644,-0.03140096618357486
2020-10-27,7.98,8.05,7.89,7.89,11720500,-0.016342287020640184,-0.03609601575687278,0.04272494466634131,0.08597492846015774,0.005128337063812636,8.123999999999999,8.064,7.788000000000001,7.248200000000001,0.01794657214806324,0.016924279011134722,11614410.2,0.020278833967047025,-0.011278195488721898
2020-10-28,7.89,7.92,7.66,7.69,14911600,-0.025675351340230225,-0.058097143735218744,-0.009061550677574743,0.05616449197212469,0.27226654152979823,8.032,8.056999999999999,7.809,7.2746,0.019490833776802302,0.01820378767182197,12178779.15,0.03381014304291285,-0.02534854245880853
2020-10-29,7.63,7.86,7.5,7.73,8510000,0.0051880790817778995,-0.06873410579783758,-0.024282343227003796,0.06135257105390273,-0.4293033611416615,7.922,8.038,7.831999999999999,7.301799999999999,0.016017449895888075,0.018198628635655762,12278765.8,0.04657179818887455,0.013106159895150791
2020-10-30,7.79,7.86,7.69,7.79,4392700,0.0077319972833261846,-0.061002108514511356,-0.02409755157906053,0.04597001103765625,-0.4838190364277321,7.824,8.019,7.849499999999999,7.323200000000001,0.017934900320192227,0.01762273863953811,11322475.0,0.021822849807445435,0.0
2020-11-02,7.82,7.92,7.76,7.92,3775100,0.016550345943677595,-0.01254721605208864,-0.03230094478832118,0.037303360529968875,-0.1405968994012794,7.804,7.993,7.864,7.344600000000001,0.01771596301913365,0.0171291679940784,10867480.0,0.02020202020202022,0.012787723785166195
2020-11-03,7.92,8.15,7.92,8.08,7704400,0.020000666706669435,0.023795737675221158,-0.012300278081651676,0.0404095383378767,1.0408466000900638,7.8420000000000005,7.983,7.88,7.3704,0.01807357744234321,0.01728597383442814,10704450.0,0.02846534653465352,0.02020202020202022
2020-11-04,8.11,8.31,8.11,8.24,12599900,0.019608471388376337,0.06907956040382773,0.010982416668608927,0.08612915372993875,0.6354161258501635,7.952000000000001,7.992,7.914,7.3988,0.006905352691687785,0.016368661053520854,10450355.0,0.024271844660194303,0.01602959309494461
2020-11-05,8.24,8.31,8.05,8.05,8546200,-0.023328252490908263,0.04056322883114151,-0.028170876966696106,0.07076907088820737,-0.3217247755934571,8.016,7.968999999999999,7.9415000000000004,7.4228000000000005,0.018257524540466096,0.017308261416734264,10183140.0,0.032298136645962705,-0.023058252427184404
2020-11-06,8.05,8.11,8.02,8.11,3669400,0.007425776696849477,0.04025700824466468,-0.02074510026984675,0.06494962083503619,-0.570639582504505,8.08,7.952,7.9670000000000005,7.445999999999999,0.0182596341079463,0.01718496724865644,9930745.0,0.011097410604192339,0.007453416149068163
2020-11-09,8.11,8.24,8.11,8.21,5897700,0.012255055337015573,0.035961717638002516,0.023414501585913967,0.08645788165253478,0.6072654929961302,8.138,7.971000000000001,8.001000000000001,7.471800000000001,0.017856411292231467,0.017033832980893195,9793530.0,0.015834348355663917,0.01233045622688057
2020-11-10,8.31,8.4,8.18,8.18,8852600,-0.0036607728496812577,0.012300278081651687,0.036096015756872865,0.07882096042321413,0.5010258236261593,8.158,8.0,8.032,7.4984,0.0167120461420266,0.017127356435967203,9970165.0,0.02689486552567245,-0.015643802647412847
2020-11-11,8.18,8.24,8.15,8.21,4525100,0.003660772849681377,-0.00364742045704342,0.0654321399467842,0.056370589269209695,-0.48883943700155885,8.152,8.052000000000001,8.054499999999999,7.5262,0.013907531104227279,0.016314257360484644,9182195.0,0.010962241169305706,0.0036674816625918262
2020-11-12,8.21,8.53,8.21,8.53,18943100,0.03823643803925076,0.057917270073115604,0.098480498904257,0.07419815567725323,3.18622792866456,8.248000000000001,8.132000000000001,8.084999999999999,7.559799999999999,0.015994328807140794,0.017749813750485257,9312610.0,0.03751465416178178,0.038976857490864616
2020-11-13,8.53,8.63,8.5,8.57,6222800,0.004678371106100721,0.05516986448236706,0.09542687272703154,0.07132932114797094,-0.6715004407937455,8.34,8.209999999999999,8.114500000000001,7.5948,0.01621849605976583,0.01772875070729792,9188200.0,0.015169194865811059,0.004689331770222852
2020-11-16,8.57,8.66,8.47,8.47,8979100,-0.011737223945725307,0.031177585199626073,0.06713930283762873,0.03483835804930752,0.44293565597480233,8.392,8.264999999999999,8.129000000000001,7.6298,0.019066127871344988,0.01730619952545474,8929725.0,0.02243211334120419,-0.011668611435239165
2020-11-17,8.47,8.79,8.47,8.79,16771100,0.037084203033122425,0.07192256108242988,0.08422283916408159,0.07192256108242988,0.8677929859340023,8.514,8.336,8.1595,7.6724,0.02222466642053157,0.019012277519138147,9200465.0,0.03640500568828197,0.03778040141676487
2020-11-18,8.79,8.95,8.7,8.79,7919600,0.0,0.06826178823274855,0.06461436777570512,0.07559678444431407,-0.5277829122717055,8.629999999999999,8.391,8.1915,7.712999999999999,0.02272101749561021,0.018955996640743312,9153205.0,0.028441410693970423,0.0
2020-11-19,8.83,8.89,8.73,8.79,6411600,0.0,0.030025350193497762,0.08794262026661347,0.05977174329991735,-0.19041365725541695,8.681999999999999,8.465,8.216999999999999,7.7536000000000005,0.018402332501016846,0.018755974575237495,9001810.0,0.018202502844141086,-0.004530011325028417
2020-11-20,8.83,8.86,8.66,8.83,9590800,0.004540302918783231,0.02988728200618013,0.08505714648854716,0.06431204621870039,0.4958512695738973,8.734,8.537,8.2445,7.795799999999999,0.018404924381839247,0.018745372080203535,9080200.0,0.022650056625141482,0.0
2020-11-23,8.89,8.92,8.73,8.83,10891200,0.0,0.041624505951905574,0.07280209115153168,0.0962165927374455,0.13558827209409016,8.806000000000001,8.599,8.285,7.835400000000001,0.016196701562726595,0.016862307318637082,9041725.0,0.02151755379388443,-0.006749156355455623
2020-11-24,8.83,8.99,8.76,8.83,10353900,0.0,0.004540302918783231,0.07646286400121302,0.11255887975808582,-0.04933340678713089,8.814,8.664,8.331999999999999,7.874199999999999,0.002030485192968439,0.01616485299438341,8973395.0,0.026047565118912847,0.0
2020-11-25,8.83,8.92,8.76,8.83,6484600,0.0,0.004540302918783231,0.07280209115153168,0.13823423109831598,-0.37370459440404097,8.822,8.725999999999999,8.389,7.9138,0.002030485192968439,0.014479683127673585,8552045.0,0.018120045300113265,0.0
2020-11-26,8.83,8.95,8.73,8.86,10030200,0.003391750001120884,0.007932052919903993,0.0379574031134018,0.13643790201765893,0.546772352959319,8.836,8.758999999999999,8.4455,7.952000000000001,0.0022099109687717276,0.014496498899658688,8628055.0,0.02483069977426624,0.003397508493771162
2020-11-27,8.89,8.92,8.79,8.79,5460400,-0.007932052919903943,-0.004540302918783098,0.02534697908739706,0.12077385181442868,-0.4556040756914119,8.828,8.781,8.4955,7.9876,0.00419221187070158,0.014863242720829326,8681440.0,0.01478953356086471,-0.011248593925759439
2020-11-30,8.86,8.86,8.73,8.79,8939000,0.0,-0.004540302918783098,0.037084203033122425,0.10422350587075095,0.6370595560764779,8.819999999999999,8.812999999999999,8.539,8.0212,0.00419221187070158,0.01470710346421824,8939635.0,0.014789533560864506,-0.007900677200902968
2020-12-01,8.79,8.83,8.66,8.83,9242900,0.004540302918783231,0.0,0.004540302918783231,0.08876314208286461,0.03399709139724801,8.819999999999999,8.816999999999998,8.5765,8.0536,0.0048743148797697365,0.01428920981369951,9016560.0,0.01925254813137032,0.004550625711035373
2020-12-09,9.08,9.36,8.99,9.23,24200930,0.04430403389889228,0.04430403389889228,0.048844336817675305,0.11345870459338046,1.6183264992588906,8.9,8.861,8.626000000000001,8.0928,0.020404127756166977,0.016556291508294334,9596611.5,0.04008667388949071,0.016519823788546294
2020-12-10,9.31,9.31,9.02,9.04,9233750,-0.020799874110675798,0.02011240978709547,0.028044462706999406,0.11598708297361292,-0.6184547453341669,8.936,8.886,8.6755,8.13,0.0244852618495485,0.016331316529180125,9630989.0,0.03207964601769922,-0.02900107411385621
2020-12-11,9.08,9.13,8.99,9.12,4459820,0.008810629682154906,0.0368550923891545,0.03231478947037119,0.11737193595891841,-0.5170087992419115,9.001999999999999,8.915,8.726,8.1688,0.023569387782258592,0.016341507904224704,9670510.0,0.01535087719298252,0.004405286343612241
2020-12-14,9.15,9.21,9.08,9.12,7325960,0.0,0.0368550923891545,0.03231478947037119,0.10511688062190305,0.6426582238745061,9.068000000000001,8.943999999999999,8.7715,8.205,0.023569387782258592,0.016319179848672205,9741923.0,0.014254385964912368,-0.003278688524590288
2020-12-15,9.12,9.13,9.02,9.05,7305490,-0.007705046374405152,0.02460974309596611,0.02460974309596611,0.10107260709717918,-0.0027941730503579054,9.112,8.966,8.815,8.2412,0.02455274540001625,0.016459931898274056,9664567.5,0.012154696132596817,-0.0076754385964910654
2020-12-16,9.07,9.2,9.05,9.13,10461450,0.00880093689504228,-0.01089335390788365,0.033410679991008614,0.10621277114254016,0.4319984012023834,9.092,8.996,8.861,8.2784,0.01248352070136672,0.01647715962009594,9961385.0,0.016429353778751214,0.006615214994487376
2020-12-17,9.08,9.33,9.07,9.15,13567290,0.0021881846805526933,0.01209470488334492,0.032207114670440434,0.07016451778384229,0.29688427512438526,9.114,9.025,8.892,8.316,0.0068917196731202645,0.014544137201780246,9692594.5,0.02841530054644806,0.007709251101321617
2020-12-18,9.2,9.26,9.15,9.18,11693630,0.0032733253449691085,0.0065574005461590396,0.04341249293531346,0.06875947202271071,-0.13810127151406065,9.126000000000001,9.064,8.9225,8.3508,0.005994312731413144,0.014541580748607971,9966136.0,0.011982570806100157,-0.0021739130434782145
2020-12-21,9.21,9.47,9.16,9.36,22481640,0.019418085857101516,0.025975486403260736,0.06283057879241512,0.09991478182553756,0.9225544163788318,9.174000000000001,9.121,8.966999999999999,8.385399999999999,0.009930306143934498,0.014499071736855124,10641263.0,0.033119658119658175,0.01628664495113991
2020-12-22,9.36,9.37,9.25,9.29,7573290,-0.007506737663753615,0.0261737951139122,0.05078353820987833,0.05532384112866155,-0.6631344510453864,9.222,9.166999999999998,8.992,8.416,0.009866090408742477,0.012610487178347965,10181372.5,0.012917115177610251,-0.007478632478632509
2020-12-23,9.31,9.33,9.05,9.08,11216860,-0.022864360212545124,-0.005491501993675232,-0.01638485590155886,0.03245948091611641,0.48110794648032756,9.212,9.152,9.006499999999999,8.4464,0.015537564390985805,0.013849943555563474,10346235.5,0.030837004405286274,-0.02470461868958114
2020-12-24,9.08,9.15,8.57,8.83,15831250,-0.02791917799733333,-0.03559886467156139,-0.023504159788216433,0.004540302918783231,0.41137983357196223,9.148,9.131,9.008500000000002,8.473,0.01931923563650471,0.01534811572686203,10817218.0,0.06568516421291054,-0.02753303964757709
2020-12-25,8.83,9.05,8.79,9.04,9194080,0.023504159788216357,-0.015368030228314062,-0.00881062968215492,0.023504159788216357,-0.4192448480063166,9.12,9.123000000000001,9.019,8.5018,0.02366898230497204,0.01619123884089585,10797382.0,0.02876106194690283,0.023782559456398535
2020-12-28,9.15,9.15,8.94,8.99,6223680,-0.005546325920556149,-0.04033244200597174,-0.014356955602710964,0.01795783386766036,-0.32307745853853786,9.046,9.11,9.027,8.531,0.020102715371699435,0.016259779092464816,10564006.0,0.023359288097886635,-0.01748633879781422
2020-12-29,8.99,9.04,8.92,8.95,6501920,-0.004459316196764987,-0.037285020538983124,-0.011111225425070946,0.013498517670895377,0.04470666872332768,8.978,9.1,9.033,8.5588,0.020170012866673467,0.01630325621078815,10371407.0,0.013407821229050192,-0.004449388209121348
2020-12-30,8.97,9.12,8.97,8.99,6741290,0.004459316196764897,-0.009961344129673042,-0.015452846123348223,0.01795783386766036,0.036815279179073256,8.959999999999999,9.085999999999999,9.041,8.5834,0.018591752775930868,0.016324019932642403,10384241.5,0.016685205784204512,0.0022296544035673993
2020-12-31,9.02,9.15,9.0,9.08,6774680,0.009961344129672907,0.027919177997333233,-0.007679686674228074,0.02452742799621242,0.004953057945882761,9.010000000000002,9.079,9.052,8.6066,0.011898640020112837,0.01644251192699798,10221465.5,0.016519823788546294,0.006651884700665244
2021-01-04,9.23,9.33,9.21,9.26,10776300,0.01962985604488613,0.024044874254002868,0.008676844025689035,0.05208933696100237,0.5906729173924082,9.054,9.087,9.075500000000002,8.632200000000001,0.010481664499699709,0.01678595330797429,10487260.5,0.012958963282937282,0.0032502708559045894
2021-01-05,9.25,9.57,9.15,9.49,18693900,0.02453456396374857,0.05412576413830759,0.013793322132335988,0.07662390092475108,0.734723420840177,9.154,9.1,9.110499999999998,8.658399999999999,0.011622777070028494,0.017468234344524346,10975005.5,0.04425711275026343,0.02594594594594597
2021-01-06,9.6,9.89,9.47,9.67,15883900,0.01878969684336645,0.07737477717843909,0.04008975663945581,0.09087329484933425,-0.15031641337548612,9.297999999999998,9.138,9.1525,8.6882,0.008094310252111197,0.017786373690150802,11307055.5,0.043433298862461216,0.007291666666666696
2021-01-07,9.68,9.7,9.57,9.67,11636100,0.0,0.07291546098167404,0.06295411685200093,0.046569260950442046,-0.2674280246035294,9.434000000000001,9.197,9.174499999999998,8.7186,0.009698250764127635,0.015135114720965718,10678814.0,0.013443640124095036,-0.0010330578512396473
2021-01-08,9.68,9.83,9.63,9.76,15519300,0.009264090959798172,0.07221820781179912,0.10013738580913246,0.0766332260209161,0.3337200608451285,9.569999999999999,9.29,9.2105,8.748199999999999,0.009785937079575136,0.014179958261696057,10993091.5,0.020491803278688454,0.008264462809917363
2021-01-11,9.86,9.99,9.75,9.81,9821800,0.005109873152270644,0.05769822491918377,0.08174309917318663,0.07293246949103184,-0.3671235171689445,9.68,9.367,9.245,8.7788,0.010013923925410789,0.014135643692113276,11261190.5,0.024464831804281367,-0.005070993914807195
2021-01-12,9.78,9.79,9.68,9.73,9277600,-0.008188377379358033,0.024975283576077114,0.07910104771438484,0.06474409211167378,-0.05540735913987253,9.728,9.441,9.2755,8.813,0.010090632519508135,0.01436356673095767,11358772.5,0.0113052415210688,-0.005112474437627703
2021-01-13,9.79,9.81,9.6,9.65,9915300,-0.008255980847019149,-0.002070394114308402,0.07530438306413058,0.06419315763905986,0.06873544882297146,9.724,9.511,9.3055,8.848199999999999,0.007846776765639718,0.014386166993180793,11489263.0,0.02176165803108817,-0.014300306435137774
2021-01-14,9.67,9.67,9.44,9.65,8491200,0.0,-0.002070394114308402,0.07084506686736576,0.055392220744017444,-0.14362651659556444,9.72,9.577000000000002,9.3315,8.8874,0.007846776765639718,0.014340668876280802,11390750.5,0.023834196891191754,-0.0020682523267838235
2021-01-15,9.7,9.83,9.68,9.78,8184100,0.013381568695831368,0.002047083621724823,0.07426529143352388,0.06658560475929584,-0.03616685509704164,9.724,9.647,9.363,8.9284,0.009213438798513546,0.01453390208953958,11121591.0,0.015337423312883474,0.008247422680412378
2021-01-18,9.81,9.86,9.67,9.68,8419100,-0.010277582758240296,-0.013340372288786186,0.04435785263039757,0.05303469665608651,0.028714214146943463,9.698,9.689,9.388,8.9662,0.009801947834565646,0.014849090213393545,10957864.5,0.019628099173553668,-0.013251783893985809
2021-01-19,9.63,9.67,9.02,9.02,13077400,-0.07061756721395342,-0.07576956212338146,-0.05079427854730427,-0.037000956414968374,0.5533014217671722,9.556000000000001,9.642,9.371,8.988199999999999,0.03237086575226062,0.02160820175388697,10487652.5,0.07206208425720625,-0.06334371754932515
2021-01-20,9.05,9.15,8.5,9.15,12323000,0.01430954521289765,-0.05320403606346457,-0.05527443017777297,-0.015184673538317062,-0.05768730787465398,9.456,9.59,9.364,9.0096,0.03503628505150923,0.02185684293040367,10725138.0,0.07103825136612026,0.011049723756906037
2021-01-21,9.33,9.41,9.16,9.36,6535000,0.02269141120207067,-0.030512624861393944,-0.03258301897570232,0.03037109787629877,-0.46969082204008766,9.398,9.559000000000001,9.378,9.032,0.03809525908392655,0.02180564845392554,10491045.0,0.02670940170940171,0.0032154340836012176
2021-01-22,9.34,9.41,9.21,9.26,5438100,-0.010741241831412625,-0.0546354353886379,-0.052588351766913136,0.047549034042219246,-0.16785003825554706,9.294,9.509,9.3995,9.056199999999999,0.03650513953257408,0.02090480706346699,9971387.5,0.021598272138228864,-0.00856531049250536
2021-01-25,9.15,9.21,9.07,9.08,7683600,-0.019629856044886092,-0.06398770867528374,-0.07732808096406985,0.0044150182091169145,0.4129199536602858,9.174,9.436,9.4015,9.075600000000001,0.03670260269340546,0.020835401101914848,9895863.5,0.015418502202643234,-0.007650273224043746
2021-01-26,9.07,9.26,8.89,8.99,8096200,-0.009961344129673042,-0.003331485591003357,-0.0791010477143848,0.0,0.05369878702691447,9.168,9.361999999999998,9.4015,9.0912,0.018147846763365796,0.020922923851500266,9989489.5,0.041156840934371434,-0.008820286659316435
2021-01-27,8.99,9.16,8.79,8.89,6387700,-0.011185798957715628,-0.028826829761616678,-0.08203086582508134,-0.006726482760950674,-0.21102492527358513,9.116,9.286,9.3985,9.1054,0.0163841304250215,0.021052041314050043,9983778.5,0.04161979752530945,-0.011123470522803075
2021-01-28,8.4,8.63,8.28,8.28,15154800,-0.07108408112864506,-0.12260232209233239,-0.1531149469537264,-0.08226988008636073,1.3724971429466004,8.9,9.149,9.363,9.1068,0.026323642951885634,0.026275350801691896,10404454.0,0.04227053140096636,-0.014285714285714403
2021-01-29,7.92,8.7,7.92,8.66,7621200,0.044871754177175656,-0.06698932608374417,-0.1216247614723821,-0.04735947003885817,-0.49710982658959535,8.78,9.036999999999999,9.342,9.1094,0.04116609246256254,0.02833818678011378,10446780.0,0.09006928406466505,0.09343434343434347
2021-02-01,8.66,8.86,8.5,8.61,7528200,-0.005790404134704441,-0.05314987417356262,-0.1171375828488462,-0.07277973021844861,-0.012202802708234924,8.686,8.93,9.3095,9.110199999999999,0.04110753684892522,0.027865752244601267,10284375.0,0.041811846689895404,-0.005773672055427333
2021-02-02,8.61,8.86,8.52,8.84,6544600,0.026362558209912637,-0.016825971833976903,-0.02015745742498017,-0.07095173597228449,-0.1306554023538163,8.656,8.912,9.277000000000001,9.1176,0.04433800176187971,0.027965843335766186,9676910.0,0.03846153846153844,0.026713124274099935
2021-02-03,8.84,9.12,8.79,9.08,7054500,0.026787315963649982,0.021147143087388742,-0.007679686674228074,-0.062954116852001,0.07791156067597714,8.693999999999999,8.905,9.247499999999999,9.123399999999998,0.04588859916318985,0.028356502517658803,9235440.0,0.03634361233480177,0.02714932126696835
2021-02-04,9.08,9.12,8.99,9.12,4250800,0.004395611473037908,0.0966268356890717,-0.025975486403260677,-0.05855850537896302,-0.3974342618186973,8.861999999999998,8.881,9.22,9.13,0.020071872110324396,0.0283991854772814,8866175.0,0.014254385964912172,0.004405286343612241
2021-02-05,9.12,9.26,9.1,9.21,5610600,0.009820046180975733,0.06157512769287173,-0.005414198390872403,-0.058002550157785486,0.3198927260750917,8.972,8.876,9.192499999999999,9.1384,0.01417329345186191,0.02841201658466958,8370740.0,0.017372421281216084,0.009868421052631759
2021-02-08,9.21,9.29,8.79,8.89,5755400,-0.03536280074140228,0.03200273108617395,-0.02114714308738871,-0.09847522405145849,0.025808291448329947,9.028,8.857,9.1465,9.1396,0.025367263332921754,0.02924071982160651,8167420.0,0.056242969628796394,-0.03474484256243217
2021-02-09,8.89,9.23,8.83,9.23,5954800,0.037531998988947546,0.04317217186520878,0.026346200031231944,-0.05275484768315287,0.03464572401570699,9.106,8.881,9.121500000000001,9.1476,0.027927255251033355,0.03072174819580571,8001280.0,0.043336944745395484,0.03824521934758154
2021-02-17,9.31,9.54,9.28,9.5,6855800,0.028832750091734225,0.04521760599329325,0.06636474908068189,-0.015666116744399463,0.15130650903472828,9.190000000000001,8.942,9.114,9.161,0.028272488531699638,0.03147491819063869,7848305.0,0.027368421052631556,0.02040816326530607
2021-02-18,9.5,9.52,9.31,9.42,5547900,-0.008456710018223509,0.032365284502031716,0.1289921201911035,-0.024122826762622864,-0.19077277633536568,9.25,9.056000000000001,9.102500000000001,9.1728,0.029363893753146134,0.03152061213130759,7701140.0,0.02229299363057315,-0.008421052631578954
2021-02-19,9.37,10.07,9.34,10.05,31184200,0.06473754591681316,0.08728278423786932,0.148857911930741,0.027233150458358852,4.620901602408118,9.418000000000001,9.195,9.116000000000001,9.1966,0.03946300486859757,0.034702743391053774,8851145.0,0.07263681592039804,0.07257203842049109
2021-02-22,10.17,10.41,10.05,10.22,12587300,0.016773950270473608,0.13941953524974512,0.17142226633591914,0.05428468348707281,-0.5963564882215994,9.684000000000001,9.356,9.143,9.225200000000001,0.026908401417809688,0.03475236088905165,9059555.0,0.035225048923679,0.004916420845624455
2021-02-23,10.3,10.43,10.17,10.25,13951000,0.0029311208088587263,0.10481865706965644,0.1479908289348652,0.127833371509885,0.10833935792425699,9.888,9.497,9.2045,9.2544,0.0282239259158406,0.030173907017539362,9103235.0,0.025365853658536566,-0.004854368932038904
2021-02-24,10.25,10.3,10.02,10.09,18685200,-0.01573287121889961,0.06025303575902237,0.10547064175231559,0.09779095507808762,0.3393448498315533,10.006,9.598,9.2515,9.2796,0.031913399402489016,0.03050496403156517,9421345.0,0.02775024777006949,-0.01560975609756099
2021-02-25,10.18,10.49,10.05,10.47,15014200,0.03696919051692802,0.10567893629417388,0.13804422079620565,0.11206873439294503,-0.19646565195983987,10.216,9.733,9.307,9.304400000000001,0.031070659379942914,0.03110466894149704,9845305.0,0.04202483285577836,0.028487229862475535
2021-02-26,10.31,10.78,10.31,10.68,13071400,0.019858808649603255,0.0608001990269639,0.14808298326483318,0.14266878487396067,-0.12939750369650066,10.342,9.88,9.378,9.3372,0.01974361037005218,0.031010827588452958,10226970.0,0.04400749063670401,0.03588748787584861
2021-03-01,10.8,10.81,10.64,10.75,8464900,0.006532921041623095,0.05055916979811329,0.18997870504785855,0.16883156196046983,-0.3524106063619811,10.448,10.066,9.4615,9.3698,0.01967638916090984,0.030367589396087108,10266035.0,0.015813953488372088,-0.004629629629629695
2021-03-02,10.8,10.81,10.6,10.67,9574100,-0.007469689260009829,0.04015835972924485,0.14497701679890113,0.17132321683013307,0.1310352160096398,10.532,10.21,9.5455,9.4008,0.021121985636993676,0.030293137744795737,10339930.0,0.019681349578256874,-0.012037037037037108
2021-03-03,10.64,10.81,10.57,10.75,9072300,0.0074696892600099206,0.06336092020815426,0.12361395596717663,0.18997870504785855,-0.05241223718156276,10.664,10.335,9.6385,9.434800000000001,0.016676657782301298,0.029938068237494838,10474160.0,0.02232558139534886,0.0103383458646616
2021-03-04,10.8,10.8,10.36,10.47,9814000,-0.026391729691226284,0.0,0.10567893629417388,0.23467105648527722,0.081754351156818,10.664,10.440000000000001,9.748000000000001,9.4616,0.017643463730902004,0.024840668748141795,10207120.0,0.042024832855778536,-0.03055555555555556
2021-03-05,10.38,10.54,10.22,10.49,10157000,0.001908397525760169,-0.01795041112384296,0.04284978790312099,0.191707699833862,0.03495007132667618,10.626000000000001,10.484,9.839500000000001,9.4884,0.014053411489086834,0.02365343909593722,10333910.0,0.03050524308865572,0.0105973025048169
2021-03-08,10.51,10.57,10.2,10.28,16047000,-0.020222162381186817,-0.044705494546652805,0.005853675251460508,0.17727594158737958,0.579895638475928,10.532,10.49,9.922999999999998,9.510399999999999,0.014326352425968653,0.024356863992098174,10759850.0,0.035992217898832786,-0.021883920076118023
2021-03-09,10.15,10.44,10.05,10.36,8819900,0.007751976804317924,-0.029483828482325027,0.010674531246919824,0.15866536018178498,-0.45037078581666357,10.469999999999999,10.501000000000001,9.998999999999999,9.5304,0.016210578353369576,0.024006130207521757,10873615.0,0.03764478764478753,0.020689655172413703
2021-03-10,10.38,10.73,10.31,10.59,12152700,0.0219579227819781,-0.014995594960356759,0.048365325247797436,0.15383596700011318,0.3778727649973356,10.437999999999999,10.551,10.0745,9.5564,0.020039780264595963,0.02383014580047934,11128525.0,0.03966005665722379,0.02023121387283228
2021-03-11,10.67,10.7,10.59,10.67,7124300,0.0075259057003469665,0.018922040431216546,0.018922040431216546,0.15696626122742213,-0.4137681338303422,10.478,10.571000000000002,10.152,9.5882,0.015328501912742643,0.023817633741583147,11272200.0,0.01030927835051541,0.0
2021-03-12,10.67,10.68,10.55,10.65,5195500,-0.001876173158227852,0.015137469747228427,-0.0028129413766146126,0.14527004188821852,-0.2707353704925396,10.51,10.568,10.224,9.6246,0.015536328820747947,0.023910085614007814,11251445.0,0.012206572769952958,-0.0018744142455482263
2021-03-15,10.67,10.94,10.54,10.83,18052500,0.0167601688574651,0.052119800985880226,0.007414306439227461,0.19739301148708596,2.4746415166971416,10.62,10.575999999999999,10.321000000000002,9.660400000000001,0.00921969805326302,0.021763678669653043,11866300.0,0.036934441366574366,0.014995313964386144
2021-03-16,10.8,10.89,10.68,10.81,6112900,-0.001848429361782316,0.04251939481977999,0.013035566337454944,0.15801258313635613,-0.6613820800443152,10.709999999999999,10.59,10.4,9.696800000000001,0.010782506889606762,0.02089329210688306,11874205.0,0.0194264569842739,0.0009259259259259061
2021-03-17,10.8,10.85,10.73,10.83,6246400,0.001848429361782375,0.02240990139958411,0.007414306439227461,0.131028262406404,0.021839061656496916,10.758,10.597999999999999,10.4665,9.7344,0.00786535422794333,0.0203342221305928,11843735.0,0.011080332409972226,0.0027777777777777185
2021-03-18,10.96,11.07,10.83,10.97,10281900,0.012844213274239732,0.02772820897347692,0.046650249404693374,0.15232918569886725,0.6460521260245902,10.818000000000001,10.648,10.544,9.774,0.008695685253621487,0.02006279656012908,12080435.0,0.021877848678213328,0.000912408759124068
2021-03-19,10.96,11.06,10.89,10.93,7108900,-0.003652972098691813,0.02595141003301297,0.04108887978024143,0.08393866768336232,-0.3086005504819148,10.874,10.692,10.588,9.811,0.00910164168693504,0.01500547042078646,10876670.0,0.015553522415370533,-0.002737226277372366
2021-03-22,11.01,11.02,10.78,10.8,8706000,-0.011965168058273112,-0.002773926882725208,0.049345874103155,0.05519954935461558,0.22466204335410542,10.868,10.744,10.617,9.8418,0.009038497034789079,0.01511335072324869,10682605.0,0.02222222222222224,-0.019073569482288746
2021-03-23,10.85,10.85,10.6,10.67,10347000,-0.012110068816512042,-0.013035566337454979,0.029483828482324993,0.04015835972924485,0.1884906960716747,10.84,10.775,10.638,9.865400000000001,0.010459069346137181,0.01547431003270889,10502405.0,0.023430178069353328,-0.016589861751152048
2021-03-24,10.47,10.59,10.36,10.49,9941600,-0.01701364290545617,-0.03189763860469347,-0.009487737205109302,0.03887758804268816,-0.03918043877452402,10.772,10.765,10.658,9.8818,0.011769762193802146,0.015554037057794635,10065225.0,0.021925643469971442,0.0019102196752626144
2021-03-25,10.51,10.54,10.31,10.36,8322000,-0.012470185576868917,-0.057212037455801966,-0.029483828482325027,-0.010561788051108653,-0.1629114025911322,10.65,10.734,10.6525,9.8956,0.004834494436451347,0.01348569136883389,9730615.0,0.022200772200772073,-0.014272121788772631
2021-03-26,10.34,10.49,10.13,10.49,7931700,0.012470185576868947,-0.041088879780241366,-0.01513746974722833,-0.01795041112384296,-0.04689978370583994,10.562,10.718,10.643,9.9102,0.011754094038268548,0.012989901978722282,9473630.0,0.03431839847473779,0.014506769825918796
2021-03-29,10.64,10.7,10.47,10.67,6981300,0.01701364290545624,-0.012110068816512042,-0.014883995699237216,-0.007469689260009829,-0.1198229887665948,10.536,10.702000000000002,10.639,9.9274,0.015868696857842462,0.013506566731528547,9399450.0,0.021555763823804936,0.0028195488721803907
2021-03-30,10.7,10.83,10.59,10.76,8053200,0.008399489419976348,0.008399489419976348,-0.004636076917478657,0.008399489419976348,0.15353873920330025,10.553999999999998,10.697,10.6435,9.948,0.015381647217422021,0.01353385026949069,9323405.0,0.022304832713754667,0.005607476635514066
2021-03-31,10.83,10.93,10.75,10.76,4986100,0.0,0.025413132325432512,-0.006484506279260936,0.0009298001599665274,-0.38085481547707745,10.608,10.690000000000001,10.644,9.9702,0.011638954690561748,0.013431747635420195,9119095.0,0.01672862453531596,-0.006463527239150534
2021-04-01,10.81,10.94,10.76,10.94,10439300,0.01659024226019679,0.054473560162498144,-0.002738477293303799,0.04391177211138964,1.0936804315998476,10.724,10.687000000000001,10.6675,9.996,0.007022880154338256,0.012376056740349622,9150360.0,0.01645338208409504,0.012025901942645606
2021-04-02,11.06,11.31,10.99,11.2,13979400,0.02348798130721376,0.06549135589284306,0.02440247611260152,0.06549135589284306,0.3391127757608269,10.866,10.714,10.703,10.0244,0.009070740491190927,0.01325889654613755,9341480.0,0.0285714285714286,0.012658227848101156
2021-04-05,11.35,11.41,11.18,11.23,7433500,0.002674990449303055,0.05115270343668994,0.039042634620177735,0.08838850872333287,-0.46825328697941254,10.978,10.757000000000001,10.750499999999999,10.055399999999999,0.009763562192968056,0.012057357654261039,8910805.0,0.020480854853072165,-0.010572687224669535
2021-04-06,11.22,11.3,11.04,11.23,7565000,0.0,0.042753214016713614,0.05115270343668994,0.08063653191901492,0.017690186318692406,11.072,10.812999999999999,10.794,10.0996,0.010822540324389339,0.012069182948402783,8848060.0,0.02315227070347298,0.0008912655971479311
2021-04-07,11.15,11.22,11.09,11.12,6400900,-0.009843479927915559,0.03290973408879796,0.05832286641423036,0.04883512920912126,-0.1538797091870456,11.144,10.876,10.8205,10.139,0.01336376589491257,0.011671492733067754,8560470.0,0.01169064748201446,-0.0026905829596413577
2021-04-08,11.1,11.22,11.06,11.12,4687900,0.0,0.016319491828601186,0.07079305199109939,0.04130922350877427,-0.2676186161321064,11.18,10.952000000000002,10.843,10.1742,0.012272629854420123,0.011620156598345064,8438650.0,0.014388489208633108,0.0018018018018017634
2021-04-09,11.1,11.18,11.06,11.12,5401500,0.0,-0.007168489478612516,0.05832286641423036,0.043185396667002,0.15222167708355552,11.164,11.014999999999999,10.8665,10.211400000000001,0.0048418029367724635,0.01159420543881638,8448950.0,0.010791366906474751,0.0018018018018017634
2021-04-12,11.18,11.38,11.14,11.36,12513500,0.02135312447056906,0.011509644542653354,0.06266234797934316,0.047778352280106025,1.3166712950106452,11.19,11.084,10.892999999999999,10.257,0.01147122092725155,0.011938988401233998,8172000.0,0.021126760563380302,0.01610017889087654
2021-04-13,11.43,11.48,11.12,11.18,8736000,-0.015971945566052113,-0.004462301023398792,0.03829091299331481,0.03365483607583618,-0.30187397610580574,11.18,11.126000000000001,10.9115,10.300799999999999,0.01417718802184648,0.012602092430010765,8303155.0,0.03220035778175324,-0.021872265966754158
2021-04-14,11.09,11.23,11.04,11.18,5073300,0.0,0.00538117890451675,0.03829091299331481,0.03180640671405378,-0.4192651098901099,11.192,11.168,10.929,10.3466,0.01327843696129249,0.012607590177792522,8244500.0,0.016994633273703156,0.008115419296663649
2021-04-15,11.2,11.22,10.93,10.94,9686700,-0.021700670733117985,-0.01631949182860118,0.0,-0.002738477293303799,0.909348944474011,11.155999999999999,11.168,10.9275,10.3998,0.016798161487042305,0.01333027417073826,8214740.0,0.026508226691042133,-0.023214285714285698
2021-04-16,10.93,11.01,10.57,10.7,8403400,-0.02218205552597464,-0.03850154735457582,-0.04567003683318832,-0.02126756072058669,-0.13248061775424036,11.072,11.117999999999999,10.916,10.4406,0.01855766578604281,0.014202829347521767,8279465.0,0.04112149532710276,-0.021043000914913124
2021-04-19,10.83,10.91,10.6,10.89,4291900,0.01760119547700882,-0.0422534763481361,-0.030743831805482694,0.008298802814695064,-0.48926624937525287,10.978,11.084,10.9205,10.486199999999998,0.0171084523869705,0.014543031708331504,8058760.0,0.0284664830119376,0.005540166204986196
2021-04-20,10.99,11.12,10.73,10.86,7166900,-0.0027586224390798624,-0.0290401532211638,-0.03350245424456247,0.01765024919212724,0.6698664926955428,10.914,11.047,10.93,10.526599999999998,0.016671147814294116,0.014266853056763876,7899755.0,0.03591160220994464,-0.011828935395814448
2021-04-22,10.83,10.86,10.51,10.51,7843500,-0.032759129616929596,-0.06179928283809335,-0.056418103933576554,0.001904762480653882,0.09440622863441656,10.78,10.986,10.931,10.5552,0.01993555290808465,0.01567164807423165,7794850.0,0.033301617507136026,-0.02954755309325949
2021-04-23,10.47,10.81,10.38,10.8,6687700,0.027218949241314315,-0.012879662863661026,-0.029199154692262124,0.04159389729883714,-0.1473576847070823,10.752,10.953999999999999,10.953,10.5888,0.025447545536369656,0.016488361086007194,7713135.0,0.03981481481481479,0.03151862464183382
2021-04-26,10.8,10.8,10.54,10.76,7119100,-0.003710579396535713,0.0055918132657779345,-0.03290973408879787,0.025413132325432512,0.06450648204913498,10.764,10.918000000000001,10.9665,10.6198,0.023124438238471056,0.016348071020573892,7672505.0,0.024163568773234348,-0.003703703703703789
2021-04-27,10.67,10.99,10.55,10.99,6393000,0.02115021368189173,0.00914083147066091,-0.033112644877475284,0.02954970310186801,-0.10199322948125465,10.784,10.881,10.9825,10.661800000000001,0.0238014219484578,0.016582217340644734,7643090.0,0.040036396724294765,0.029990627928772287
2021-04-28,10.83,11.09,10.8,10.93,5675200,-0.005474466227082848,0.006424987682657741,-0.02261516553850589,0.015675747454808858,-0.1122790552166432,10.797999999999998,10.856,10.991,10.695799999999998,0.023962707466158403,0.016567596559529683,7524190.0,0.02653247941445555,0.00923361034164355
2021-04-29,10.93,11.2,10.86,11.2,16646300,0.02440247611260152,0.0635865934121891,0.0017873105740956587,0.040078223567410524,1.9331653510008457,10.936,10.858,11.013,10.729800000000001,0.0159590944651716,0.017385223539048332,8107200.0,0.030357142857142846,0.02470265324794141
2021-05-04,10.99,11.23,10.83,11.14,9333200,-0.005371543801910765,0.030996100368963917,0.018116437505303003,0.018116437505303003,-0.4393228525257865,11.004,10.878,11.023,10.7642,0.015192534304260381,0.017106776484214395,8051895.0,0.035906642728904876,0.013648771610555083
2021-05-05,11.18,11.59,11.18,11.41,17558400,0.023947929374846213,0.05865460914034586,0.06424642240612391,0.018576385572935457,0.8812840183431192,11.134,10.949000000000002,11.0335,10.7914,0.015708805883678505,0.017139011283491913,8230845.0,0.03593339176161263,0.020572450805008982
2021-05-06,11.41,11.43,11.2,11.25,7783800,-0.014122035223555146,0.023382360234899233,0.03252319170555993,0.0017793599000773578,-0.5566908146528158,11.186000000000002,10.985,11.0345,10.812000000000001,0.018151393540720588,0.017457528238336614,8248360.0,0.020444444444444484,-0.01402278702892201
2021-05-07,11.15,11.44,11.15,11.38,12059100,0.01148930004775571,0.04034612650973786,0.04677111419239558,0.013268659947833175,0.5492561473830263,11.276,11.037,11.042,10.8346,0.01734727323067886,0.017642502517445858,8473065.0,0.025483304042179186,0.020627802690582998
2021-05-10,11.39,11.75,11.38,11.7,13491300,0.027731413105525377,0.043675063502661635,0.10726165691485061,0.05084355298127423,0.11876508197129139,11.376000000000001,11.156,11.071,10.866800000000001,0.01817499475266894,0.01844706039208329,8827585.0,0.03162393162393156,0.02721685689201042
2021-05-11,11.77,11.77,11.57,11.57,9777000,-0.011173300598125189,0.03787330670644724,0.0688694070754111,0.03967025238314897,-0.2753107558204176,11.462,11.233,11.0935,10.888799999999998,0.019441808446583445,0.018695617624841086,9082040.0,0.017286084701814978,-0.016992353440951513
2021-05-12,11.49,11.69,11.44,11.69,8991300,0.010318234278391744,0.024243611609992635,0.0828982207503386,0.04998848666154074,-0.08036207425590672,11.518,11.325999999999999,11.122,10.909,0.017422867382929662,0.01878017741915867,9261530.0,0.0213857998289136,0.017406440382941625
2021-05-13,11.57,11.94,11.54,11.7,11724300,0.0008550663197334765,0.03922071315328133,0.06260307338818027,0.029490428510705158,0.30396049514530715,11.608,11.397,11.139,10.927999999999999,0.014365080609391552,0.018248921524024797,9222070.0,0.03418803418803422,0.011235955056179688
2021-05-14,11.77,11.86,11.65,11.78,6118400,0.006814336419730188,0.034545749525255756,0.07489187603499343,0.05227671049648746,-0.47814368448436156,11.687999999999999,11.482,11.169,10.9502,0.014219919434627809,0.01780835593398311,9091190.0,0.017826825127334387,0.0008496176720475605
2021-05-17,11.96,12.03,11.78,11.82,9278700,0.003389833754511524,0.010204170174241889,0.0538792336769033,0.055666544250999185,0.5165239278242678,11.712,11.544,11.200999999999999,10.971599999999999,0.008202756841856671,0.01779829792100872,9301460.0,0.021150592216582064,-0.011705685618729143
2021-05-18,11.83,11.83,11.61,11.72,7881100,-0.008496227829085533,0.012881242943281399,0.050754549649728586,0.06887098715503155,-0.15062454869755462,11.741999999999999,11.602,11.239999999999998,10.9966,0.007143595980498516,0.01707237397503902,9211180.0,0.01877133105802053,-0.00929839391377848
2021-05-19,11.7,11.86,11.61,11.83,8143500,0.009341893841428715,0.011904902506318458,0.03614851411631115,0.10039493652243506,0.03329484462828793,11.77,11.644000000000002,11.2965,11.023400000000002,0.0068878301965659295,0.01600375610933348,9198185.0,0.021132713440405747,0.01111111111111118
2021-05-20,11.83,12.12,11.83,12.09,12263200,0.02173998663640582,0.03278982282299097,0.07201053597627216,0.10453372768183221,0.5058881316387303,11.848,11.727999999999998,11.3565,11.0596,0.010896966830169164,0.016200554038737446,9596750.0,0.023986765922249725,0.02197802197802196
2021-05-21,12.09,12.38,12.06,12.12,9146500,0.0024783160144670005,0.028453802417727686,0.0629995519429834,0.10977066613537904,-0.2541506295257355,11.916,11.802,11.4195,11.0948,0.011043019690790416,0.0161067461814965,9695730.0,0.026402640264026427,0.002481389578163719
2021-05-24,12.24,12.24,12.04,12.12,7546600,0.0,0.02506396866321622,0.03526813883745805,0.1425297957523085,-0.17491936806428687,11.976,11.844,11.5,11.125399999999999,0.011320174822598745,0.01346086027715285,9680885.0,0.01650165016501659,-0.009803921568627532
2021-05-25,12.12,12.36,12.06,12.28,8757400,0.01311494207782795,0.04667513857012968,0.05955638151341118,0.12842578858882223,0.16044311345506584,12.088,11.915000000000001,11.574,11.1576,0.008693791511185241,0.012700826561684525,9784370.0,0.02442996742671001,0.013201320132013214
2021-05-26,12.3,12.49,12.3,12.43,9976000,0.012140982803623456,0.04947422753232431,0.061379130038642635,0.14427735078898146,0.13915088953342317,12.207999999999998,11.989,11.6575,11.1932,0.008783996817754762,0.012528715305309475,9927215.0,0.015285599356395776,0.010569105691056829
2021-05-27,12.45,12.66,12.25,12.35,9551700,-0.006456842448633552,0.02127739844728488,0.05406722127027579,0.11667029465845616,-0.04253207698476343,12.26,12.053999999999998,11.7255,11.223600000000001,0.008317038187958028,0.012432903135578778,10085150.0,0.03319838056680163,-0.008032128514056196
2021-05-28,12.36,12.57,12.3,12.57,9416000,0.017656959528169973,0.036456041960987694,0.06490984437871543,0.13980172041370886,-0.014206895107677168,12.349999999999998,12.133,11.8075,11.258799999999999,0.01008780952729978,0.012401474440684096,10272190.0,0.021479713603818583,0.01699029126213599
2021-05-31,12.77,13.4,12.61,13.38,16030300,0.062448032097926445,0.09890407405891408,0.1239680427221302,0.1778472763990337,0.7024532710280373,12.602,12.289,11.916500000000001,11.309800000000001,0.02557448798677109,0.017201826762902658,10241390.0,0.05904334828101651,0.04776820673453416
2021-06-01,13.74,13.87,13.58,13.61,11159800,0.017043761963292107,0.10283289394437824,0.14950803251450798,0.2002625821642367,-0.3038308702893895,12.868,12.477999999999998,12.04,11.3626,0.02537808216253574,0.01695197235855062,10332720.0,0.021307861866274737,-0.009461426491994234
2021-06-02,13.79,14.42,13.74,14.42,16009600,0.057811315193428324,0.1485032263341833,0.1979774538665076,0.23412596798281876,0.43457768060359503,13.266,12.736999999999998,12.1905,11.4324,0.029475464741936297,0.019858936023425065,10255280.0,0.04715672676837723,0.04568527918781732
2021-06-03,14.97,14.97,14.42,14.84,12265700,0.02871010588243136,0.18367017466524813,0.20494757311253312,0.27695810908880525,-0.23385343793723765,13.764000000000001,13.012,12.37,11.5132,0.021917381723225066,0.019226443543483844,10479375.0,0.03706199460916447,-0.008684034736138997
2021-06-04,14.55,14.84,14.55,14.64,9488100,-0.01356872920606879,0.15244448593100943,0.18890052789199727,0.2519000798349807,-0.22645262806036345,14.178,13.264,12.533,11.5926,0.031196598504696957,0.02018099691140388,10350825.0,0.01980874316939885,0.0061855670103092685
2021-06-07,14.51,14.51,13.66,13.9,18505000,-0.05186866839651943,0.03812778543656372,0.13703185949547772,0.17229999833293563,0.9503377915494146,14.282,13.441999999999998,12.643,11.660800000000002,0.04195423618382327,0.024438780246275913,10601510.0,0.06115107913669062,-0.042039972432804926
2021-06-08,13.75,14.03,13.0,13.0,14322800,-0.06693948267510938,-0.04585545920183793,0.056977434742540356,0.1165338162559516,-0.22600378276141583,14.16,13.514,12.7145,11.713600000000001,0.052681204501128884,0.029477230523934587,10828800.0,0.07923076923076919,-0.05454545454545454
2021-06-09,13.0,13.77,12.93,13.72,12565100,0.053905264836202414,-0.049761509559063825,0.09874171677511957,0.16012084681376224,-0.12272041779540313,14.02,13.643,12.815999999999999,11.7782,0.0514542751003966,0.03137684288875002,11007490.0,0.06122448979591835,0.055384615384615435
2021-06-10,13.94,14.28,13.78,13.78,14000300,0.004363643287773272,-0.07410797215372196,0.10956220251152624,0.16362942378180212,0.11422113632203484,13.808000000000002,13.786000000000001,12.919999999999998,11.840400000000002,0.04791081341086707,0.031344548951790084,11121290.0,0.036284470246734396,-0.011477761836441905
2021-06-11,13.9,14.18,13.66,14.0,9532300,0.015839064029746167,-0.04470017891790694,0.10774430701310259,0.17265415139181806,-0.319136018513889,13.680000000000001,13.928999999999998,13.031,11.9052,0.04986814316806683,0.03138876065698312,11291985.0,0.03714285714285711,0.007194244604316521
2021-06-14,14.0,14.1,13.68,13.78,10946100,-0.01583906402974618,-0.008670574551133643,0.029457210885429918,0.15342525360756035,0.14831677559455744,13.656,13.969,13.129,11.9656,0.0444196730815378,0.03184892295123095,11375355.0,0.03047895500725689,-0.01571428571428576
2021-06-15,13.78,14.63,13.54,14.28,18178200,0.03564169132592584,0.09391059944990152,0.04805514024806357,0.1975631727625717,0.6607010716145476,13.912,14.036000000000001,13.257,12.0324,0.027078870366235134,0.03219698686767773,11890210.0,0.07633053221288527,0.036284470246734396
2021-06-16,14.28,14.32,13.94,14.02,8211200,-0.01837507530499423,0.02163025930870472,-0.028131250250358973,0.16984620361614863,-0.548294110527995,13.972,13.996,13.366499999999998,12.088799999999999,0.02255655786519832,0.03281191971570721,11893595.0,0.027104136947218315,-0.018207282913165253
2021-06-17,13.74,14.14,13.62,14.1,6392600,0.005689915777678676,0.022956531798610194,-0.051151440355111835,0.1537961327574212,-0.22147798129384255,14.035999999999998,13.922,13.466999999999999,12.146199999999999,0.022564907061777092,0.032666812127875415,11600065.0,0.03687943262411357,0.026200873362445372
2021-06-18,14.22,14.34,14.1,14.14,9215200,0.0028328630843041072,0.009950330853168092,-0.034749848064738784,0.15415067982725836,0.44154178268623095,14.063999999999998,13.872,13.567999999999998,12.2044,0.021676300078479625,0.03266393122498764,11603500.0,0.016973125884016987,-0.005625879043600567
2021-06-21,14.1,14.22,14.0,14.04,5447600,-0.0070972618707617705,0.018692133012152546,0.01002155846101897,0.1470534179564966,-0.4088462540151055,14.116,13.886,13.663999999999998,12.2628,0.02017960459598784,0.0327903812936947,11498550.0,0.015669515669515716,-0.004255319148936206
2021-06-22,14.22,14.55,14.08,14.41,14872000,0.02601201141376564,0.009062453099992361,0.10297305254989392,0.15995048729243427,1.7300095454879212,14.142,14.026999999999997,13.770500000000002,12.328600000000002,0.016497074739857967,0.03303556576415383,11804280.0,0.032616238723108995,0.0133614627285513
2021-06-23,14.51,14.71,14.43,14.47,10244600,0.00415513063196184,0.0315926590369486,0.05322291834565339,0.15196463512077277,-0.3111484669176977,14.232,14.101999999999999,13.872499999999999,12.3956,0.012093820821262759,0.03303111017766559,11817710.0,0.01935038009675198,-0.0027567195037904307
2021-06-24,14.55,14.73,14.39,14.63,11494200,0.010996674388640439,0.03689941764791035,0.05985594944652062,0.16941815195804674,0.12197645588895613,14.338,14.187000000000001,13.986499999999998,12.461000000000002,0.012256626072597763,0.03287040229265723,11914835.0,0.02323991797676007,0.0054982817869415855
2021-06-25,14.63,14.79,14.57,14.69,7934000,0.004092775153752985,0.03815932971735909,0.0481096605705272,0.15585396758362985,-0.30973882479859405,14.448000000000002,14.256,14.092499999999998,12.531199999999998,0.012152281077991638,0.03281077224382515,11840735.0,0.01497617426820959,0.0041011619958987505
2021-06-28,14.83,14.87,14.67,14.83,7937700,0.009485165964054737,0.05474175755217576,0.07343389056432828,0.10289110144975826,0.00046634736576758255,14.606,14.360999999999999,14.165000000000001,12.6042,0.008975019133864538,0.030200901356930526,11436105.0,0.013486176668914315,0.0
2021-06-29,14.91,14.93,14.73,14.73,6677700,-0.0067659256753017805,0.0219638204631081,0.03102627356310068,0.07908141381116426,-0.15873615782909406,14.669999999999998,14.406,14.220999999999998,12.68,0.006967908731819699,0.030176426646945222,11212000.0,0.013577732518669334,-0.012072434607645855
2021-06-30,14.69,14.75,14.39,14.43,9628000,-0.0205768576887595,-0.002768167857613043,0.028824491179335558,0.0006932409289764863,0.44181379816403854,14.662,14.447,14.2215,12.7546,0.01318425482691585,0.027811060046896655,10892920.0,0.024948024948024908,-0.017699115044247773
2021-07-01,14.36,14.63,14.18,14.53,10393200,0.006906104796411996,-0.0068587374498415375,0.030040680198068822,-0.021110760157042857,0.07947652679684254,14.642,14.49,14.206,12.8274,0.012391426794258522,0.02704461331793626,10799295.0,0.030970406056435036,0.011838440111420608
2021-07-02,14.67,14.71,14.55,14.59,6407100,0.004120884952502861,-0.0068306276510916525,0.03132870206626752,-0.003421145998471254,-0.3835296155178386,14.622,14.535,14.2035,12.902000000000001,0.012394531832445902,0.026902729619936356,10645245.0,0.010966415352981504,-0.005453306066803004
2021-07-05,14.67,15.4,14.51,15.33,16668600,0.049475330349028554,0.03315953673388214,0.08790129428605781,0.09792285274707659,1.6015826192817344,14.722,14.664000000000001,14.275,12.998400000000002,0.026276216131239004,0.026187553158818443,10553425.0,0.0580560991519896,0.04498977505112475
2021-07-06,15.35,15.44,14.55,14.55,10070000,-0.052220699266221235,-0.012295236857037354,0.009668583606070737,0.1126416361559648,-0.3958700790708278,14.685999999999998,14.678,14.352500000000001,13.0734,0.03752551872965501,0.02419342592766015,10340785.0,0.061168384879725,-0.05211726384364814
2021-07-07,14.55,14.91,14.18,14.77,10121600,0.01500710292578686,0.023288723757508893,0.020520555899895786,0.0737434742455492,0.0051241310824230385,14.754,14.708000000000002,14.404999999999998,13.153599999999999,0.03659312069441425,0.02152483605352916,10218610.0,0.04942450914014898,0.015120274914089267
2021-07-08,14.77,15.03,14.55,14.63,7351900,-0.009523881511255366,0.0068587374498415305,0.0,0.05985594944652062,-0.27364250711349986,14.774000000000001,14.707999999999998,14.447500000000002,13.226399999999998,0.03707526277443904,0.02172493592416854,9886190.0,0.03280929596719061,-0.00947867298578191
2021-07-09,14.55,14.79,13.74,14.22,11315400,-0.028424790656938127,-0.025686938159599385,-0.03251756581069106,0.01559209475983628,0.5391123383071043,14.7,14.660999999999998,14.4585,13.292200000000001,0.03926427182487907,0.022584994803356243,9975345.0,0.0738396624472573,-0.022680412371134023
2021-07-12,13.94,14.04,13.23,13.23,18353700,-0.07216244624823054,-0.14732471475685843,-0.11416517802297636,-0.04073128745864813,0.6220107110663343,14.280000000000001,14.501000000000001,14.431000000000001,13.332799999999999,0.034341636339508846,0.02769885452345917,10345725.0,0.06122448979591827,-0.05093256814921084
2021-07-13,13.46,13.46,13.05,13.29,6672200,0.004524894598289503,-0.09057912089234771,-0.10287435774938507,-0.07184808418628434,-0.6364656717719043,14.028,14.357,14.381499999999999,13.3758,0.03431786733060725,0.026310187476293354,9770425.0,0.03085026335590671,-0.012630014858841136
2021-07-14,13.29,13.33,12.57,12.83,10810500,-0.035225694097608826,-0.14081191791574335,-0.11752319415823441,-0.08869870297889895,0.620230208926591,13.64,14.197,14.322,13.404200000000001,0.02916254722165869,0.02706739525553275,9900390.0,0.05923616523772407,-0.03461249059443184
2021-07-15,12.69,13.31,12.67,13.23,5095400,0.030700799499319267,-0.10058723690516869,-0.09372849945532719,-0.0636878192572582,-0.5286619490310347,13.36,14.067000000000002,14.2785,13.443800000000001,0.03935635975435725,0.028117201946051225,9835530.0,0.048374905517762704,0.04255319148936178
2021-07-16,13.4,13.58,13.25,13.58,5918800,0.026111144003685804,-0.046051302244544796,-0.07173824040414421,-0.040409538337876666,0.16159673430937707,13.232,13.966,14.250500000000002,13.4878,0.04378621155029186,0.028851608515594665,9670710.0,0.024300441826215026,0.013432835820895501
2021-07-19,13.29,13.4,12.91,12.99,10019200,-0.04441829144804185,-0.018307147444356128,-0.1656318622012146,-0.07773056791515684,0.6927755626140434,13.184000000000001,13.732,14.198000000000002,13.513599999999999,0.03461072598384741,0.030364495310633288,9899290.0,0.03772132409545806,-0.022573363431151162
2021-07-20,13.13,13.7,12.93,13.7,8563400,0.053216002151571,0.030383960108925256,-0.06019516078342242,-0.05052657717735151,-0.14530102203768763,13.266,13.647,14.1625,13.5562,0.04325930810102025,0.03232061619273516,9583860.0,0.056204379562043764,0.043412033511043294
2021-07-21,13.76,13.94,13.64,13.66,8179300,-0.0029239786914352006,0.06268567551509888,-0.0781262424006444,-0.057605686500748515,-0.04485367961323773,13.431999999999999,13.536000000000001,14.122,13.5956,0.03758959064577898,0.03228233419909972,9480595.0,0.021961932650073127,-0.00726744186046509
2021-07-22,13.66,13.9,13.42,13.78,7161900,0.008746411442868453,0.040731287458648215,-0.05985594944652055,-0.05985594944652055,-0.1243871724964239,13.541999999999998,13.450999999999999,14.079500000000001,13.6372,0.03619378796923764,0.03223531065925669,9263980.0,0.034833091436865055,0.008784773060029226
2021-07-23,13.7,13.8,13.33,13.33,7433000,-0.03320113139489521,-0.018580987939932812,-0.06463229018447761,-0.0971498559951686,0.03785308367891202,13.491999999999999,13.362,14.011500000000002,13.668199999999999,0.03848129860078602,0.0328761520817398,9238930.0,0.035258814703675964,-0.027007299270072938
2021-07-26,13.17,13.37,12.95,13.21,7528400,-0.00904301565638328,0.016794287851725837,-0.0015128595926303177,-0.11567803761560672,0.012834656262612673,13.536000000000001,13.36,13.930499999999999,13.696000000000002,0.03179887532085566,0.03271135985185393,9218465.0,0.03179409538228614,0.0030372057706910343
2021-07-27,13.35,13.54,13.33,13.4,5634700,0.014280588422631703,-0.022141125877213518,0.008242834231711823,-0.09463152351767325,-0.2515408320493066,13.475999999999999,13.371,13.864,13.7296,0.018540698053559675,0.03301522760023506,9166315.0,0.015671641791044705,0.0037453183520599785
2021-07-28,13.42,13.58,13.35,13.4,4846400,0.0,-0.019217147185778348,0.04346852832932074,-0.07405466582891372,-0.1399009707704048,13.424000000000001,13.428,13.8125,13.761,0.018645820092552032,0.0328154683757522,8927235.0,0.017164179104477643,-0.0014903129657227701
2021-07-29,13.52,13.82,13.46,13.8,7638000,0.029413885206293407,0.0014503265776466834,0.04218161403629467,-0.05154688541903247,0.576015186530208,13.428,13.485000000000003,13.776,13.7952,0.023731742546913525,0.03357558424924224,8789475.0,0.026086956521739087,0.020710059171597718
2021-07-30,13.86,14.61,13.86,14.61,35156000,0.0570376335994491,0.09168909157199073,0.073108103632058,0.0013698632279139041,3.602775595705682,13.684000000000001,13.588,13.777000000000001,13.845,0.026090236319133025,0.036119791551878215,10226920.0,0.051334702258726904,0.05411255411255411
2021-08-02,14.34,14.55,14.28,14.36,8646400,-0.017259662142530004,0.08347244508584402,0.10026673293756985,-0.06536512926364468,-0.7540562066219137,13.913999999999998,13.725,13.728500000000002,13.889800000000001,0.028402330955412156,0.03435472765863514,9825810.0,0.01880222841225636,0.0013947001394699842
2021-08-03,14.32,14.47,14.14,14.47,8766300,0.007630977023314475,0.07682283368652672,0.0546817078093134,-0.005513452974109007,0.013867042931162102,14.128,13.802000000000001,13.7245,13.933600000000002,0.028697763336334694,0.0324183504028163,9760625.0,0.02280580511402903,0.010474860335195556
2021-08-04,14.55,14.55,14.26,14.34,8466500,-0.0090247054719182,0.06779812821460862,0.04858098102883035,-0.029545261371814117,-0.03419914901383708,14.315999999999999,13.87,13.703,13.9718,0.03015262885774897,0.03226709695265929,9677870.0,0.020223152022315265,-0.014432989690721707
2021-08-05,14.28,14.59,14.26,14.55,13787200,0.014538158446027285,0.05292240145434253,0.054372728031989115,-0.00548322141453137,0.6284415047540306,14.466,13.947,13.698999999999998,14.015799999999999,0.028905305044867612,0.032399595464399286,9999635.0,0.022680412371134023,0.01890756302521018
2021-08-06,14.59,14.61,14.32,14.36,8620800,-0.013144429997423462,-0.017259662142530004,0.07442942942946068,0.00979713924498326,-0.37472438203551117,14.416,14.05,13.706,14.0516,0.013803332568293256,0.03187678031678669,9864905.0,0.02019498607242334,-0.015764222069910926
2021-08-09,14.3,14.89,14.2,14.75,19240200,0.02679651916575074,0.02679651916575074,0.1102689642515949,0.10875610465896446,1.2318346325167038,14.494,14.203999999999999,13.782,14.079,0.0165699574657311,0.027367376676235566,9909230.0,0.04677966101694924,0.031468531468531416
2021-08-10,14.87,14.89,14.63,14.75,10457700,0.0,0.01916554214243627,0.09598837582896316,0.104231210060675,-0.4564661490005301,14.55,14.338999999999999,13.855,14.1018,0.016659601121362323,0.027394011449881576,10098505.0,0.017627118644067782,-0.008069939475453883
2021-08-11,14.75,14.85,14.55,14.55,16492300,-0.013652089168327207,0.014538158446027285,0.0823362866606358,0.12580481498995655,0.577048490585884,14.592000000000002,14.454000000000002,13.940999999999999,14.104399999999998,0.01765145503081131,0.026112711263223412,10382595.0,0.020618556701030855,-0.013559322033898256
2021-08-12,14.47,14.55,14.26,14.26,12147100,-0.020132578631351684,-0.020132578631351684,0.032789822822990755,0.07497143685928555,-0.2634684064684732,14.534,14.5,13.992500000000001,14.0928,0.018718076796880246,0.02608557626226936,10735180.0,0.02033660589060315,-0.014512785072563983
2021-08-13,14.22,14.32,13.86,14.28,15125200,0.0014015419252884772,-0.005586606708639823,-0.022846268851169846,0.0502618347808883,0.24516962896493813,14.518,14.466999999999999,14.027499999999998,14.085600000000001,0.0180656856033262,0.025550346772604104,11195500.0,0.032212885154061684,0.004219409282700331
2021-08-16,14.28,14.55,14.06,14.43,12056700,0.01044941587434114,-0.02193371000004932,0.004862809165701307,0.10512954210327133,-0.20287335043503557,14.453999999999999,14.474,14.099499999999997,14.0962,0.012315004527176864,0.023071389700338396,11297375.0,0.03395703395703397,0.010504201680672294
2021-08-17,14.55,14.63,14.3,14.39,8743100,-0.002775851886503018,-0.02470956188655233,-0.0055440197441160395,0.0491376880651974,-0.2748347391906575,14.382,14.466,14.134,14.123999999999999,0.012128970863819503,0.020158763683654428,11306360.0,0.022932592077831833,-0.010996563573883171
2021-08-18,14.32,14.47,14.26,14.36,7096100,-0.002086957279198436,-0.013144429997423462,0.001393728448603883,0.04997470947743409,-0.18837712024339193,14.344,14.468,14.169,14.136800000000001,0.011112840215494085,0.020147870582486977,11252200.0,0.014623955431754935,0.002793296089385415
2021-08-19,14.34,14.36,14.12,14.26,9370500,-0.0069881486339282515,0.0,-0.020132578631351684,0.034240149400637424,0.3205140852017305,14.344,14.438999999999998,14.193000000000001,14.146399999999998,0.006558383520238795,0.020198209648623195,11362630.0,0.016830294530154295,-0.005578800557880061
2021-08-20,14.26,14.28,13.35,13.58,20952900,-0.04886029285559975,-0.05026183478088819,-0.05584844148952801,0.018580987939932844,1.2360493036657596,14.203999999999999,14.361,14.2055,14.138,0.0226504032450447,0.021858101731908237,12038625.0,0.06848306332842413,-0.047685834502103765
2021-08-23,13.54,13.58,12.93,12.93,15602700,-0.049047929346784015,-0.1097591800020134,-0.13169289000206277,-0.021423925750467893,-0.25534412897498676,13.904,14.178999999999998,14.191500000000001,14.120999999999999,0.024720978125420585,0.02449059140727655,12442340.0,0.05027068832173243,-0.04505169867060557
2021-08-24,12.93,13.13,12.81,13.05,9084200,0.00923794098493636,-0.09774538713057399,-0.12245494901712636,-0.02646657318816329,-0.41778025598133656,13.636000000000001,14.009,14.173999999999998,14.096400000000001,0.02748055956370419,0.024349777784505994,12614815.0,0.024521072796934888,0.00928074245939683
2021-08-25,13.01,13.13,12.89,13.11,4865700,0.00458716400690592,-0.09107126584446967,-0.10421569584189315,-0.02187940918125724,-0.4643777107505339,13.386000000000001,13.865,14.1595,14.078199999999999,0.028676856292298557,0.024384477920960122,12615780.0,0.018306636155606425,0.007686395080707121
2021-08-26,13.15,13.17,12.85,12.91,4944800,-0.015373092917057293,-0.09945621012759873,-0.09945621012759873,-0.06666638730460787,0.016256653718889368,13.116,13.73,14.115,14.054400000000001,0.028095523031512408,0.023474872250623932,12481120.0,0.024786986831913268,-0.01825095057034222
2021-08-27,12.81,12.87,12.45,12.83,8069600,-0.006216026231006078,-0.05681194350300504,-0.10707377828389324,-0.129920047135063,0.6319365798414496,12.966,13.584999999999999,14.026,14.0282,0.023138347950414744,0.01868566813502327,11126800.0,0.03273577552611067,0.0015612802498048066
2021-08-30,12.85,13.09,12.77,12.99,8029600,0.012393652054963027,0.004629637898742197,-0.10512954210327134,-0.10026673293756996,-0.00495687518588282,12.978,13.440999999999999,13.9575,14.007200000000001,0.011518121559669121,0.018961077027839526,11095960.0,0.024634334103156297,0.01089494163424129
2021-08-31,13.13,13.17,12.93,12.93,5528600,-0.004629637898742105,-0.009237940984936362,-0.10698332811551041,-0.11252734785962644,-0.31147255155923087,12.953999999999999,13.295000000000002,13.880500000000001,13.9776,0.010653418338402231,0.01872751820138842,10934075.0,0.01856148491879352,-0.015232292460015312
2021-09-01,12.93,13.23,12.91,12.93,8715300,0.0,-0.013825104991842318,-0.10489637083631194,-0.10350264238770826,0.5764027059291683,12.918000000000001,13.152000000000001,13.810000000000002,13.946800000000001,0.010146186730330109,0.018750037002886525,10946515.0,0.02474864655839136,0.0
2021-09-06,13.01,13.05,12.91,12.95,7383200,0.0015455953617805433,0.0030935832869955723,-0.09636262684060316,-0.11649520547195483,-0.15284614413732173,12.925999999999998,13.021,13.73,13.9132,0.007316931630628479,0.01824948143858436,10626315.0,0.010810810810810855,-0.004611837048424328
2021-09-07,13.09,13.23,13.01,13.13,7963700,0.013803900169158079,0.023113509687159875,-0.033698433815845245,-0.08954687530537322,0.07862444468523133,12.986,12.975999999999999,13.6685,13.882,0.008079693948778712,0.01867058480709588,10593460.0,0.016755521706016803,0.0030557677616501852
2021-09-08,13.13,13.23,12.97,12.99,4752900,-0.010719857632196735,0.0,0.004629637898742197,-0.12706325210332067,-0.4031794266484172,12.985999999999999,12.982,13.5805,13.8452,0.009073111644172654,0.017188987530405913,9869095.0,0.020015396458814456,-0.010662604722010706
2021-09-09,12.93,13.11,12.91,13.11,3431900,0.009195467093100176,0.013825104991842335,0.00458716400690592,-0.11786778501022038,-0.27793557617454606,13.022,12.988,13.498500000000002,13.8128,0.009409858952319819,0.017488242567269767,9517805.0,0.015255530129671952,0.013921113689095106
2021-09-10,13.13,13.15,13.03,13.05,4101100,-0.004587164006905931,0.00923794098493636,-0.004587164006905931,-0.10880285984879906,0.19499402663247764,13.046000000000001,12.982,13.423499999999999,13.7852,0.009954680438307972,0.0173937891067395,8898245.0,0.009195402298850651,-0.006092916984006098
2021-09-13,13.05,13.05,12.89,12.89,5199800,-0.012336316817606434,-0.004643971194450593,-0.001550387907455086,-0.10100659803505375,0.26790373314476607,13.034,12.98,13.355,13.7524,0.011820883164495173,0.017132585993724275,8550880.0,0.012412723041117155,-0.012260536398467444
2021-09-14,12.87,12.93,12.73,12.73,4511400,-0.012490404381780902,-0.03093827574538966,-0.00782476605822991,-0.11489854434212311,-0.13238970729643448,12.953999999999999,12.970000000000002,13.2775,13.7152,0.009182504687806216,0.017138849840732974,8020190.0,0.015710919088766637,-0.010878010878010784
2021-09-15,12.73,12.73,12.59,12.61,4979200,-0.009471262592487048,-0.029689680705680052,-0.029689680705680052,-0.13481922280895137,0.10369286695925876,12.878,12.931999999999999,13.1865,13.6608,0.009044376567045938,0.016721952887459725,7666315.0,0.011102299762093622,-0.009426551453260093
2021-09-16,12.63,12.75,12.61,12.65,3455500,0.00316706519670104,-0.035718082602079114,-0.021892977610236775,-0.1288763057257472,-0.3060130141388175,12.786,12.904,13.0995,13.6228,0.006591961391976608,0.01684844431420279,7401935.0,0.011067193675889373,0.0015835312747426423
2021-09-17,12.77,12.85,12.67,12.77,4572300,0.009441454870918627,-0.021689463724254586,-0.01245152273931815,-0.11734789357563019,0.32319490667052525,12.73,12.888,13.02,13.582799999999999,0.01003723734464843,0.01719890728215847,7275745.0,0.014095536413469046,0.0
2021-09-20,12.93,13.05,12.87,12.97,6387800,0.015540328283904578,0.006187181377256456,0.0015432101828059322,-0.09481941665779725,0.39706493449686153,12.746,12.89,12.9555,13.5496,0.01202842414084785,0.017847163598487936,7126610.0,0.013878180416345526,0.003093580819798989
2021-09-21,12.85,12.93,12.71,12.85,3882100,-0.009295186987123826,0.009382398771913518,-0.021555876973476076,-0.0552543107893213,-0.39226337706252545,12.77,12.862,12.919,13.5222,0.011171085557027158,0.014596070398766842,6273070.0,0.017120622568093297,0.0
2021-09-22,12.85,12.93,12.77,12.77,2681700,-0.0062451412967808595,0.01260852006761969,-0.017081160638060304,-0.01245152273931815,-0.30921408516009374,12.801999999999998,12.84,12.911000000000001,13.513,0.010419699017900226,0.009803496930748733,5627020.0,0.012529365700861406,-0.006225680933852146
2021-09-23,12.81,12.85,12.73,12.77,4210800,0.0,0.009441454870918627,-0.02627662773116058,-0.021689463724254586,0.5701980087258083,12.825999999999999,12.806000000000001,12.897,13.5026,0.010466816017509376,0.009528222109539774,5383350.0,0.009397024275645984,-0.003122560499609752
2021-09-24,12.85,12.99,12.77,12.93,6688700,0.012451522739318177,0.012451522739318177,-0.009237940984936362,-0.013825104991842318,0.5884629999050062,12.858,12.794,12.888,13.5046,0.011078542649375134,0.009928472149216931,5474500.0,0.017014694508894094,0.006225680933852146
2021-09-27,13.01,13.09,12.73,12.73,4801300,-0.01558878021445094,-0.018677585759037375,-0.012490404381780902,-0.014040792289235967,-0.2821774036808348,12.809999999999999,12.778,12.879,13.494599999999998,0.010649910047593572,0.009945361764402723,5467325.0,0.028279654359780002,-0.021521906225979968
2021-09-28,12.73,12.83,12.69,12.77,2517400,0.0031372574751326525,-0.0062451412967808595,0.0031372574751326525,-0.004687508583097161,-0.4756836690063108,12.794,12.782,12.876,13.4784,0.01047728857363519,0.009892198281054868,5189715.0,0.010963194988253764,0.0031421838177532716
2021-09-29,12.77,12.81,12.59,12.67,3615100,-0.007861675711400232,-0.007861675711400232,0.004746844356219477,-0.02494283634946051,0.4360451259235719,12.774,12.788,12.86,13.472000000000001,0.010692726822009387,0.009562676530498953,4968990.0,0.017363851617995314,-0.007830853563038344
2021-09-30,12.67,12.77,12.65,12.75,4394800,0.0062942772713874846,-0.0015673984400127689,0.007874056430905866,-0.014018921179330929,0.21567868108766008,12.77,12.797999999999998,12.850999999999999,13.453,0.011278579203005522,0.009670671865066469,4912300.0,0.009411764705882291,0.006314127861089193
2021-10-01,12.73,12.75,12.57,12.73,6441900,-0.0015698590351200178,-0.01558878021445094,-0.0031372574751326572,-0.01558878021445094,0.4658004914899427,12.73,12.794,12.841,13.4344,0.008776940926019204,0.009671054080760834,4798630.0,0.014139827179890001,0.0
2021-10-04,12.65,12.69,12.36,12.53,5659000,-0.01583564366133829,-0.01583564366133829,-0.034513229420375637,-0.03297001923756983,-0.1215324671292631,12.690000000000001,12.75,12.819999999999999,13.4094,0.00886488580511425,0.010216690662512613,4712420.0,0.0263367916999202,-0.009486166007905217
2021-10-05,12.53,12.73,12.53,12.73,2912300,0.01583564366133836,-0.0031372574751326572,-0.00938239877191362,-0.03093827574538966,-0.48536843965364906,12.682,12.738000000000001,12.8,13.3974,0.012282661277133686,0.010387104371302193,4459850.0,0.015710919088766775,0.015961691939345657
2021-10-06,12.75,12.79,12.57,12.67,3321300,-0.004724418236267511,0.0,-0.007861675711400232,-0.02494283634946051,0.14043882841740205,12.682,12.728,12.783999999999999,13.386599999999998,0.011894722903121883,0.010193143149995951,4388270.0,0.017363851617995175,-0.0062745098039215744
2021-10-07,12.73,12.73,12.61,12.61,2161800,-0.004746844356219562,-0.011041121627606967,-0.012608520067619722,-0.03888514779878027,-0.3491102881401861,12.654,12.712,12.759,13.3708,0.011450666611404713,0.009914326722430557,4324765.0,0.00951625693893743,-0.009426551453260093
2021-10-08,12.69,12.75,12.63,12.71,3480900,0.007898935224534684,-0.00157232736795241,-0.017161107582403308,-0.026399048567339687,0.6101859561476547,12.65,12.69,12.742,13.357000000000001,0.012331733600371462,0.010129924311510417,4293755.0,0.009441384736427947,0.001576044129235725
2021-10-11,12.77,13.17,12.77,13.17,6684100,0.03555243055382694,0.04981574684721275,0.03398010318587454,0.021489698804093522,0.9202217817231176,12.778,12.734,12.756,13.3444,0.0167754809048743,0.012718071892866924,4367970.0,0.03037205770690967,0.031323414252153514
2021-10-12,13.29,13.29,13.09,13.17,3385300,0.0,0.03398010318587454,0.030842845710741727,0.03398010318587454,-0.4935294205652219,12.866,12.774,12.777999999999999,13.3156,0.016884102526303454,0.012317265345544524,4311665.0,0.015186028853454768,-0.009029345372460439
2021-10-13,13.17,13.29,13.13,13.17,3709300,0.0,0.038704521422141924,0.038704521422141924,0.04345136577836155,0.0957079136265619,12.966,12.824000000000002,12.806000000000001,13.2918,0.016196396448013177,0.012044242962792006,4248170.0,0.012148823082763733,0.0
2021-10-14,13.17,13.21,13.01,13.05,4521600,-0.009153381986487248,0.03429798379187432,0.023256862164267398,0.031130918595173213,0.2189901059499097,13.053999999999998,12.854000000000003,12.825999999999999,13.263399999999999,0.017138279955403245,0.012302995863203844,4301475.0,0.015325670498084372,-0.009111617312072834
2021-10-15,13.13,13.15,12.97,13.01,2976800,-0.0030698412442886026,0.023329207323051077,0.021756879955098805,0.01861962247996597,-0.3416489738145789,13.113999999999999,12.882,12.838,13.236799999999999,0.017665879984280448,0.012198609670001205,4221700.0,0.013835511145272846,-0.009139375476009215
2021-10-18,13.07,13.17,12.93,12.93,4543400,-0.006168099740647773,-0.018391322971423544,0.03142442387578924,-0.003088805544586479,0.5262698199408761,13.065999999999999,12.922,12.835999999999999,13.2044,0.003987656872727079,0.01178919356212369,4129480.0,0.01856148491879352,-0.010711553175210449
2021-10-19,13.09,13.09,12.89,13.05,3615400,0.00923794098493636,-0.009153381986487248,0.024826721199387197,0.015444322427473775,-0.2042523220495664,13.042000000000002,12.953999999999999,12.846,13.178199999999999,0.007068176121697348,0.011761235044790042,4116145.0,0.015325670498084237,-0.0030557677616500495
2021-10-20,13.05,13.19,12.85,13.05,3846400,0.0,-0.009153381986487248,0.02955113943565475,0.021689463724254475,0.06389334513470156,13.018,12.991999999999999,12.86,13.144200000000001,0.007068176121697348,0.01164747379186237,4174380.0,0.026053639846743283,0.0
2021-10-21,13.05,13.05,12.83,12.83,4132200,-0.017001955141157366,-0.017001955141157366,0.017296028650717027,0.004687508583097243,0.0743032445923461,12.974,13.014,12.863,13.105799999999999,0.009540205923019069,0.012331173061816006,4170450.0,0.017147310989867548,-0.016858237547892767
2021-10-22,12.89,12.91,12.71,12.77,3827100,-0.004687508583097161,-0.018619622479966028,0.004709584843085167,-0.01245152273931815,-0.07383476114418469,12.925999999999998,13.02,12.855,13.0702,0.009553613912166976,0.012029301258586911,4027370.0,0.015661707126076688,-0.009309542280837935
2021-10-25,12.81,12.81,12.57,12.63,5200400,-0.011023733682048061,-0.023475256421366286,-0.04186657939278989,-0.007886476206915334,0.35883567191868515,12.866,12.966,12.85,13.0376,0.010095592360810911,0.011770910884405078,4047325.0,0.01900237529691213,-0.014051522248243537
2021-10-26,12.63,12.63,12.45,12.57,5259100,-0.004761913760243703,-0.03747511116654636,-0.04662849315303357,-0.015785647442291856,0.011287593262056765,12.77,12.906,12.84,13.0034,0.006602290339387237,0.011778697203018969,4184410.0,0.014319809069212529,-0.004750593824228068
2021-10-27,12.59,12.85,12.59,12.69,5828200,0.009501259124140215,-0.02797385204240618,-0.03712723402889346,0.0015772873932486684,0.10821243178490617,12.697999999999999,12.857999999999999,12.841,12.968600000000002,0.00986159707675736,0.011869508413629347,4295065.0,0.020488573680063026,0.00794281175536137
2021-10-28,12.79,12.87,12.73,12.87,4649100,0.014084739881739023,0.0031128429804901034,-0.013889112160667263,0.00936775000360002,-0.20230946089701796,12.706,12.84,12.847,12.9382,0.010640572445425676,0.012207241154718981,4307780.0,0.010878010878010784,0.006254886630179834
2021-10-29,12.87,13.33,12.83,13.33,13597100,0.03511811258258198,0.042918464146169344,0.024298841666203524,0.046055721621302136,1.9246735927383796,12.818000000000001,12.872,12.876999999999999,12.9176,0.018012046440248914,0.014437645659973608,4665540.0,0.037509377344336084,0.03574203574203581
2021-11-01,13.25,13.29,13.09,13.21,5293300,-0.00904301565638328,0.044899182171834286,0.021423925750467965,0.052848349626257056,-0.6107037530061558,12.934000000000001,12.9,12.911000000000001,12.896600000000001,0.017487140251659945,0.014063547927066135,4647255.0,0.015140045420136205,-0.0030188679245282376
2021-11-02,13.21,13.4,13.15,13.4,7009200,0.014280588422631703,0.06394168435470957,0.026466573188163273,0.05129329438755048,0.3241645098520772,13.1,12.934999999999999,12.9445,12.892999999999999,0.015731649564476338,0.013990878836289838,4852100.0,0.018656716417910446,0.014383043149129408
2021-11-03,13.46,13.78,13.44,13.68,13060100,0.020680205237538603,0.07512063046810812,0.04714677842570187,0.07669791786135673,0.863279689550876,13.298000000000002,12.998,12.995000000000001,12.908,0.01594068796381505,0.014440297151888026,5339040.0,0.024853801169590635,0.016344725111441222
2021-11-04,13.76,13.76,13.52,13.54,4197400,-0.010286644710275537,0.05074924587609362,0.05386208885658376,0.07115811750730071,-0.6786088927343589,13.431999999999999,13.068999999999999,13.0415,12.9178,0.019604731099181334,0.01466495756766912,5440820.0,0.017725258493353047,-0.0159883720930233
2021-11-05,13.66,13.66,13.46,13.54,3967400,0.0,0.015631133293511512,0.05854959743968091,0.06325918228276615,-0.05479582598751608,13.474,13.146,13.082999999999998,12.926400000000001,0.013877417089578126,0.0146482496319036,5465145.0,0.014771048744460806,-0.008784773060029356
2021-11-08,13.54,13.6,13.42,13.5,5385300,-0.002958582039745154,0.021715566910149777,0.06661474908198403,0.024748169689194174,0.35738770983515655,13.532,13.233,13.0995,12.9382,0.012765786229203017,0.012546951044398005,5400205.0,0.013333333333333312,-0.0029542097488921087
2021-11-09,13.5,13.66,13.48,13.52,5047900,0.001480385170434203,0.008915363657952329,0.07285704801266189,0.026228554859628297,-0.06265203424136075,13.556000000000001,13.328,13.117,12.952,0.011494933168250765,0.012543633131466706,5483335.0,0.0133136094674556,0.00148148148148145
2021-11-10,13.54,13.56,13.4,13.5,4367400,-0.0014803851704342195,-0.013245226750020567,0.06187540371808745,0.024748169689194174,-0.134808534241962,13.52,13.409,13.133500000000002,12.962200000000001,0.0045788683442293315,0.012556140687256884,5516240.0,0.011851851851851862,-0.0029542097488921087
2021-11-11,13.46,13.56,13.13,13.33,7129400,-0.01267255125376647,-0.015631133293511606,0.03511811258258198,0.021229000421914758,0.6324128772267252,13.478,13.454999999999998,13.147499999999999,12.9702,0.005587114144686579,0.012732833512527098,5646630.0,0.03225806451612901,-0.00965824665676083
2021-11-12,13.33,13.48,13.19,13.48,4376100,0.011189971293543807,-0.004441161999967825,0.011189971293543807,0.03548881295974705,-0.386189581170926,13.466,13.469999999999999,13.171000000000001,12.981200000000001,0.008587789544453162,0.012887628091891314,5716595.0,0.02151335311572707,0.011252813203300852
2021-11-15,13.5,13.58,13.44,13.5,4878900,0.0014825799602226743,0.0,0.021715566910149777,0.04313949266061774,0.11489682594090629,13.466,13.499,13.1995,12.9922,0.008549709595562578,0.012752301729708319,5733370.0,0.010370370370370412,0.0
2021-11-16,13.48,13.5,13.25,13.4,5211500,-0.00743497848751809,-0.00891536365795228,0.0,0.026466573188163273,0.06817110414232716,13.441999999999998,13.499,13.217000000000002,12.9976,0.009077179623926792,0.012809883019943619,5813175.0,0.018656716417910446,-0.005934718100890213
2021-11-17,13.4,13.54,13.25,13.46,4360500,0.004467617259716052,-0.0029673612278020007,-0.016212587977822556,0.030934190447879414,-0.1632927180274393,13.434000000000001,13.477,13.2375,13.007,0.009506373108684157,0.012824537189906098,5838880.0,0.021545319465081657,0.004477611940298544
2021-11-18,13.54,13.54,13.13,13.13,5497600,-0.02482263590187695,-0.015117445875912476,-0.03074857916942401,0.023113509687159875,0.26077284715055615,13.394,13.436000000000002,13.252500000000001,13.0074,0.013902408326733258,0.01352023355741895,5907150.0,0.0312261995430311,-0.030280649926144636
2021-11-19,13.21,13.7,13.15,13.52,9794000,0.029270382300113022,0.0029629651306570487,-0.0014781968693108945,0.057071400570370114,0.7815046565774156,13.401999999999997,13.434000000000001,13.290000000000001,13.0168,0.019676122922634275,0.014817796226379978,6205495.0,0.04068047337278099,0.023467070401211106
2021-11-22,13.54,14.06,13.33,13.8,9151000,0.02049852154834097,0.021978906718775382,0.021978906718775382,0.08859365580075934,-0.06565244026955279,13.462,13.464000000000002,13.348500000000001,13.035,0.02163175882677121,0.014939979465646755,6403025.0,0.052898550724637707,0.019202363367799232
2021-11-23,13.84,13.86,13.62,13.72,3839600,-0.005813969865419845,0.023599915340873506,0.014684551682921317,0.08754159969558312,-0.5804174407168615,13.526,13.484,13.406,13.0548,0.021421242771696134,0.014975854907018063,6332050.0,0.017492711370262405,-0.008670520231213816
2021-11-24,13.7,14.32,13.64,14.28,14295800,0.04000533461369899,0.059137632694856376,0.05617027146705449,0.1180456751851421,2.723252422127305,13.690000000000001,13.562000000000001,13.485500000000002,13.088199999999999,0.026588931164017383,0.016948589071384353,6755430.0,0.0476190476190476,0.04233576642335767
2021-11-25,14.34,14.36,14.12,14.2,7083400,-0.005617992304223261,0.0783422762925102,0.06322483041659768,0.09834294299917977,-0.5045118146588509,13.904000000000002,13.649000000000001,13.552000000000001,13.119200000000001,0.02070768634713047,0.017020410422884394,6877145.0,0.01690140845070424,-0.009762900976290137
2021-11-26,14.2,14.26,13.98,13.98,6209000,-0.015614227801550714,0.03345766619084628,0.03642063132150323,0.04761060261504696,-0.12344354406076179,13.996,13.699000000000002,13.584500000000002,13.143400000000002,0.022945050069673283,0.01603440966796033,6507740.0,0.02002861230329037,-0.015492957746478794
2021-11-29,13.66,13.86,13.66,13.8,6095500,-0.012959144642505117,0.0,0.021978906718775382,0.04369447362892501,-0.01827991625060396,13.996,13.729000000000003,13.613999999999999,13.16,0.0227899891420797,0.01620426356352313,6547850.0,0.014492753623188354,0.010248901903367538
2021-11-30,13.9,13.94,13.42,13.46,6145400,-0.024946267946577304,-0.019132298081157392,0.004467617259716052,0.004467617259716052,0.00818636699204331,13.943999999999999,13.735,13.617,13.1722,0.02545996609030347,0.017016754042844525,6504660.0,0.03863298662704306,-0.03165467625899277
2021-12-01,13.37,13.54,13.35,13.54,3620400,0.005925943267547168,-0.05321168942730943,0.005925943267547168,-0.010286644710275537,-0.410876427897289,13.795999999999998,13.743,13.61,13.1876,0.01155899743668697,0.016391560066903663,6032675.0,0.014032496307237779,0.01271503365744203
2021-12-02,13.58,13.58,13.42,13.42,2645000,-0.008902135940593154,-0.05649583306367924,0.021846443228830833,-0.008902135940593154,-0.2694177438957021,13.64,13.772,13.604,13.2006,0.011292351630303748,0.01635099047985714,5955055.0,0.011922503725782425,-0.011782032400589112
2021-12-03,13.5,13.56,13.15,13.15,4916300,-0.02032437291976218,-0.061205978181890656,-0.027748311991044418,-0.02922650886035528,0.8587145557655954,13.474,13.735,13.5845,13.205,0.011921265912057579,0.016942745689626483,6002500.0,0.03117870722433461,-0.0259259259259259
2021-12-06,13.05,13.25,12.79,13.05,6499000,-0.007633624855071095,-0.055880458394456614,-0.055880458394456614,-0.03390155167568134,0.32192909301710637,13.324000000000002,13.66,13.562000000000001,13.211400000000001,0.012077958740118603,0.01699665400510086,6058185.0,0.035249042145593934,0.0
2021-12-07,13.13,13.31,12.97,13.31,2827600,0.01972749863831784,-0.011206691809561554,-0.030338989890718912,-0.01565443820779765,-0.564917679643022,13.294,13.619,13.551499999999999,13.222199999999997,0.015409196971179687,0.01765314054481668,5947170.0,0.025544703230653634,0.013709063214013686
2021-12-08,13.19,13.5,13.15,13.37,2900500,0.00449775870683139,-0.012634876370277114,-0.0658465657975865,-0.00967629433053198,0.025781581553260716,13.26,13.528,13.544999999999998,13.236199999999998,0.015232173212033824,0.017691276295215656,5873825.0,0.026178010471204164,0.013646702047005285
2021-12-09,13.33,13.46,13.25,13.46,2156000,0.006708933102730061,0.002976192673046176,-0.05351964039063323,0.009705190025964589,-0.25667988277883125,13.268,13.454000000000002,13.551499999999999,13.250399999999999,0.015198640052079743,0.017518459599645247,5625155.0,0.01560178306092131,0.00975243810952744
2021-12-10,13.42,13.58,13.37,13.5,4730500,0.002967361227802008,0.026267926820610105,-0.03493805136128046,0.0014825799602226743,1.1941094619666048,13.338,13.406,13.552499999999998,13.265799999999999,0.009791456537209661,0.017349687569998516,5642875.0,0.01555555555555562,0.005961251862891212
2021-12-13,13.56,13.66,13.46,13.5,3012700,0.0,0.0339015516756812,-0.02197890671877534,0.0,-0.3631328612197442,13.428,13.376,13.552499999999998,13.2852,0.007637997295415746,0.01734652001439016,5549565.0,0.014814814814814762,-0.004424778761061983
2021-12-14,13.46,13.54,13.37,13.46,2128100,-0.0029673612278020007,0.011206691809561424,0.0,0.004467617259716052,-0.2936236598400106,13.458000000000002,13.376,13.5555,13.2998,0.0037990819223669725,0.01727435233446664,5395395.0,0.012630014858841004,0.0
2021-12-15,13.37,13.56,13.35,13.5,2122900,0.002967361227802008,0.00967629433053199,-0.002958582039745154,0.002967361227802008,-0.002443494196701283,13.484,13.372,13.557500000000001,13.316400000000002,0.003629715792988759,0.017258201818530824,5283515.0,0.01555555555555562,0.009723261032161614
2021-12-16,13.54,13.56,13.33,13.33,2305800,-0.01267255125376647,-0.009705190025964523,-0.006728997352918471,0.015117445875912478,0.08615573036883509,13.458000000000002,13.363,13.567499999999999,13.3308,0.006484040225047184,0.01653148316248363,5123925.0,0.01725431357839463,-0.015509601181683833
2021-12-17,13.4,13.46,13.35,13.42,2403500,0.006728997352918381,-0.005943553900847994,0.02032437291976211,-0.0074239390712822805,0.04237141122387024,13.442000000000002,13.39,13.5625,13.345,0.007355580523877747,0.015199903074107136,4754400.0,0.0081967213114755,0.001492537313432804
2021-12-20,13.42,13.46,13.27,13.37,3296100,-0.0037327404296840197,-0.00967629433053198,0.02422525734514925,-0.031655201049307316,0.3713750780112336,13.416,13.422,13.541,13.349,0.00739409633911805,0.014393165660942732,4461655.0,0.014210919970082371,-0.0037257824143070574
2021-12-21,13.31,13.31,13.25,13.25,2420400,-0.00901583868162054,-0.015724771784350586,-0.004518079974789115,-0.034857069865507996,-0.2656776190042778,13.373999999999999,13.416,13.517500000000002,13.350600000000002,0.008069126378140536,0.014460356078373348,4390695.0,0.00452830188679249,-0.004507888805409504
2021-12-22,13.19,13.31,13.19,13.21,3385200,-0.0030234338979971747,-0.021715566910149767,-0.012039272579617712,-0.07788583837720421,0.3986117997025285,13.315999999999999,13.4,13.463999999999999,13.351399999999998,0.0073471021871390286,0.010610548352141728,3845165.0,0.00908402725208183,0.0015163002274451364
2021-12-23,13.17,13.19,12.93,13.13,4135300,-0.006074430219529083,-0.015117445875912476,-0.02482263590187695,-0.07834227629251012,0.2215821812596006,13.276,13.367,13.410499999999999,13.353000000000002,0.0059336018717397335,0.010614940894157356,3697760.0,0.019801980198019785,-0.0030372057706908994
2021-12-24,13.13,13.4,13.01,13.33,4372600,0.015117445875912478,-0.006728997352918471,-0.01267255125376647,-0.047610602615046876,0.057383986651512585,13.258,13.35,13.378,13.3594,0.009496576251627819,0.01104805920603552,3605940.0,0.02925731432858219,0.015232292460015177
2021-12-27,13.46,13.46,13.29,13.4,2459500,0.005237572766248343,0.002241315843013917,-0.00743497848751809,-0.02941388520629334,-0.43752001097745047,13.264,13.34,13.357999999999999,13.368799999999998,0.009776116830211295,0.010879011692534102,3424140.0,0.012686567164179232,-0.004457652303120394
2021-12-28,13.4,13.64,13.35,13.6,3477400,0.014815085785140682,0.026072240309775105,0.010347468525424543,0.010347468525424543,0.4138646066273633,13.334,13.354,13.365,13.3798,0.009817632316237591,0.00995722647385317,3290740.0,0.021323529411764776,0.014925373134328304
2021-12-29,13.68,13.82,13.62,13.66,3817200,0.004402061400637665,0.03349773560840993,0.01178216869826017,0.008823586658515244,0.09771668487950767,13.424000000000001,13.37,13.371,13.391999999999998,0.008765176752392126,0.00991941977323021,3300580.0,0.014641288433382216,-0.0014619883040935362
2021-12-30,13.62,13.74,13.54,13.7,1819600,0.0029239786914350605,0.042496144519374286,0.027378698643461936,0.02064970129054354,-0.5233155192287541,13.538,13.407,13.385,13.4094,0.005962370360742047,0.009682802951905609,3259310.0,0.01459854014598548,0.005873715124816452
2021-12-31,13.74,13.96,13.74,13.94,5651800,0.01736657249829866,0.0447452711417604,0.038016273788842016,0.058340646708604185,2.1060672675313254,13.66,13.459,13.4245,13.432800000000002,0.006633564533765348,0.008947311998909696,3296085.0,0.015781922525107652,0.014556040756914067
2022-01-04,14.06,14.06,13.84,13.9,4555000,-0.002873565195731696,0.036634133179780384,0.038875449022794266,0.06310070636794354,-0.19406206872146928,13.76,13.512,13.466999999999999,13.458200000000001,0.008497909114747671,0.008712106495921374,3198885.0,0.015827338129496448,-0.011379800853485073
2022-01-05,13.88,13.88,13.6,13.62,5934500,-0.02034953941527984,0.001469507979359978,0.027541748289135044,0.02302366831434587,0.30285400658616907,13.764,13.549000000000001,13.482499999999998,13.4792,0.013706338651418655,0.009289567539344021,3354230.0,0.020558002936857646,-0.01873198847262259
2022-01-06,13.54,13.74,13.37,13.64,5673700,0.0014673516939497444,-0.0014652017273278806,0.03203253388108213,0.019993261301464383,-0.04394641503075238,13.76,13.591999999999999,13.495999999999999,13.498199999999999,0.013548361347854693,0.00925676556039029,3492890.0,0.02712609970674494,0.007385524372230534
2022-01-07,13.7,13.72,13.46,13.46,3323800,-0.013284328198734282,-0.01767350861749733,0.024822635901876933,0.0,-0.4141741720570351,13.712,13.625,13.496,13.51,0.01449236770684568,0.009677745989609732,3551280.0,0.01931649331352153,-0.01751824817518237
2022-01-10,13.33,13.5,13.31,13.33,5693200,-0.009705190025964523,-0.04474527114176047,0.0,-0.01267255125376647,0.712858776099645,13.59,13.625,13.4875,13.51,0.008584149398218313,0.009885854818531558,3599415.0,0.014253563390847674,0.0
2022-01-11,13.33,13.35,13.21,13.23,6395100,-0.007530156063752926,-0.0494018620097817,-0.012767728830001417,-0.020202707317519466,0.12328743061898405,13.456,13.607999999999999,13.474,13.510399999999999,0.0079924248647909,0.010003151722619497,3768535.0,0.010582010582010491,-0.00750187546886719
2022-01-12,13.21,13.56,13.15,13.37,7789000,0.010526412986987383,-0.01852590960751453,-0.017056401628154565,-0.0067089331027300235,0.2179637534987725,13.406,13.584999999999999,13.469500000000002,13.5098,0.009639553484024116,0.010314412402644073,4051580.0,0.030665669409124918,0.012112036336108883
2022-01-13,13.6,13.84,13.4,13.48,6511900,0.008193714370309245,-0.011799546931155055,-0.013264748658483058,-0.0014825799602227248,-0.16396199768904865,13.374,13.567000000000002,13.4685,13.5058,0.010925472569584524,0.010467562101313934,4271030.0,0.032640949554896104,-0.008823529411764649
2022-01-14,13.48,13.52,13.33,13.35,1941100,-0.009690720637902467,-0.008205939370323292,-0.02587944798782072,0.0014992506556412233,-0.7019149556964941,13.352,13.532,13.4695,13.502,0.01011532089989462,0.01029854689876567,4252795.0,0.014232209737827678,-0.009643916913946645
2022-01-17,13.37,13.6,13.23,13.23,7284700,-0.009029406719394152,-0.007530156063752926,-0.05227542720551348,-0.014259153416671423,2.752872082839627,13.331999999999999,13.461000000000002,13.459999999999999,13.4958,0.009984302404481346,0.01036527170142408,4496855.0,0.02796674225245648,-0.010471204188481586
2022-01-18,13.23,13.35,13.05,13.25,4272600,0.0015105743053668514,0.0015105743053668514,-0.0478912877044149,-0.00901583868162054,-0.4134830535231375,13.336000000000002,13.396,13.453999999999999,13.4908,0.009423481913902312,0.010351172525779283,4545680.0,0.022641509433962183,0.0015117157974300509
2022-01-19,13.25,13.46,13.25,13.33,2104000,0.006019581758386129,-0.002996256923234416,-0.021522166530748947,0.006019581758386129,-0.5075597996536068,13.328,13.366999999999999,13.457999999999998,13.487,0.008356118948654559,0.010241790543117565,4529860.0,0.01575393848462122,0.0060377358490566095
2022-01-20,13.33,13.4,13.21,13.31,3415900,-0.0015015017835970255,-0.012691473077140731,-0.024491020008295755,0.007541513872786308,0.6235266159695817,13.294,13.334,13.463,13.483200000000002,0.006782279507964786,0.010221423834218745,4531395.0,0.01427498121712994,-0.0015003750937734113
2022-01-21,13.31,13.74,13.29,13.52,4404000,0.015654438207797775,0.01265368576855944,0.00444774639823627,0.029270382300113022,0.28926490822330864,13.328,13.34,13.482500000000002,13.487,0.009156147872934816,0.010645585419270551,4544830.0,0.03328402366863913,0.015777610818933065
2022-01-24,13.54,14.1,13.54,13.88,13185100,0.026278884463840434,0.04796197695179413,0.04043182088804126,0.04043182088804126,1.9938919164396003,13.458000000000002,13.395,13.51,13.495,0.01136158730685146,0.011644707506432782,4985455.0,0.04034582132564845,0.02511078286558358
2022-01-25,13.88,14.16,13.88,14.08,4282700,0.01430639565123793,0.06075779829766516,0.062268372603032,0.04950064377303063,-0.6751863846311367,13.624,13.48,13.544,13.506599999999999,0.010494070017770639,0.011949117460615171,5076615.0,0.01988636363636359,0.014409221902017239
2022-01-26,14.14,14.53,14.14,14.32,8494500,0.016901810802603254,0.07164002734188234,0.06864377041864789,0.05158736879049326,0.9834450229995096,13.822,13.575,13.579999999999998,13.525,0.010022239935506137,0.012071026753980208,5327470.0,0.027234636871508296,0.01272984441301271
2022-01-27,14.3,14.3,13.96,14.1,6064400,-0.015482364148376988,0.05765916497710224,0.044967691899961595,0.031702943241478536,-0.28607922773559363,13.98,13.637,13.602,13.537799999999999,0.0158174990726569,0.012714721071275642,5439830.0,0.024113475177304954,-0.01398601398601406
2022-01-28,14.1,14.14,13.9,13.96,10258100,-0.009978700049896082,0.032026026719408435,0.04467971248796794,0.0188002645001474,0.6915276037200713,14.068000000000001,13.697999999999999,13.615,13.554399999999998,0.01813193805432097,0.012968026760234796,5861755.0,0.01719197707736391,-0.009929078014184311
2022-02-07,14.14,14.2,14.0,14.02,4548000,0.004288784272217499,0.010035926527785434,0.057997903479579616,0.005722476274066315,-0.5566430430586561,14.096,13.777000000000001,13.619,13.564400000000001,0.014386381802983933,0.012414032030332957,5806565.0,0.014265335235377982,-0.008486562942008556
2022-02-08,14.02,14.55,14.02,14.45,32461200,0.03020953295199714,0.025939063828544686,0.08669686212620993,0.038805574421795073,6.137467018469657,14.169999999999998,13.897,13.6465,13.5774,0.01885067510705458,0.01406518255241287,7201875.0,0.036678200692041606,0.03067047075606275
2022-02-09,14.51,14.53,14.34,14.39,10149700,-0.0041608936591646705,0.0048763593667769355,0.07651638670865919,0.05499422017791024,-0.6873282565031483,14.184000000000001,14.003,13.684999999999999,13.5908,0.01790841189168,0.013151030665456141,7412635.0,0.013203613620569805,-0.008270158511371414
2022-02-10,14.39,14.47,14.28,14.36,7632500,-0.002086957279198436,0.018271766235955448,0.07593093121305769,0.05143991120476204,-0.2480073302659192,14.236,14.108,13.721,13.5924,0.01569618540321998,0.013193219556021117,7510575.0,0.013231197771587834,-0.0020847810979847904
2022-02-11,14.26,14.69,14.24,14.43,9575200,0.004862809165701307,0.03311327545155297,0.06513930217096145,0.06958704856919773,0.25452997052079923,14.329999999999998,14.199000000000002,13.769499999999999,13.597000000000001,0.013757062633384488,0.012658508054006543,7823145.0,0.031185031185031135,0.011921458625525941
2022-02-14,14.3,14.39,13.74,13.74,13153200,-0.048998085991576165,-0.02017359481224071,-0.01013766828445523,0.030294152603585964,0.37367365694711335,14.274000000000001,14.184999999999999,13.789999999999997,13.5922,0.02862406708609083,0.017087039558562257,8196145.0,0.04730713245997091,-0.03916083916083919
2022-02-15,13.76,13.94,13.74,13.94,6631900,0.014451118538174506,-0.03593200922606333,-0.009992945397518578,0.052275427205513376,-0.49579569990572636,14.172,14.171000000000001,13.8255,13.595,0.024478259436426408,0.017181314579513676,8207985.0,0.014347202295552317,0.01308139534883719
2022-02-16,14.02,14.02,13.74,13.82,5099500,-0.00864558699285393,-0.04041670255975261,-0.03554034319297569,0.03310342722567221,-0.2310650039958383,14.057999999999998,14.120999999999999,13.848000000000003,13.6022,0.024421782115561303,0.01725129867998355,8073510.0,0.02026049204052094,-0.014265335235377982
2022-02-17,13.8,13.92,13.78,13.86,3913100,0.0028901754222332024,-0.03543956985832098,-0.017167803622365446,0.027799888277596226,-0.23265025982939505,13.957999999999998,14.097,13.866999999999999,13.608600000000001,0.024825394442475744,0.01718614057721334,7943570.0,0.010101010101010142,0.004347826086956429
2022-02-18,13.78,13.84,13.62,13.68,7318400,-0.013072081567352775,-0.053374460591375045,-0.020261185139822082,0.024418527348145796,0.8702307633334185,13.808000000000002,14.068999999999999,13.883500000000002,13.613800000000001,0.023947125370720537,0.01731701756015623,8212435.0,0.016081871345029287,-0.007256894049346854
2022-02-21,13.7,13.9,13.56,13.9,7285100,0.015953927942241684,0.011577553342442893,-0.008596041469797908,0.049401862009781715,-0.00455017490161784,13.84,14.056999999999999,13.917000000000002,13.628799999999998,0.013139000156376153,0.01743934828404065,8212455.0,0.02446043165467625,0.01459854014598548
2022-02-22,13.74,14.02,13.58,14.02,8094700,0.008596041469797817,0.005722476274066315,-0.03020953295199715,0.056487329174212765,0.11113093849089237,13.856,14.014000000000001,13.9555,13.6482,0.011998427019000184,0.017490723673343162,8403560.0,0.031383737517831634,0.02037845705967972
2022-02-23,14.06,14.18,13.98,13.98,5857600,-0.00285714480077978,0.011510918466140272,-0.028905784093612212,0.04761060261504696,-0.27636601727055976,13.888,13.972999999999999,13.988000000000003,13.6616,0.011060235122244657,0.017517980587456895,8591240.0,0.014306151645207387,-0.005689900426742537
2022-02-24,13.88,13.98,13.52,13.92,8892700,-0.004301081899390697,0.00431966114451638,-0.031119908713804517,0.044811022499253256,0.5181473641081672,13.9,13.929000000000002,14.0185,13.672600000000003,0.011426173349786213,0.017561763366808713,8865080.0,0.03304597701149432,0.0028818443804033964
2022-02-25,13.94,14.04,13.86,13.88,5508400,-0.002877699827615058,0.014514042884254012,-0.03886041770712097,0.026278884463840434,-0.3805705803636691,13.940000000000001,13.874,14.036499999999998,13.681000000000001,0.008961473034374523,0.01730376782458883,8920300.0,0.012968299711815541,-0.004304160688665619
2022-02-28,13.86,13.88,13.7,13.7,3857100,-0.01305312224457933,-0.014493007302566864,-0.002915453960124131,-0.01305312224457933,-0.2997785200784257,13.9,13.870000000000001,14.0275,13.685,0.007700815141329481,0.01653513206813536,8453900.0,0.01313868613138697,-0.011544011544011554
2022-03-01,13.74,13.74,13.56,13.68,5610900,-0.0014609206396747599,-0.024549969412039675,-0.018827493137973446,-0.02882043853549197,0.45469394104378935,13.831999999999999,13.844,14.007499999999999,13.688600000000001,0.004661593827134049,0.016155903119352624,8520310.0,0.013157894736842085,-0.004366812227074272
2022-03-02,13.62,13.74,13.29,13.29,13881600,-0.028923039469250476,-0.05061586408051035,-0.039104945614369946,-0.07464528880734568,1.4740415976046624,13.693999999999999,13.791,13.956,13.6852,0.01143949107332764,0.01665921088195794,8789665.0,0.03386004514672694,-0.02422907488986785
2022-03-03,13.33,13.52,13.29,13.52,8167100,0.017158197889664037,-0.029156584291455578,-0.024836923146939124,-0.042004726769304626,-0.41166003918856614,13.613999999999999,13.757,13.926999999999998,13.685599999999999,0.01689470428268105,0.017041949937368486,8894800.0,0.01701183431952666,0.014253563390847674
2022-03-04,13.5,13.86,13.33,13.86,6925100,0.024836923146939104,-0.0014419613169014062,0.0130720815673527,-0.007189103572469338,-0.15207356344357237,13.61,13.775,13.922,13.696200000000001,0.02190845246318834,0.01794885582843401,8728150.0,0.0382395382395382,0.026666666666666623
2022-03-07,13.54,13.66,13.4,13.44,4694500,-0.03077165866675366,-0.019160497739075744,-0.033653505041642676,-0.042249546511440604,-0.3221036519328241,13.557999999999998,13.729,13.893,13.696599999999998,0.02560968103015176,0.019143366782346523,8735475.0,0.01934523809523808,-0.007385524372230403
2022-03-08,13.33,13.42,13.15,13.17,7221800,-0.020293819339813796,-0.03799339643921468,-0.06254336585125429,-0.0927528988032514,0.5383533922675471,13.456,13.644,13.828999999999999,13.6926,0.026541727356515384,0.017949081141890953,7473505.0,0.020501138952163978,-0.012003000750187558
2022-03-09,13.23,13.31,13.09,13.21,4172000,0.003032602779044422,-0.006037754190919921,-0.05665361827143017,-0.08555940236504253,-0.422304688581794,13.440000000000001,13.566999999999998,13.77,13.691799999999999,0.02383231194832716,0.01803102421655996,7174620.0,0.016654049962149933,-0.0015117157974300509
2022-03-10,13.33,13.5,13.29,13.29,2199800,0.006037754190919962,-0.01715819788966413,-0.04631478218111971,-0.07743469089492415,-0.4727229146692234,13.394,13.504,13.7165,13.693400000000002,0.02214936362645906,0.018173943081704374,6902985.0,0.015801354401805936,-0.003000750187546956
2022-03-11,13.25,13.31,13.17,13.21,2714900,-0.006037754190919921,-0.04803287522752309,-0.04947483654442451,-0.08833525425154548,0.23415765069551778,13.264000000000001,13.437000000000001,13.655499999999998,13.694999999999999,0.01564774976578946,0.018061314005946932,6559970.0,0.010598031794095424,-0.0030188679245282376
2022-03-14,13.13,13.25,13.11,13.21,2724900,0.0,-0.017261216560769416,-0.036421714299845157,-0.03933716825996929,0.0036833769199602195,13.218,13.388,13.629000000000001,13.6926,0.010420590373400934,0.014707647482316262,6038555.0,0.010598031794095424,0.006092916984006098
2022-03-15,13.25,13.4,13.21,13.25,2750200,0.0030234338979971296,0.006056036677041609,-0.03193735976217319,-0.050764852900146554,0.0092847443942897,13.234,13.344999999999999,13.594500000000002,13.6896,0.004580165593192141,0.014251142975741983,5844470.0,0.014339622641509396,0.0
2022-03-16,13.29,13.35,13.19,13.25,3294200,0.0,0.0030234338979971296,-0.0030143202929227013,-0.04211926590729267,0.19780379608755727,13.242,13.341,13.566000000000003,13.6826,0.004478333210258011,0.01418711824564986,5754205.0,0.012075471698113219,-0.0030097817908201017
2022-03-17,13.4,13.42,13.25,13.25,2620300,0.0,-0.0030143202929227013,-0.02017251818258678,-0.04500944132952589,-0.20457167142250016,13.234,13.314000000000002,13.535500000000003,13.6744,0.0033082624910923367,0.01414821577336158,5689565.0,0.012830188679245277,-0.011194029850746294
2022-03-18,13.33,13.37,13.25,13.25,2597000,0.0,0.0030234338979971296,-0.04500944132952589,-0.03193735976217319,-0.008892111590275923,13.242,13.253,13.514000000000001,13.6654,0.0013521207442806938,0.013922117217105543,5453495.0,0.009056603773584847,-0.006001500375093779
2022-03-21,13.29,13.33,13.21,13.31,3302500,0.004518079974789136,0.007541513872786308,-0.00971970268798313,-0.043373207729625815,0.2716596072391221,13.262,13.24,13.4845,13.6528,0.0021318602730639735,0.013387945929853852,5254365.0,0.009015777610818874,0.0015048908954101844
2022-03-22,13.33,13.5,13.33,13.46,3324000,0.011206691809561424,0.015724771784350614,0.021780808461392232,-0.040762557389862196,0.006510219530658592,13.304000000000002,13.269,13.4565,13.643999999999998,0.004912975128145649,0.013510590960129833,5015830.0,0.012630014858841004,0.00975243810952744
2022-03-23,13.42,13.5,13.4,13.42,2060000,-0.0029761926730461127,0.012748579111304472,0.015772013009301793,-0.040881605262128536,-0.3802647412755716,13.338,13.290000000000001,13.4285,13.64,0.005530720046448476,0.013510997006277269,4825950.0,0.007451564828613983,0.0
2022-03-24,13.35,13.42,13.27,13.29,2873100,-0.009734258818381865,0.003014320292922657,0.0,-0.04631478218111971,0.3947087378640777,13.346,13.290000000000001,13.397,13.633,0.007870820798648726,0.013613001875573932,4524970.0,0.011286681715575649,-0.004494382022471948
2022-03-25,13.29,13.4,13.21,13.21,3338200,-0.006037754190919921,-0.0030234338979971747,0.0,-0.04947483654442451,0.1618808952003063,13.338,13.290000000000001,13.363499999999998,13.628000000000002,0.008429750155050405,0.013638183395901598,4416460.0,0.014383043149129408,-0.006019563581640203
2022-03-28,13.21,13.25,13.05,13.07,4875800,-0.010654590898103453,-0.018196104770889725,-0.010654590898103453,-0.04707630519794861,0.4606075130309748,13.290000000000001,13.276000000000002,13.331999999999999,13.6228,0.00884531791393218,0.013550521905542292,4467395.0,0.015302218821729096,-0.010598031794095424
2022-03-29,13.11,13.19,13.05,13.07,3664900,0.0,-0.029402796580451175,-0.013678024796100564,-0.045615384558273755,-0.24834898888387547,13.212,13.258000000000001,13.301499999999999,13.6196,0.0044911972539621,0.013559523173882706,4370095.0,0.010711553175210314,-0.0030511060259343363
2022-03-30,13.09,13.29,13.05,13.17,4154500,0.007621988119058962,-0.018804615788346093,-0.006056036677041585,-0.009070356969964265,0.13359163960817486,13.162,13.25,13.2955,13.615599999999999,0.007617456358863926,0.012171644772190097,3883740.0,0.018223234624145667,0.006111535523300234
2022-03-31,13.21,13.42,13.17,13.35,5523400,0.01357486909106885,0.004504512121104508,0.007518832414027319,-0.012653685768559476,0.32949813455289445,13.174000000000001,13.26,13.287,13.613,0.009852517834452615,0.01192258116121123,3751555.0,0.018726591760299626,0.01059803179409529
2022-04-01,13.35,13.5,13.33,13.5,5865500,0.011173300598125255,0.021715566910149777,0.018692133012152546,-0.026317308317373417,0.06193648839482927,13.232,13.285,13.269,13.616,0.009828804071998301,0.010716825277497318,3698575.0,0.012592592592592588,0.011235955056179803
2022-04-04,13.58,13.62,13.5,13.54,4794400,0.0029585820397450414,0.03532873984799818,0.017132635077108556,0.0074129323891255336,-0.18261017816042963,13.325999999999999,13.308000000000002,13.274000000000001,13.6222,0.005620134691873636,0.00819466201302219,3703570.0,0.008862629246676457,-0.0029455081001473434
2022-04-05,13.5,13.5,13.31,13.33,4508400,-0.015631133293511606,0.019697606554486602,-0.009705190025964523,0.012075618435427543,-0.0596529284164859,13.378,13.294999999999998,13.282,13.623800000000001,0.011647969940221006,0.007622152616201295,3567900.0,0.014253563390847674,-0.012592592592592588
2022-04-06,13.27,13.46,13.23,13.42,4156600,0.006728997352918381,0.01880461578834608,0.0,0.015772013009301793,-0.07803211782450536,13.428,13.294999999999998,13.2925,13.625599999999999,0.0115840617143479,0.00772822214749754,3567130.0,0.017138599105812252,0.01130369253956295
2022-04-07,13.5,13.8,13.44,13.58,9648900,0.011851990587014328,0.01708173728429166,0.021586249405396225,0.021586249405396225,1.3213443679930712,13.474,13.324000000000002,13.306999999999999,13.630999999999998,0.011239663234521914,0.008039172680705215,3939585.0,0.02650957290132557,0.005925925925925931
2022-04-08,13.62,13.74,13.6,13.68,8904400,0.007336790063854308,0.013245226750020723,0.03496079366017037,0.03496079366017037,-0.07715905439998341,13.51,13.370999999999999,13.3305,13.634199999999998,0.01069551195694809,0.00797198092230728,4249060.0,0.010233918128655012,0.004405286343612372
2022-04-12,13.68,13.68,13.48,13.52,4923200,-0.01176484157958637,-0.0014781968693108945,0.03385054297868731,0.023195952080584087,-0.44710480212030007,13.506,13.416,13.346,13.627,0.012468804944006696,0.008522783271298452,4358975.0,0.01479289940828397,-0.01169590643274855
2022-04-13,13.54,13.68,13.46,13.6,5053900,0.005899722127188322,0.020052658551389088,0.03975026510587571,0.026072240309775105,0.02654777380565486,13.559999999999999,13.469,13.363499999999998,13.6174,0.009115563206220752,0.008579961206056181,4474160.0,0.016176470588235212,0.004431314623338294
2022-04-14,13.6,13.8,13.58,13.66,4900700,0.004402061400637665,0.01772572259910837,0.03653033838745433,0.03047430171041287,-0.030313223451196105,13.608,13.518,13.384,13.6042,0.009000753914665077,0.008601196455107754,4554485.0,0.016105417276720397,0.004411764705882389
2022-04-15,13.66,13.74,13.52,13.56,5388100,-0.007347571630394522,-0.0014738396183005527,0.015607897665990968,0.02312673008001838,0.09945517987226314,13.604000000000003,13.538999999999998,13.3995,13.593399999999999,0.008659925227831777,0.0088237410272954,4692875.0,0.016224188790560517,-0.007320644216691043
2022-04-18,13.54,13.58,13.25,13.25,5946400,-0.023126730080018313,-0.03193735976217319,-0.01869213301215252,0.0,0.10361723056364952,13.518,13.514,13.3995,13.5792,0.012014884794369633,0.010364152883915916,4860345.0,0.024905660377358495,-0.02141802067946818
2022-04-19,13.17,13.25,12.77,12.79,5244400,-0.03533393684147998,-0.05550645502406679,-0.0569846518933776,-0.039852016816268994,-0.11805462128346562,13.372,13.439000000000002,13.373500000000002,13.554599999999999,0.017855749085804094,0.012956531616108904,4957440.0,0.037529319781079006,-0.02885345482156422
2022-04-20,12.81,13.01,12.79,12.89,4490500,0.007788201360344871,-0.053617975790910224,-0.03356531723952125,-0.0432705072654858,-0.14375333689268552,13.23,13.395,13.344999999999999,13.523400000000002,0.01831922695692179,0.012794778910999382,5015765.0,0.017067494181536122,0.006245120999219365
2022-04-21,12.93,13.13,12.73,12.73,5899800,-0.012490404381780902,-0.07051044157332886,-0.05278471897422054,-0.05278471897422054,0.3138403295846788,13.044,13.325999999999999,13.310500000000001,13.4902,0.01627606642936209,0.013001779172037844,5207755.0,0.03142183817753341,-0.015467904098994532
2022-04-22,12.81,13.17,12.81,13.05,5188800,0.024826721199387197,-0.0383361487435471,-0.039809988361847626,-0.018223738956451383,-0.12051255974778806,12.942000000000002,13.273,13.298499999999999,13.464,0.024095814182011184,0.014246320589949736,5323540.0,0.02758620689655168,0.018735362997658097
2022-04-25,13.05,13.11,12.32,12.32,8242600,-0.05756417566332875,-0.07277359432685752,-0.10471095408903061,-0.06975016042886027,0.5885368485969781,12.756,13.137,13.254,13.421799999999998,0.03292398280064266,0.019065988165612915,5568760.0,0.06412337662337655,-0.05593869731800769
2022-04-26,12.32,12.63,12.12,12.49,6106000,0.0137043660321126,-0.023735291453264983,-0.07924174647733163,-0.045391203498644284,-0.25921432557688107,12.696000000000002,13.034,13.225,13.396799999999999,0.03248770353390727,0.019359822350302997,5630270.0,0.040832666132906446,0.013798701298701293
2022-04-27,12.41,12.61,12.24,12.49,2831800,0.0,-0.03152349281360974,-0.08514146860451995,-0.045391203498644284,-0.5362266622993777,12.616,12.922999999999998,13.196000000000002,13.367799999999999,0.03191815367247638,0.019359822350302997,5588615.0,0.02962369895916727,0.0064464141821112065
2022-04-28,12.36,12.61,12.36,12.53,1503700,0.0031974447704905596,-0.01583564366133829,-0.08634608523466715,-0.049815746847212725,-0.46899498552157637,12.575999999999999,12.809999999999999,13.164000000000001,13.341999999999999,0.03192914101835251,0.019265893361748845,5456075.0,0.019952114924181964,0.01375404530744336
2022-04-29,12.53,13.21,12.43,13.21,4640900,0.052848349626257056,0.012185984765531462,-0.026150163978015506,-0.010542266312024545,2.0863204096561816,12.608,12.775,13.157,13.329,0.03960718380066611,0.022687247453866344,5411950.0,0.0590461771385315,0.05426975259377506
2022-05-04,13.03,13.13,12.83,12.83,2060200,-0.02918793990668894,0.04056222052217137,-0.032211373804686104,-0.05090350681683865,-0.5560774849705876,12.709999999999999,12.733,13.123500000000002,13.312000000000001,0.029638903694638445,0.023376331430703504,5221685.0,0.023382696804364826,-0.015349194167306162
2022-05-05,13.05,13.05,12.65,12.81,3209000,-0.0015600627189021163,0.025297791771156486,0.0015625003178916343,-0.05542215157548594,0.5576157654596641,12.774,12.735000000000001,13.087,13.2902,0.029704989855508648,0.023342149301272052,5142415.0,0.031225604996096827,-0.018390804597701163
2022-05-06,12.61,12.85,12.47,12.53,1920300,-0.02210034700066608,0.0031974447704905596,-0.028326048043119136,-0.06189136528264046,-0.4015892801495793,12.782,12.699000000000002,13.047,13.260399999999999,0.032186650765110014,0.02357341214723006,5013010.0,0.030327214684756507,-0.006344171292624907
2022-05-09,12.53,12.53,12.0,12.36,5176200,-0.01366031687843223,-0.01366031687843223,-0.0294959605397705,-0.08228067951399107,1.695516325574129,12.748000000000001,12.662,12.994,13.228,0.03273005664991928,0.023567099994212668,5063990.0,0.042880258899676324,-0.01356743814844373
2022-05-10,12.24,12.53,12.08,12.45,3850100,0.007255170881171795,-0.05925349562351743,-0.047067510857985856,-0.08687749921983348,-0.2561918009350489,12.596,12.602,12.9375,13.1986,0.014831060163101885,0.023425182335724763,4774050.0,0.036144578313252955,0.017156862745097964
2022-05-11,12.45,12.77,12.36,12.77,2319300,0.025378047133731353,-0.004687508583097161,0.0358747119390742,-0.06883624214995648,-0.3976000623360432,12.584,12.647,12.892,13.1764,0.018505077843321276,0.024232128033412403,4444795.0,0.03210649960845734,0.025702811244979945
2022-05-12,12.41,12.63,11.92,11.92,3128000,-0.06888100840724422,-0.07200845427143926,-0.04671066250028266,-0.12595240897761426,0.34868279222179105,12.406,12.59,12.812000000000001,13.140799999999999,0.03563447136373846,0.028290436657004207,4355035.0,0.05956375838926182,-0.03948428686543112
2022-05-13,12.08,12.24,11.11,11.11,6142600,-0.0703720579856651,-0.12028016525643831,-0.11708272048594774,-0.20222418909046772,0.9637468030690537,12.122,12.452,12.6875,13.089399999999998,0.04383675190855702,0.03151650902079024,4409470.0,0.10171017101710178,-0.08029801324503316
2022-05-16,11.17,11.6,11.11,11.15,5137600,0.0035938942545892623,-0.10302595412341686,-0.11668627100184914,-0.20303235623651622,-0.16361150001627975,11.879999999999999,12.314,12.562000000000001,13.046600000000002,0.04550700296789124,0.03149743402777687,4421315.0,0.04394618834080719,-0.0017905102954341606
2022-05-17,11.15,11.86,11.11,11.82,2617900,0.058353514071824285,-0.05192761093276437,-0.11118110655628183,-0.13733127053429733,-0.49044300840859545,11.754000000000001,12.175,12.475,13.012599999999999,0.05748829982193205,0.035033020095058855,4282805.0,0.06345177664974619,0.0600896860986547
2022-05-18,12.0,12.02,11.64,11.7,3521100,-0.010204170174241736,-0.08750982824073747,-0.09219733682383467,-0.12440871062852088,0.34500935864624316,11.540000000000001,12.062000000000001,12.397499999999999,12.9694,0.054054138662041035,0.03483595723772363,4161540.0,0.0324786324786324,-0.02500000000000006
2022-05-19,11.48,11.72,11.35,11.56,1856400,-0.012037978559478867,-0.030666798392972188,-0.10267525266441146,-0.10111275234651979,-0.4727783931157877,11.468,11.937,12.336,12.9318,0.04591084495407894,0.03419483431397249,3992140.0,0.032006920415225,0.0069686411149825845
2022-05-20,11.56,11.84,11.56,11.74,1936000,0.015450951155718885,0.05515621074841183,-0.06512395450802642,-0.0934500025511457,0.04287868993751347,11.594,11.858,12.2785,12.9032,0.028711396134544303,0.034388697101275095,3864415.0,0.023850085178875585,0.015570934256055338
2022-05-23,11.76,11.84,11.44,11.5,1187500,-0.020654779030746025,0.03090753746307649,-0.07211841666034034,-0.10161437720011082,-0.38662190082644626,11.664,11.772,12.217,12.869000000000002,0.03212657480689867,0.03453453499529386,3628800.0,0.0347826086956522,-0.02210884353741495
2022-05-24,11.64,11.64,11.37,11.64,1574100,0.012100406934087489,-0.015345569674660308,-0.06727318060742475,-0.11434069146541061,0.3255578947368421,11.628,11.691,12.1465,12.835999999999999,0.015919424859360223,0.03406857341674418,3448065.0,0.02319587628865991,0.0
2022-05-25,11.64,12.12,11.64,12.12,3815600,0.040409538337876486,0.03526813883745805,-0.05224168940327954,-0.01636697746420536,1.4239883107807636,11.712,11.626,12.1365,12.814200000000001,0.024191150393599623,0.03325521601821533,3226715.0,0.03960396039603949,0.04123711340206174
2022-05-26,12.28,12.32,12.12,12.26,2690700,0.011484949866897031,0.05879106726383386,0.028124268870861627,-0.018586393629421032,-0.2948160184505713,11.852,11.66,12.125,12.7952,0.02171018528546683,0.033207873255732004,3055950.0,0.0163132137030996,-0.001628664495113972
2022-05-27,12.45,12.85,12.36,12.85,4910800,0.04700188083316347,0.09034199694127833,0.14549820768969024,0.02841548720374235,0.8251012747612145,12.074,11.834,12.143,12.7872,0.026994055486774433,0.03489727148496935,3159900.0,0.038132295719844375,0.03212851405622493
2022-05-30,12.93,12.93,12.73,12.91,2244200,0.00465839351732231,0.11565516948934676,0.14656270695242327,0.029876435950574244,-0.5430072493280117,12.356,12.010000000000002,12.162,12.7804,0.019150120731937958,0.034902714783806535,3196925.0,0.015491866769945723,-0.0015467904098994257
2022-05-31,12.81,12.85,12.73,12.75,2348500,-0.012470933254115992,0.09108382930114328,0.07573825962648298,-0.03544284692979891,0.04647535870243294,12.578,12.103,12.139,12.7704,0.024959886209372263,0.032839471520890104,3082305.0,0.009411764705882291,-0.004683840749414559
2022-06-01,12.85,12.85,12.57,12.57,3523400,-0.014218249002279025,0.036456041960987694,0.07172418079844578,-0.020473156025389034,0.5002767724079199,12.668000000000001,12.190000000000001,12.126,12.7568,0.024772240952775366,0.03234864508542455,3155465.0,0.022275258552108143,-0.02178988326848244
2022-06-02,12.93,13.11,12.8,12.8,3745600,0.018132148323415472,0.04310324041750627,0.10189430768134015,-0.0007809449830713962,0.06306408582619061,12.776,12.314,12.1255,12.746599999999999,0.025227748358013627,0.032629926494470635,3182295.0,0.0242187499999999,-0.010054137664346404
2022-06-03,12.88,12.93,12.58,12.78,1409500,-0.00156372197618287,-0.00546236239184004,0.08487963454943821,0.019755680041411768,-0.623691798376762,12.762,12.418,12.138000000000002,12.733000000000002,0.013272489967436806,0.0322196948559368,3156755.0,0.027386541471048485,-0.007763975155279613
2022-06-06,12.78,12.91,12.73,12.78,1698800,0.0,-0.010120755909162438,0.10553441358018431,0.03341599691984402,0.20525008868393047,12.736,12.546,12.159,12.7202,0.01292687965177599,0.03203710401570779,2982885.0,0.014084507042253499,0.0
2022-06-07,12.78,12.78,12.27,12.6,2255000,-0.014184634991956413,-0.01183445764700291,0.07924937165414048,0.01197619104671562,0.32740758182246293,12.706,12.642,12.166500000000001,12.7064,0.013290707526569525,0.032198701339290994,2903130.0,0.04047619047619046,-0.014084507042253499
2022-06-08,12.58,12.98,12.45,12.98,4494800,0.029712897318511733,0.03209668867378779,0.06855273063477567,0.016311041231496164,0.993259423503326,12.788,12.728,12.177,12.701799999999999,0.017387069055710556,0.032388310867247236,3011905.0,0.040832049306625665,0.031796502384737704
2022-06-09,13.03,13.08,12.65,13.01,3388400,0.002308581248470025,0.01627312159884238,0.059376362016348494,0.08750063088721015,-0.24615110794696093,12.830000000000002,12.803,12.2315,12.7006,0.016115768779373426,0.027930620479509193,3024925.0,0.033051498847040714,-0.001534919416730589
2022-06-10,12.73,13.03,12.7,12.73,2278300,-0.021756879955098674,-0.0039200363800735395,-0.00938239877191362,0.13611580891777667,-0.3276177546924802,12.819999999999999,12.791,12.3125,12.6938,0.01974638050778299,0.022710824309700877,2831710.0,0.025923016496465046,0.0
2022-06-13,12.63,12.63,12.02,12.07,3830300,-0.053238377459875044,-0.05715841383994852,-0.06727916974911101,0.07928353720331234,0.6812096738796471,12.678,12.706999999999999,12.3585,12.671800000000001,0.030592725808994185,0.026391126641390632,2766345.0,0.05053852526926273,-0.04433887569279497
2022-06-14,12.07,12.35,11.87,12.17,2049600,0.008250871889995596,-0.0347229069579965,-0.04655736460499939,0.02918089502148366,-0.46489831083727123,12.592000000000002,12.649,12.376,12.6482,0.031712825906107404,0.023133481951618916,2737930.0,0.039441248972884174,0.008285004142502042
2022-06-15,12.35,12.37,11.67,11.92,3633100,-0.020756245362232126,-0.08519204963874027,-0.05309536096495243,0.018628819833493418,0.7725897736143638,12.379999999999999,12.584,12.387,12.6166,0.024291859497956744,0.02353040918828821,2743530.0,0.058724832214765044,-0.034817813765182164
2022-06-16,11.92,12.17,11.92,12.17,1925600,0.020756245362232088,-0.06674438552497809,-0.05047126392613577,0.05142304375520426,-0.46998431091904985,12.212,12.521,12.4175,12.5892,0.028924230284221964,0.023720928959690458,2746990.0,0.020542317173377157,0.02097315436241611
2022-06-17,11.87,12.05,11.54,11.67,3160900,-0.04195246070097123,-0.0869399662708506,-0.09086000265092405,-0.005980368101485834,0.6415143331948484,12.0,12.41,12.414,12.556,0.03167152734085784,0.02548753280586835,2808235.0,0.043701799485861316,-0.016849199663015946
2022-06-20,11.67,11.87,11.52,11.57,3956000,-0.00860590509287942,-0.042307493903854874,-0.09946590774380346,0.006068505836380879,0.25154228226138126,11.9,12.289,12.4175,12.519,0.024524508574427777,0.02512082471168613,2946660.0,0.030250648228176285,-0.008568980291345299
2022-06-21,11.36,11.72,11.36,11.62,2676500,0.004312210218179906,-0.04624615557567066,-0.0809690625336672,-0.0017196908795266994,-0.32343276036400403,11.79,12.190999999999999,12.416500000000001,12.479800000000001,0.023909034799989834,0.02498834426184743,3001780.0,0.030981067125645544,0.022887323943661955
2022-06-22,11.72,12.07,11.72,12.0,2532000,0.032178898364235195,0.00668898815079671,-0.07850306148794363,-0.00995033085316798,-0.0539884177096955,11.806000000000001,12.093,12.4105,12.446200000000001,0.02876638849106987,0.024345839106195727,2937600.0,0.029166666666666636,0.023890784982935096
2022-06-23,11.82,12.05,11.64,12.0,2140900,0.0,-0.014067257211435478,-0.08081164273641353,-0.021435280720065033,-0.15446287519747234,11.772,11.992,12.397499999999999,12.415799999999999,0.026685996670282,0.024183237530518892,2910110.0,0.03416666666666668,0.015228426395939063
2022-06-24,11.97,12.12,11.87,12.02,1588100,0.0016652793190612488,0.029550482808596942,-0.05738948346225368,-0.06677188223416727,-0.2582091643701247,11.841999999999999,11.921,12.356,12.3842,0.01546176904283165,0.021405110402069345,2743975.0,0.02079866888519135,0.0041771094402672454
2022-06-27,12.02,12.2,11.95,12.1,2447600,0.006633523495633877,0.04478991139711021,0.002482417493255137,-0.06479675225585578,0.5412127699767018,11.947999999999999,11.924,12.3155,12.353,0.013225224133138423,0.02144846030136454,2754145.0,0.02066115702479339,0.0066555740432612375
2022-06-28,12.02,12.53,11.97,12.37,2995800,0.02206873380170112,0.06254643498063144,0.016300279404960656,-0.030257085200038718,0.22397450563817617,12.097999999999999,11.943999999999999,12.2965,12.3292,0.014025655020055967,0.02204821721754863,2786510.0,0.04527081649151162,0.029118136439267858
2022-06-29,12.22,12.37,12.12,12.22,1960600,-0.012200232660947162,0.018167303955448934,0.024856292106245716,-0.028239068858706813,-0.3455504372788571,12.142,11.974,12.279,12.308600000000002,0.012416131555030352,0.021991557170641364,2708370.0,0.0204582651391162,0.0
2022-06-30,12.37,12.37,12.1,12.12,2088400,-0.008216973102280934,0.009950330853168092,-0.004116926358267505,-0.05458819028440318,0.06518412730796695,12.166,11.969,12.245,12.2952,0.013512663578245064,0.021543793486166807,2625510.0,0.022277227722772245,-0.02021018593371059
2022-07-01,12.05,12.15,11.87,12.15,1851900,0.002472189145389073,0.010757240679495933,0.04030772348809281,-0.05055227916283121,-0.11324458915916491,12.192,12.017,12.2135,12.2804,0.013512633378486877,0.02157416716690749,2647630.0,0.023045267489712026,0.008298755186721962
2022-07-04,12.32,12.37,12.12,12.25,1823900,0.00819676720417849,0.012320484388040657,0.05711039578515084,-0.042355511958652683,-0.015119606890220854,12.222,12.084999999999999,12.187,12.270800000000001,0.013659549591898065,0.021702186718988617,2653885.0,0.02040816326530612,-0.0056818181818182045
2022-07-05,12.35,12.43,12.25,12.35,2991000,0.008130126083250089,-0.001618123330410263,0.06092831165022102,-0.020040750883446153,0.6398925379680903,12.218,12.158,12.174499999999998,12.256799999999998,0.009423883504452849,0.02162263217882078,2690685.0,0.014574898785425078,0.0
2022-07-06,12.32,12.37,11.92,12.22,2017800,-0.01058210933053686,0.0,0.018167303955448934,-0.0603357575324946,-0.32537612838515545,12.218,12.18,12.1365,12.2548,0.008928848564438072,0.020455873430440173,2566835.0,0.0368248772504091,-0.008116883116883088
2022-07-07,12.27,12.37,12.17,12.2,2496700,-0.0016380020042384695,0.0065789710980425605,0.016529301951210506,-0.06428234078520302,0.23733769451878284,12.234,12.2,12.096,12.249,0.007832706719378323,0.02042080352617273,2522250.0,0.01639344262295076,-0.005704971475142648
2022-07-08,12.22,12.32,12.12,12.12,2016000,-0.006578971098042511,-0.0024721891453891483,0.008285051534106865,-0.04910443192814688,-0.19253414507149438,12.228,12.209999999999999,12.0655,12.2416,0.00851484803230708,0.019972540171124795,2509135.0,0.01650165016501659,-0.008183306055646596
2022-07-11,12.05,12.12,11.87,11.87,1634700,-0.020842772019591782,-0.031511728369159366,-0.019191243981118714,-0.016708826487863534,-0.18913690476190476,12.152,12.187000000000001,12.055499999999999,12.2284,0.0107222810048293,0.01667939823693076,2399355.0,0.02106149957877001,-0.014937759336099707
2022-07-12,11.92,12.12,11.87,12.12,728100,0.020842772019591622,-0.018799082432817808,-0.020417205763228148,-0.004116926358267505,-0.5545971737933566,12.106,12.162,12.053,12.206600000000002,0.015460499183535304,0.01726770675337441,2333280.0,0.020627062706270627,0.016778523489932827
2022-07-13,12.12,12.32,12.02,12.12,2126200,0.0,-0.008216973102280934,-0.008216973102280934,0.016639319003964724,1.9202032687817607,12.086,12.152,12.062999999999999,12.1924,0.015010866670544071,0.016577541274804538,2257935.0,0.024752475247524813,0.0
2022-07-14,12.02,12.2,12.02,12.15,1429400,0.002472189145389073,-0.004106781952653359,0.002472189145389073,-0.0016447372128782674,-0.32772081648010537,12.075999999999999,12.155,12.062000000000001,12.179200000000002,0.015123357259546307,0.015911731365805024,2233125.0,0.014814814814814791,0.010815307820299566
2022-07-15,12.25,12.35,12.12,12.12,2642300,-0.0024721891453891483,0.0,-0.0024721891453891483,0.03783553434270382,0.848537848048132,12.075999999999999,12.152,12.0845,12.171000000000001,0.01484137568811023,0.012534462685505883,2207195.0,0.018976897689769012,-0.010612244897959247
2022-07-18,12.17,12.22,12.07,12.07,2425000,-0.004133945531728226,0.01670882648786347,-0.014802901881295811,0.04230749390385501,-0.0822389584831397,12.116,12.134,12.1095,12.1652,0.010098231440960736,0.012376230243139372,2130645.0,0.012427506213753136,-0.008216926869350834
2022-07-19,12.07,12.1,12.02,12.07,1507000,0.0,-0.004133945531728226,-0.022933027964545993,0.03799528368567509,-0.3785567010309278,12.105999999999998,12.105999999999998,12.132,12.1576,0.0025443586062406983,0.012373506058745603,2072170.0,0.006628003314001663,0.0
2022-07-20,12.17,12.3,12.07,12.27,3039300,0.016434223613379786,0.012300278081651687,0.004083304979370781,0.022250608934819723,1.0167883211678832,12.136,12.111,12.1455,12.1476,0.00820270201820478,0.010738516992064967,2097535.0,0.018744906275468657,0.008216926869350834
2022-07-21,12.27,12.58,12.22,12.45,4313000,0.01456336418789651,0.024391453124159048,0.020284671171505717,0.036813973122716184,0.4190767610963051,12.196,12.136,12.168,12.1582,0.009828376137136713,0.011145170826067531,2206140.0,0.028915662650602365,0.014669926650366726
2022-07-22,12.45,12.53,12.3,12.3,2039400,-0.012121360532344737,0.014742281737203431,0.014742281737203431,0.02302733327131049,-0.5271504753072107,12.232000000000001,12.154,12.181999999999999,12.182,0.012275231106729217,0.011574669655446361,2228705.0,0.018699186991869808,-0.012048192771084223
2022-07-25,12.22,12.32,12.07,12.15,1850700,-0.01227009259181436,0.006606134677117269,0.023314961164980802,0.004123717183862156,-0.09252721388643718,12.248000000000001,12.181999999999999,12.1845,12.201999999999998,0.013882809806881904,0.011871462387136753,2198860.0,0.0205761316872428,-0.00572831423895256
2022-07-26,12.12,12.25,12.12,12.15,1484900,0.0,0.006606134677117269,0.002472189145389073,-0.01794501661783901,-0.19765494137353434,12.264,12.184999999999999,12.173499999999999,12.208599999999999,0.013882809806881904,0.010700272560385901,2123315.0,0.01069958847736632,0.0024752475247525694
2022-07-27,12.12,12.22,12.1,12.22,890000,0.0057447839568917965,-0.004083304979370768,0.008216973102281025,0.0,-0.40063303926190313,12.254,12.195,12.173499999999999,12.219,0.011610792357076107,0.010452093397132533,2069785.0,0.009819967266775859,0.008250825082508368
2022-07-28,12.48,12.48,12.32,12.35,3347500,0.010582109330536788,-0.008064559836730408,0.016326893287428666,0.018799082432817898,2.7612359550561796,12.234,12.215,12.185,12.2348,0.010361692777842145,0.010519333046621901,2132740.0,0.012955465587044546,-0.010416666666666729
2022-07-29,12.4,12.48,12.35,12.43,3817300,0.006456842448633647,0.01051364314424787,0.0252559248814513,0.022783735736062266,0.14034353995519044,12.26,12.246,12.199,12.2486,0.008875841210556627,0.010587394259004523,2231010.0,0.010458567980691938,0.002419354838709626
2022-08-01,12.45,12.63,12.37,12.63,4455500,0.015962030839780022,0.0387457665758424,0.045351901252959625,0.030548999371663894,0.16718623110575537,12.356,12.302,12.218,12.2712,0.005941673544159105,0.010994395043841945,2362590.0,0.020585906571654912,0.014457831325301325
2022-08-02,12.63,12.65,12.48,12.58,3391300,-0.003966685090105363,0.03477908148573704,0.04138521616285428,0.01845218819830837,-0.23885085848950735,12.442,12.353,12.2295,12.29,0.007336186208397564,0.010944672511656543,2382605.0,0.013513513513513507,-0.003958828186856746
2022-08-03,12.63,12.65,12.48,12.6,6081900,0.00158856268513774,0.030622860213983003,0.02653955523461231,0.030622860213983003,0.7933830684398313,12.517999999999999,12.386,12.2485,12.2996,0.007732471941295028,0.010604393203223806,2585810.0,0.013492063492063487,-0.002375296912114104
2022-08-04,12.63,12.75,12.58,12.63,4390100,0.0023781224049674193,0.022418873288413573,0.01435431345168334,0.03463898462318909,-0.27816965093145235,12.574000000000002,12.404,12.27,12.307,0.007414001200665405,0.010579218407524767,2680480.0,0.013460015835312741,0.0
2022-08-05,12.63,12.63,12.37,12.55,3272800,-0.006354270784606832,0.009607760055173163,0.020121403199421028,0.03486368493662467,-0.2545044532015216,12.598,12.428999999999998,12.2915,12.300999999999998,0.008669125723801886,0.010570043103735247,2743320.0,0.020717131474103707,-0.00633412509897071
2022-08-08,12.53,12.63,12.45,12.5,3202100,-0.003992021269537561,-0.010346292054144373,0.028399474521697957,0.05171443568667889,-0.021602297726717182,12.572,12.464,12.323,12.2928,0.0038346260361445082,0.009266124452132627,2821690.0,0.01440000000000012,-0.002394253790901785
2022-08-09,12.58,12.63,12.48,12.6,3553300,0.007968169649176881,0.00158856268513774,0.03636764417087479,0.03883983331626396,0.1096780237968833,12.576,12.509,12.347,12.2898,0.0056453301470179365,0.008331055652136793,2962950.0,0.011904761904761934,0.00158982511923685
2022-08-10,12.6,12.65,12.5,12.55,1987700,-0.0039761483796392945,-0.0039761483796392945,0.026646711834343605,0.03486368493662467,-0.4406045084850702,12.565999999999999,12.542,12.368500000000001,12.2894,0.005875967782015884,0.008426730150231721,2956025.0,0.011952191235059789,-0.003968253968253884
2022-08-11,12.63,12.68,12.48,12.5,3442200,-0.003992021269537561,-0.010346292054144373,0.01207258123426924,0.028399474521697957,0.7317502641243648,12.540000000000001,12.557,12.386,12.283400000000002,0.0057039801121243,0.008520741482530191,3056665.0,0.015999999999999945,-0.010292953285827456
2022-08-12,12.48,12.55,12.43,12.53,1460000,0.0023971245997214514,-0.0015948966698161138,0.008012863385357201,0.03326878826680864,-0.575852652373482,12.536,12.567,12.4065,12.2784,0.005394706164309891,0.008473109334285784,2997550.0,0.009577015163607422,0.004006410256410171
2022-08-15,12.58,12.7,12.53,12.6,3154600,0.0055710450494554295,0.007968169649176881,-0.002378122404967547,0.04297377884799211,1.1606849315068493,12.556000000000001,12.564,12.433,12.2748,0.005461733266314365,0.008401216771276282,3034030.0,0.013492063492063487,0.00158982511923685
2022-08-16,12.58,12.6,12.45,12.55,3234500,-0.0039761483796392945,-0.0039761483796392945,-0.0023875856945015225,0.038997630468352834,0.02532809230964306,12.546000000000001,12.561000000000002,12.457,12.2738,0.0045049013250163155,0.008501190943734723,3120405.0,0.011952191235059789,-0.002384737678855275
2022-08-17,12.6,12.63,12.55,12.6,3350600,0.003976148379639417,0.003976148379639417,0.0,0.02653955523461231,0.03589426495594373,12.556000000000001,12.561,12.4735,12.266200000000001,0.0045049013250163476,0.007812554375194368,3135970.0,0.006349206349206355,0.0
2022-08-18,12.6,12.75,12.53,12.7,5981500,0.007905179507113247,0.015873349156290163,0.005527057102145793,0.019881370553828995,0.7852026502715932,12.596,12.568000000000001,12.486,12.26,0.004486130891861649,0.007346815826064054,3219395.0,0.017322834645669343,0.007936507936507908
2022-08-19,12.7,12.7,12.53,12.55,1909000,-0.011881327886752563,0.0015948966698159737,0.0,0.020121403199421028,-0.6808492852963304,12.6,12.568000000000001,12.4985,12.256400000000001,0.008151765623648919,0.0073244249836337556,3212875.0,0.013545816733067723,-0.011811023622047133
2022-08-22,12.53,12.53,12.43,12.45,2239300,-0.008000042667076376,-0.011976191046715762,-0.004008021397538822,0.024391453124159048,0.17302252488213724,12.57,12.563,12.513499999999999,12.264,0.008224843152662382,0.0069707612285373624,3232305.0,0.008032128514056196,-0.006384676775738235
2022-08-23,12.3,12.53,12.22,12.53,2385000,0.006405145997260215,-0.0015948966698161138,-0.00557104504945536,0.030796599121419417,0.06506497566203724,12.565999999999999,12.556000000000001,12.5325,12.2712,0.008999797361231363,0.007058366624270376,3277310.0,0.024740622505985535,0.018699186991869808
2022-08-24,12.48,12.58,12.45,12.55,2704900,0.0015948966698159737,-0.0039761483796392945,0.0,0.026646711834343605,0.13412997903563942,12.556000000000001,12.556000000000001,12.549000000000001,12.2838,0.008775906470466239,0.006988903101266048,3368055.0,0.010358565737051854,0.0056089743589743815
2022-08-25,12.55,12.63,12.5,12.63,3631800,0.006354270784606798,-0.005527057102145771,0.010346292054144267,0.022418873288413573,0.34267440570815927,12.542,12.568999999999999,12.562999999999999,12.293,0.008411351122489398,0.006754407342977664,3382270.0,0.010292953285827456,0.006374501992031878
2022-08-26,12.68,12.78,12.5,12.53,3878700,-0.007949167454422871,-0.0015948966698161138,0.0,0.008012863385357201,0.0679828184371386,12.538,12.568999999999999,12.568000000000001,12.3102,0.00725650664324344,0.006921502713128263,3385340.0,0.022346368715083748,-0.011829652996845455
2022-08-29,12.35,12.48,12.27,12.4,3218300,-0.010429296296985621,-0.00402415029972538,-0.016000341346441075,-0.018378463751408586,-0.1702632325263619,12.528,12.549000000000001,12.5565,12.3268,0.007947752436688346,0.006285080460724147,3323480.0,0.01693548387096781,0.004048582995951474
2022-08-30,12.43,12.55,12.4,12.4,2016400,0.0,-0.010429296296985621,-0.0120241929668017,-0.014411778661303316,-0.37345803685175405,12.501999999999999,12.533999999999999,12.547500000000001,12.3424,0.006948487116096125,0.00624630977052456,3254735.0,0.012096774193548416,-0.0024135156878519197
2022-08-31,12.4,12.5,12.4,12.45,1967000,0.004024150299725327,-0.008000042667076376,-0.011976191046715762,-0.011976191046715762,-0.024499107319976194,12.482,12.519,12.540000000000001,12.351399999999998,0.007343873139778839,0.006317040838197218,3048990.0,0.008032128514056196,0.004032258064516043
2022-09-05,12.4,12.5,12.35,12.37,2307700,-0.006446436506320104,-0.020800749958003354,-0.02632780706014908,-0.020800749958003354,0.1732079308591764,12.43,12.486,12.527,12.358799999999999,0.005982799803823092,0.00640572962766923,2944870.0,0.012126111560226383,-0.002419354838709769
2022-09-06,12.37,12.48,12.35,12.45,2405200,0.006446436506320049,-0.006405145997260369,-0.008000042667076376,-0.008000042667076376,0.04224985916713611,12.414,12.475999999999999,12.522,12.3674,0.007068803206623699,0.006485803855653201,2901490.0,0.010441767068273156,0.006467259498787395
2022-09-07,12.37,12.43,12.27,12.27,3214400,-0.014563364187896555,-0.010539213888171124,-0.014563364187896555,-0.018571385585435456,0.33643771827706637,12.388,12.458,12.5105,12.3708,0.008502697270396072,0.007186822517579571,2902105.0,0.01303993480032601,-0.008084074373484207
2022-09-08,12.32,12.35,12.12,12.12,2080700,-0.012300278081651676,-0.022839491969822903,-0.0332687882668085,-0.03883983331626401,-0.35269412643106024,12.331999999999999,12.417,12.486500000000001,12.3658,0.00946528937172771,0.007294486883360578,2828475.0,0.018976897689769012,-0.01623376623376632
2022-09-09,12.22,12.22,12.0,12.12,2227900,0.0,-0.02686364226954827,-0.03486368493662465,-0.03486368493662465,0.07074542221367809,12.265999999999998,12.373999999999999,12.465,12.3638,0.008691525318062068,0.007290311845310833,2840485.0,0.018151815181518205,-0.008183306055646596
2022-09-12,12.12,12.22,12.0,12.0,1416163,-0.00995033085316798,-0.030367536616396167,-0.05116828657439949,-0.040821994520255166,-0.3643507338749495,12.191999999999998,12.311,12.44,12.361400000000001,0.008937513483111025,0.0075056091447600224,2739183.15,0.018333333333333385,-0.009900990099009837
2022-09-13,12.07,12.12,11.92,12.02,1486664,0.0016652793190612488,-0.03514869380365513,-0.04155383980091544,-0.04155383980091544,0.04978311112491994,12.106,12.26,12.4145,12.358799999999999,0.007383842519864847,0.007484587091338137,2740516.35,0.01663893510815302,-0.004142502071251095
2022-09-14,11.87,11.92,11.79,11.87,2113996,-0.012557720485484841,-0.03314305010124344,-0.04368226398941461,-0.05968260533585566,0.42197295421157704,12.026,12.206999999999999,12.378,12.351199999999999,0.006911640000260948,0.0076062891104505675,2688486.15,0.01095197978096047,0.0
2022-09-15,11.92,11.92,11.84,11.9,1595118,0.0025241914959071438,-0.01831858052368463,-0.04115807249350744,-0.05318226546030926,-0.24544890340379075,11.982,12.157,12.3455,12.3422,0.007048688660258742,0.0076999720928535844,2606517.05,0.006722689075630258,-0.0016778523489932528
2022-09-16,11.87,11.92,11.67,11.69,2125534,-0.017804624633506707,-0.03612320515719131,-0.06298684742673953,-0.07496303847345523,0.33252461573375763,11.896,12.081,12.3,12.331600000000002,0.008970473705049688,0.008233888727316686,2545263.75,0.0213857998289136,-0.015164279696714383
2022-09-19,11.69,11.72,11.47,11.54,2564500,-0.012914514404023612,-0.03908738870804692,-0.06945492532444301,-0.09578273238459205,0.20652033794801683,11.803999999999998,11.998,12.242,12.318399999999999,0.009287970595602327,0.0079956917111674,2374413.75,0.021663778162911613,-0.012831479897348192
2022-09-20,11.57,11.59,11.42,11.57,1912949,0.002596280125631903,-0.03815638790147628,-0.07330508170513134,-0.08130512437220769,-0.25406550984597387,11.713999999999999,11.91,12.193,12.3074,0.009531735283836803,0.007975144874753157,2374611.2,0.014693171996542777,0.0
2022-09-21,11.54,11.54,11.42,11.42,1295851,-0.013049336977721098,-0.03864800439371241,-0.07179105449495583,-0.08635441868285243,-0.3225898860868742,11.623999999999999,11.825,12.1415,12.298399999999999,0.009597566106380979,0.008183462700799464,2327438.75,0.010507880910682945,-0.010398613518197507
2022-09-22,11.36,11.52,11.36,11.52,1831367,0.00871845103988103,-0.03245374484973863,-0.05077232537342314,-0.08404111364023169,0.41325430161337995,11.548,11.765,12.091,12.286399999999999,0.011469279448390617,0.008357494302244329,2299757.1,0.013888888888888902,0.014084507042253534
2022-09-23,11.44,11.59,11.42,11.42,1469851,-0.008718451039881047,-0.023367571256112878,-0.05949077641330421,-0.09435446134992884,-0.19740226836019215,11.494,11.694999999999999,12.0345,12.2724,0.009831386577287996,0.008298958154773824,2238004.65,0.014886164623467594,-0.001748251748251711
2022-09-26,11.31,11.36,11.01,11.21,4550765,-0.018559967143795562,-0.029013023995884825,-0.06810041270393173,-0.11926869927833116,2.096072322976955,11.428,11.616,11.9635,12.253599999999999,0.011237992605666908,0.008418538857058355,2283952.9,0.031222123104371065,-0.008841732979663982
2022-09-27,11.21,11.34,11.16,11.31,1472619,0.008881053043960486,-0.022728251077556064,-0.06088463897903238,-0.1024384787799477,-0.6764018796839653,11.376,11.545,11.9025,12.237400000000001,0.01267220163159559,0.009028659071211339,2163648.85,0.0159151193633952,0.008920606601248852
2022-09-28,11.14,11.24,11.09,11.11,2515887,-0.017841686476490558,-0.027520600576325598,-0.06616860497003807,-0.10985086895945265,0.7084439356004506,11.314,11.469,11.838,12.218200000000001,0.013621833078986451,0.009402390483036427,2128528.2,0.013501350135013534,-0.0026929982046679656
2022-09-29,11.19,11.19,11.06,11.11,3857767,0.0,-0.036239051616206566,-0.06869279646594517,-0.10985086895945265,0.5333625874294037,11.232,11.39,11.773499999999999,12.198999999999998,0.011779525414890319,0.009402390483036427,2220596.55,0.011701170117011613,-0.007149240393208228
2022-09-30,11.11,11.34,11.04,11.21,4224536,0.008960633432530004,-0.018559967143795562,-0.04192753839990841,-0.104914385826648,0.09507287505958759,11.19,11.342,11.7115,12.1778,0.013721058043298118,0.009724636126002715,2333473.35,0.026761819803746718,0.00900090009000913
2022-10-03,11.14,11.26,10.76,10.91,3661299,-0.02712643723908914,-0.02712643723908914,-0.05613946123497392,-0.12559438655941704,-0.13332517464639904,11.129999999999999,11.279,11.638499999999999,12.146999999999998,0.016326104165080232,0.010888775926670483,2401153.3,0.045829514207149404,-0.020646319569120324
2022-10-04,10.96,11.09,10.61,10.61,3474571,-0.02788284721908772,-0.06389033750213745,-0.08661858857969347,-0.15992367028482482,-0.05100047824556257,10.99,11.183,11.5465,12.113199999999999,0.01654932361865123,0.011467479163061747,2454621.85,0.04524033930254481,-0.03193430656934319
2022-10-05,10.66,10.83,10.51,10.51,3258561,-0.009469767737031962,-0.055518418762678844,-0.0830390193390044,-0.1548300738339603,-0.062168826021975085,10.870000000000001,11.092,11.458499999999999,12.0804,0.016331007734162545,0.011370101237735806,2456829.9,0.03044719314938157,-0.01407129455909947
2022-10-06,10.53,10.71,10.1,10.1,2851382,-0.039791761041646036,-0.0953101798043249,-0.13154923142053135,-0.1823215567939546,-0.12495669100563102,10.668000000000001,10.95,11.357499999999998,12.0394,0.0190384111125617,0.01342611816663265,2495364.0,0.06039603960396052,-0.04083570750237414
2022-10-07,9.87,10.05,9.39,9.42,8488826,-0.06970033525894202,-0.173971148495797,-0.1925311156395925,-0.25202189205289666,1.9770918102169404,10.309999999999999,10.75,11.2225,11.983400000000001,0.022312004322436015,0.018875485168480005,2808410.3,0.07006369426751594,-0.04559270516717318
2022-10-10,9.19,9.65,9.19,9.45,6476351,0.0031796529173795844,-0.14366505833932816,-0.1707914955784173,-0.23889190828234896,-0.23707341863291814,10.017999999999999,10.574,11.095,11.9254,0.02824372074987281,0.019198109126612524,3061419.7,0.04867724867724877,0.028291621327529902
2022-10-11,9.45,9.45,8.81,8.84,6437148,-0.06672786485609923,-0.1825100759763396,-0.2464004134784771,-0.3072850524575094,-0.006053254371172902,9.663999999999998,10.327,10.936,11.853600000000002,0.03290869967557474,0.022460347865681306,3308943.9,0.07239819004524874,-0.0645502645502645
2022-10-12,9.04,9.45,8.99,9.45,3369758,0.0667278648560993,-0.10631244338320843,-0.1618308621458873,-0.22799946711592523,-0.47651382258105607,9.452,10.161,10.815,11.789999999999997,0.057219708028714844,0.02902068792584515,3371732.0,0.04867724867724858,0.04535398230088498
2022-10-13,9.45,10.08,9.34,10.08,3904225,0.06453852113757116,-0.001982161203991211,-0.09729234100831605,-0.16598513747426116,0.15860693853980018,9.447999999999999,10.058,10.724,11.74,0.06696621861507603,0.03354673876309944,3487187.35,0.07341269841269843,0.06666666666666675
2022-10-14,10.35,10.56,10.2,10.53,3141938,0.043675063502661426,0.11139323755761232,-0.0625779109381846,-0.1045054493380929,-0.19524668788299854,9.669999999999998,9.99,10.666,11.698599999999999,0.05591593533389122,0.03539571808092656,3538007.55,0.0341880341880343,0.01739130434782606
2022-10-17,10.25,10.61,10.23,10.58,3758133,0.004737100284269296,0.11295068492450203,-0.030714373414826086,-0.08685383464980014,0.1961194014649557,9.895999999999999,9.956999999999999,10.617999999999999,11.6576,0.055787132148046356,0.03541396228150014,3597689.2,0.03591682419659726,0.03219512195121952
2022-10-18,10.76,10.86,10.66,10.81,2769943,0.021506205220963682,0.2011847550015649,0.018674679025225266,-0.06794390955446833,-0.2629470537631319,10.290000000000001,9.977,10.58,11.6228,0.026996461267829175,0.035858613180203405,3640538.9,0.01850138760407024,0.004646840148698951
2022-10-19,10.91,10.91,10.61,10.66,1447729,-0.013973212913418517,0.12048367723204721,0.01417123384883881,-0.06886778549016566,-0.47734339659696967,10.532,9.992,10.541999999999998,11.586000000000002,0.031022879653363054,0.03587229415936821,3648132.8,0.02814258911819894,-0.022914757103574702
2022-10-20,10.66,10.86,10.46,10.78,4025173,0.01119414674315249,0.06713930283762852,0.06515714163363738,-0.06639208978689413,1.7803359606666718,10.672,10.059999999999999,10.504999999999999,11.5496,0.021280804480783618,0.035920708676225856,3757823.1,0.03710575139146555,0.011257035647279477
2022-10-21,10.78,10.78,10.23,10.3,3387430,-0.045548670245260894,-0.022084430910293867,0.08930880664731838,-0.10322230899227401,-0.15843865592857748,10.626000000000001,10.148,10.449,11.504599999999998,0.026375431398962968,0.03713557814736988,3853702.05,0.05339805825242708,-0.04452690166975869
2022-10-24,10.33,10.35,9.7,9.85,2800249,-0.04467244005159267,-0.07149397124615581,0.04145671367834613,-0.12933478190007117,-0.1733411465329173,10.48,10.187999999999999,10.380999999999998,11.4516,0.030947968995568176,0.03807851625638043,3766176.25,0.06598984771573609,-0.04646660212971931
2022-10-25,9.95,10.53,9.67,10.3,4929285,0.0446724400515926,-0.04832773641552676,0.1528570185860381,-0.09354339489243894,0.7603023873948352,10.378,10.334,10.3305,11.407,0.03846875596006137,0.03964653323698213,3939009.55,0.0834951456310679,0.03517587939698507
2022-10-26,10.4,10.56,10.2,10.43,2170486,0.012542373777090898,-0.02181214972501746,0.09867152750702983,-0.06315933463885755,-0.5596752875924196,10.332,10.431999999999999,10.2965,11.363599999999998,0.0395392249784438,0.03969764210083204,3921739.5,0.0345158197507192,0.002884615384615323
2022-10-27,10.46,11.14,10.35,11.14,4850442,0.06585596548645702,0.032849669018287,0.09998897185591547,0.0026966308475995402,1.2347262318208918,10.404,10.538,10.298,11.3354,0.05085379617254075,0.04259864876520669,3971373.25,0.07091561938958715,0.06500956022944547
2022-10-28,11.31,11.39,11.14,11.26,3555046,0.010714388212406268,0.08911272747595424,0.06702829656566019,0.004450385627475641,-0.2670676198169157,10.596,10.611,10.3005,11.308599999999998,0.04186930739088416,0.042619572420825744,3937898.75,0.022202486678507993,-0.00442086648983207
2022-10-31,11.29,11.36,10.94,11.31,3749851,0.004430667416484896,0.13821583494403172,0.06672186369787586,0.03600749028304961,0.054796759310568696,10.888,10.684000000000001,10.3205,11.280800000000001,0.026474760399989097,0.042135171992930535,3942326.35,0.03713527851458885,0.0017714791851196946
2022-11-01,11.36,11.62,11.29,11.34,3357810,0.0026490081715768625,0.09619240306401584,0.04786466664848898,0.06653934567371436,-0.10454842072391676,11.096,10.737,10.357,11.256599999999999,0.026387354080536416,0.04155218562592986,3936488.3,0.029100529100529106,-0.0017605633802816527
2022-11-02,11.31,11.34,11.01,11.01,3540680,-0.029532347565017388,0.05411768172190747,0.03230553199689004,0.04647676584572876,0.05446109219997558,11.212,10.772,10.382000000000001,11.227800000000002,0.034514016068397546,0.042115724820028504,3950594.25,0.029972752043596736,-0.026525198938992103
2022-11-03,10.86,11.11,10.78,10.78,3281353,-0.021111385253737586,-0.032849669018286926,0.0,0.06515714163363738,-0.07324214557655592,11.14,10.772,10.416,11.1928,0.017631478681078196,0.041332406961014735,3972092.8,0.030612244897959193,-0.007366482504604059
2022-11-04,10.78,10.81,10.08,10.18,12618670,-0.05726755435847438,-0.1008316115891676,-0.011718884113213488,0.07758992253410497,2.845569190513791,10.924000000000001,10.76,10.453999999999999,11.1454,0.025449303532456304,0.04025686495034148,4178585.0,0.07170923379174857,-0.05565862708719849
2022-11-07,10.56,10.61,10.2,10.43,4911998,0.024261257890304425,-0.08100102111534808,0.057214813828683604,0.09867152750702983,-0.6107356797507186,10.748,10.818000000000001,10.503,11.101400000000002,0.031148096717940367,0.04051276151485406,4100367.35,0.039309683604985636,-0.012310606060606135
2022-11-08,10.4,10.99,10.18,10.76,4069171,0.03114928572095731,-0.05250074356596771,0.04369165949804808,0.19654867808408621,-0.17158537116668207,10.632,10.864,10.599,11.066,0.037433420704576746,0.03717476329340971,3981968.5,0.07527881040892198,0.03461538461538456
2022-11-09,10.81,10.96,10.46,10.48,3280774,-0.026366875840742224,-0.049335271841692424,0.004782409880215098,0.1034539373872449,-0.19374880043134093,10.526,10.869,10.650500000000001,11.0276,0.03705593183601186,0.035464092270344715,3977519.3,0.047709923664122134,-0.03052728954671601
2022-11-10,10.43,10.56,9.85,10.1,5466448,-0.03693325504568243,-0.06515714163363731,-0.09800681065192428,0.0019821612039912025,0.6662068158306546,10.389999999999999,10.765,10.6515,10.981599999999998,0.0388865216567511,0.03374058854989275,4055630.45,0.07029702970297039,-0.03163950143815916
2022-11-11,10.46,10.71,10.33,10.51,4327549,0.03979176104164603,0.031902173766483015,-0.06892943782268457,-0.0019011412570243075,-0.20834351666749598,10.456,10.69,10.6505,10.9428,0.035348262382351746,0.03348684565322224,4114911.0,0.03615604186489066,0.004780114722753244
2022-11-14,10.35,10.46,10.08,10.25,5259075,-0.02504947930444253,-0.01740856342826382,-0.09840958454361194,-0.0316877208457361,0.2152548705976524,10.419999999999998,10.584,10.634,10.9004,0.035985429394716016,0.03392019987594445,4189958.1,0.03707317073170739,-0.009661835748792237
2022-11-15,10.23,10.33,9.65,9.65,6566069,-0.06031979023352257,-0.10887763938274371,-0.1613783829487114,-0.11351371630022242,0.24852165067050766,10.197999999999999,10.415000000000001,10.576,10.8444,0.03720802048078515,0.03586738502116392,4379764.4,0.07046632124352328,-0.05669599217986315
2022-11-16,9.55,10.3,9.04,10.3,7401581,0.06518597988469554,-0.01732478365730602,-0.06666005549899846,-0.034354523502108346,0.12724691135594218,10.162,10.344,10.558000000000002,10.805,0.05339144460978322,0.039123377502216325,4677457.0,0.12233009708737878,0.07853403141361257
2022-11-17,10.51,10.78,10.51,10.63,4307090,0.031536297118266374,0.05114476850664284,-0.014012373126994387,-0.014012373126994387,-0.4180851361351041,10.268,10.329,10.550500000000001,10.7752,0.05140508314937159,0.03973634033773002,4691552.85,0.02539981185324549,0.011417697431018173
2022-11-18,10.51,10.83,10.4,10.68,3539064,0.004692641178192225,0.016045648643189105,0.04794782240967216,0.03622893829645859,-0.17831668249328433,10.302000000000001,10.379000000000001,10.569500000000001,10.746400000000001,0.0486832410328506,0.03831454868442075,4699134.55,0.04026217228464417,0.016175071360608938
2022-11-21,10.71,10.71,10.4,10.4,2280525,-0.02656702738472175,0.014528100562909808,-0.00288046286535403,0.05433435096332952,-0.35561351815056186,10.332,10.376000000000001,10.597,10.714400000000001,0.04890767267865622,0.037360465971537374,4673148.35,0.029807692307692354,-0.028944911297852517
2022-11-22,10.3,10.78,10.28,10.28,4429308,-0.011605546120308003,0.06324234467612441,-0.04563529470661934,-0.0019436352085711256,0.9422317229585293,10.458000000000002,10.328,10.596,10.6796,0.03642234102673523,0.036133355296023136,4648149.5,0.048638132295719845,-0.0019417475728156649
2022-11-23,10.3,10.58,10.28,10.43,2553956,0.014486008985661977,0.012542373777090898,-0.004782409880215132,0.0,-0.4233961603031444,10.484,10.323,10.596,10.650799999999998,0.02255790765069889,0.03617173230160742,4667323.0,0.028763183125599303,0.012621359223300873
2022-11-24,10.4,10.71,10.3,10.61,2308018,0.017110683613210727,-0.0018832397279649287,0.049261528778678045,-0.048745281873246345,-0.09629688217024882,10.48,10.373999999999999,10.569500000000001,10.625,0.018469076572123964,0.03300434765187978,4540201.8,0.03864278982092367,0.020192307692307603
2022-11-25,10.86,10.86,10.63,10.86,2832003,0.023289361879897604,0.016713480973740532,0.03275912961692968,-0.036170308205755015,0.22702812543056422,10.516,10.409,10.5495,10.6084,0.021387156673902192,0.033385656502585154,4504049.65,0.021178637200736525,0.0
2022-11-28,10.91,11.24,10.88,11.24,5245203,0.034392529959755655,0.07767303831821798,0.09220113888112791,-0.006208445662484072,0.8521177414006976,10.684000000000001,10.508000000000001,10.546000000000001,10.6024,0.01699947769994377,0.03433897721344813,4578817.25,0.032028469750889625,0.030247479376718612
2022-11-29,11.24,11.24,10.96,11.19,3945669,-0.004458322141711164,0.08482026229681494,0.1480626069729392,-0.013315775975772175,-0.24775666451803677,10.866,10.662,10.5385,10.5948,0.014220071210693682,0.03434351459703627,4608210.2,0.02502234137622872,-0.004448398576512518
2022-11-30,11.24,11.34,11.01,11.16,4121813,-0.0026845653706688757,0.06764968794048375,0.0801920617175748,0.013532006218576373,0.04464236609811923,11.011999999999999,10.748000000000001,10.546,10.5896,0.016806274567677332,0.03367399432020385,4637266.85,0.029569892473118285,-0.007117437722419935
2022-12-01,11.26,11.54,11.11,11.36,6816917,0.01776245633984025,0.0683014606671135,0.06641822093914868,0.052405847812154134,0.6538637245309284,11.161999999999999,10.821,10.575,10.586400000000001,0.01684347774901821,0.03347148932837252,4814045.05,0.037852112676056315,0.008880994671403165
2022-12-02,11.36,11.87,11.19,11.87,4796603,0.043915795328571296,0.08892789411578733,0.10564137508952778,0.15358919749919986,-0.29636769818379777,11.363999999999999,10.940000000000001,10.6595,10.5954,0.021635604387059217,0.03153388505058864,4422941.7,0.0572872788542544,0.04489436619718308
2022-12-05,11.9,12.12,11.72,11.92,4719103,0.004203453015627144,0.05873881717165861,0.13641185548987667,0.13353139262452257,-0.016157267966517137,11.5,11.091999999999999,10.734,10.6096,0.01999252829699047,0.031296832732584386,4413296.95,0.033557046979865654,0.0016806722689075271
2022-12-06,11.92,12.0,11.26,11.26,5161772,-0.056961038925659443,0.0062361003877103895,0.09105636268452537,0.04542106797790606,0.09380363174950833,11.514,11.19,10.759,10.6086,0.03710040434055625,0.033774019107888346,4467927.0,0.06571936056838368,-0.055369127516778534
2022-12-07,11.36,11.36,10.99,11.26,3297157,0.0,0.008920665758379362,0.07657035369886334,0.07178794381864825,-0.36123544395219315,11.534,11.273,10.797999999999998,10.6116,0.03704866816700785,0.033105309681161287,4468746.15,0.03285968028419176,-0.00880281690140842
2022-12-08,11.34,12.02,11.16,11.44,4799496,0.01585936324010742,0.00701757265864654,0.07531903332576013,0.12458056210443798,0.4556467890367368,11.55,11.356,10.864999999999998,10.618200000000002,0.036852734597529704,0.031782470133468105,4435398.55,0.07517482517482513,0.008818342151675453
2022-12-09,11.49,11.72,11.34,11.64,3322163,0.01733145635163994,-0.019566766318284797,0.06936112779750253,0.10212025741443215,-0.3078100283863139,11.504,11.434000000000001,10.9215,10.626800000000001,0.03056777750166295,0.03091922103122552,4385129.25,0.0326460481099657,0.013054830287206297
2022-12-12,11.64,11.77,11.36,11.36,3184172,-0.024349029010286613,-0.04811924834419846,0.010619568827460131,0.10282070770858799,-0.04153649294149625,11.392,11.446,10.977,10.635800000000001,0.03132986410217342,0.03088364207347912,4281384.1,0.03609154929577466,-0.02405498281786951
2022-12-13,11.31,11.64,11.24,11.64,2695070,0.02434902901028655,0.03319081959174743,0.03942691997945792,0.18748952695239723,-0.1536041394748776,11.468,11.491,11.0765,10.656400000000001,0.01947641591838487,0.026996661087412176,4087834.15,0.03436426116838491,0.02917771883289125
2022-12-14,11.67,11.84,11.49,11.69,3294738,0.004286333180685265,0.037477152772432624,0.04639781853081219,0.12658988024838685,0.22250553788955388,11.553999999999998,11.544,11.145999999999999,10.68,0.019203609460777413,0.023589807581473384,3882492.0,0.029940119760479014,0.0017137960582690294
2022-12-15,11.62,11.87,11.62,11.72,4116001,0.0025630086648895482,0.024180798197214828,0.031198370855861333,0.09761659179500994,0.24926504019439483,11.61,11.58,11.2005,10.7124,0.018669020274358482,0.02283802499728299,3872937.55,0.021331058020477814,0.008605851979346078
2022-12-16,11.62,11.82,11.54,11.62,2221946,-0.008569032725101514,-0.0017196908795266994,-0.021286457197811505,0.08435491789171629,-0.46016874145560216,11.606,11.555000000000001,11.247499999999999,10.7564,0.01791318611762958,0.02303544421267308,3807081.65,0.024096385542168773,0.0
2022-12-19,11.57,11.74,11.49,11.49,3384971,-0.011250659563100741,0.011378678567659034,-0.036740569776539375,0.0996712857133374,0.523426311890568,11.632,11.512,11.302000000000001,10.7972,0.014070604789377087,0.022197489019695992,3862303.95,0.02175805047867711,-0.006914433880726022
2022-12-20,11.49,11.57,11.21,11.39,2569365,-0.008741314401573549,-0.021711664844201027,0.01147915474754644,0.10253551743207177,-0.24094918390733627,11.581999999999999,11.525,11.3575,10.848199999999999,0.0071951134008885155,0.022093825496780854,3769306.8,0.03160667251975412,-0.008703220191470813
2022-12-21,11.42,11.62,11.26,11.52,1888423,0.01134887780865426,-0.014649120216231883,0.02282803255620084,0.09939838625506413,-0.2650234591037085,11.548,11.550999999999998,11.412,10.8896,0.009602902376703144,0.022034939486132072,3736030.15,0.03124999999999995,0.008756567425569146
2022-12-22,11.62,11.62,11.49,11.57,1959813,0.004330885937840149,-0.012881242943281374,0.011299555253933466,0.08661858857969347,0.03780403013519747,11.517999999999999,11.564,11.459999999999999,10.919400000000001,0.009884135729609878,0.021848854780798926,3718619.9,0.011235955056179688,-0.004302925989672886
2022-12-23,11.57,11.57,11.26,11.57,1736555,0.0,-0.004312210218179842,-0.0060319010977065365,0.06332922669979582,-0.11391801156538915,11.508,11.556999999999999,11.4955,10.940199999999999,0.009311585353756294,0.021401293270440627,3663847.5,0.026793431287813353,0.0
2022-12-26,11.57,11.57,11.16,11.16,1779728,-0.03607958425242032,-0.029141134907499467,-0.017762456339840388,-0.007142887512380114,0.024861291464998228,11.441999999999998,11.537,11.491499999999998,10.9518,0.018410998269224817,0.02178744267464092,3490573.75,0.0367383512544803,-0.03543647363872084
2022-12-27,11.16,11.42,11.11,11.16,2041994,0.0,-0.02039982050592589,-0.042111485350126966,-0.0026845653706688757,0.14736296782429675,11.395999999999999,11.489,11.489999999999998,10.958800000000002,0.018480120839804173,0.02176607037151184,3395390.0,0.02777777777777782,0.0
2022-12-28,11.16,11.34,11.09,11.11,1827577,-0.004490353301626323,-0.036239051616206566,-0.05088817183243841,-0.004490353301626323,-0.10500373654379004,11.314,11.431000000000001,11.4875,10.9678,0.016416473991079063,0.02178094668499988,3280678.2,0.022502250225022502,-0.0044802867383513184
2022-12-29,11.11,11.31,11.01,11.11,1810363,0.0,-0.04056993755404663,-0.053451180497327985,-0.022252809641466663,-0.009419028582653427,11.222,11.370000000000001,11.475,10.974400000000001,0.015753695645570647,0.021367125589224687,3030350.5,0.027002700270027068,0.0
2022-12-30,11.11,11.21,11.01,11.06,1340931,-0.004510607557349819,-0.045080545111396454,-0.049392755329576356,-0.07067921252738783,-0.2593026923329741,11.120000000000001,11.314,11.4345,10.989600000000001,0.015295376291785252,0.01855469494684091,2857566.9,0.01808318264014476,-0.004500450045004405
2023-01-03,11.11,11.47,11.09,11.47,1550148,0.03639993504709065,0.02739897418811456,-0.0017421607193849257,-0.03848273049592428,0.1560236880197415,11.181999999999999,11.312000000000001,11.411999999999999,11.022,0.01743074415673418,0.020550675706482856,2699119.15,0.0331299040976461,0.032403240324032516
2023-01-04,11.54,11.54,11.39,11.44,1643309,-0.002618945189627606,0.024780028998486865,0.004380208492560977,0.01585936324010742,0.06009813256540666,11.238,11.317,11.421,11.044799999999999,0.017674225804935467,0.01597373525754612,2523196.0,0.013111888111887989,-0.008665511265164615
2023-01-05,11.49,11.62,11.44,11.54,2107285,0.008703275128301671,0.03797365742841477,0.0017346058122083715,0.024562638368409127,0.28234251744498445,11.324,11.318999999999999,11.435,11.067,0.016878292213194472,0.01606925955681646,2463702.4,0.015597920277296336,0.004351610095735329
2023-01-06,11.52,11.79,11.42,11.69,3407310,0.012914514404023652,0.05088817183243844,0.010318234278391744,0.021617789532325227,0.6169194010302356,11.440000000000001,11.331,11.447500000000002,11.078,0.016407088404377417,0.01594111854732933,2394093.1,0.031650983746792066,0.014756944444444439
2023-01-09,11.79,11.79,11.59,11.67,1748795,-0.001712329185512378,0.05368645020427591,0.008605905092879295,0.0025740039951728426,-0.48675201258470757,11.562,11.341,11.449,11.086200000000002,0.01581795585499022,0.015481489471072642,2315424.7,0.017137960582690598,-0.01017811704834599
2023-01-10,11.74,11.84,11.59,11.84,3062873,0.014462183157394894,0.03174869831458027,0.059147672502694766,0.04138521616285428,0.7514191200226442,11.636,11.409,11.473,11.096799999999998,0.008060418694777725,0.014662569254174918,2309359.75,0.021114864864864864,0.008517887563884127
2023-01-11,11.92,12.35,11.84,12.22,5342324,0.03159032428758978,0.06595796779179758,0.09073799679028444,0.04862651144015754,0.7442198876675592,11.792,11.514999999999999,11.501999999999999,11.1144,0.01206727370534234,0.015316504867020285,2441722.45,0.041734860883797034,0.02516778523489939
2023-01-12,12.22,12.45,12.22,12.37,2883106,0.012200232660947196,0.06945492532444308,0.10742858275285783,0.05654041092041956,-0.46032737812233027,11.958,11.641,11.536,11.141599999999999,0.011841330482898479,0.015468423026694295,2421140.85,0.018593371059013635,0.012274959083469605
2023-01-13,12.43,12.53,12.2,12.2,2156614,-0.013838234665185597,0.04270217625523378,0.09359034808767219,0.04013916759034426,-0.25198241063630683,12.059999999999999,11.75,11.559999999999999,11.17,0.017216871418437737,0.0159115666263078,2323171.5,0.02704918032786886,-0.018503620273531814
2023-01-16,12.2,12.63,12.2,12.63,3541375,0.03463898462318909,0.07905349006393526,0.13273994026821104,0.08334718493863463,0.6420996061418501,12.252,11.907,11.610499999999998,11.219000000000001,0.019348217898368027,0.0172749164189149,2389142.95,0.03404592240696765,0.035245901639344386
2023-01-17,12.65,12.85,12.6,12.78,3988618,0.011806512586988824,0.07639781949352911,0.10814651780810929,0.10640435708872444,0.1262907768875084,12.44,12.038,11.674999999999999,11.265999999999998,0.019430765777139182,0.016958295142523623,2419325.3,0.019561815336463225,0.010276679841897155
2023-01-18,12.78,12.98,12.68,12.88,5439101,0.007794271726818923,0.05260176693275825,0.11855973472455587,0.12293994321711676,0.3636555318157818,12.572,12.181999999999999,11.749500000000001,11.308399999999999,0.01722612046924745,0.016636697991937864,2562812.1,0.023291925465838564,0.0078247261345854
2023-01-19,12.88,13.13,12.85,13.13,5525817,0.019223967638497177,0.059625501910308444,0.12908042723475147,0.13081503304695982,0.015943075886989413,12.724,12.341000000000001,11.83,11.361399999999998,0.017677819730860887,0.016858016091106015,2744681.8,0.02132520944402141,0.019409937888198756
2023-01-27,13.31,13.39,13.08,13.31,3758988,0.013615944092315507,0.08707968066780958,0.12978185692304336,0.14010009120143513,-0.31974077317435595,12.946000000000002,12.503,11.917,11.425600000000001,0.010468815300611625,0.01692168594681737,2834640.55,0.023290758827948947,0.0
2023-01-30,13.28,13.31,12.83,12.83,5403319,-0.03672945377947529,0.015711242265145225,0.09476473232908039,0.10337063742195986,0.43743981092783485,12.986,12.619000000000002,11.98,11.472000000000001,0.02266485950069554,0.019516127971489623,3017978.75,0.03741231488698366,-0.03388554216867465
2023-01-31,12.83,13.16,12.63,13.16,3485014,0.025395747269626102,0.029300476947782383,0.10569829644131144,0.1648459689440062,-0.3550234587297178,13.062000000000001,12.751000000000001,12.08,11.5302,0.024688047216671387,0.017404594234287318,3103243.05,0.04027355623100299,0.025720966484801253
2023-02-01,13.18,13.26,12.68,12.73,3485902,-0.033220513327856006,-0.01171430810689244,0.040887458825865905,0.1316254556161503,0.00025480528916096176,13.032,12.802000000000001,12.1585,11.5918,0.030104439550064765,0.0196703453800736,3175438.45,0.04556166535742341,-0.03414264036418811
2023-02-02,12.7,12.93,12.53,12.63,2886290,-0.007886476206915334,-0.038824751952305066,0.02080074995800335,0.12822933271086118,-0.17201057287324772,12.931999999999999,12.828,12.2345,11.638399999999999,0.027584948014013483,0.019785275538003147,3228374.1,0.03167062549485355,-0.00551181102362193
2023-02-03,12.63,12.75,12.32,12.37,9534382,-0.020800749958003354,-0.0732414460026238,0.013838234665185705,0.10742858275285783,2.3033347307443117,12.744,12.844999999999999,12.297500000000001,11.6732,0.02509783398699062,0.020667097804753946,3614575.05,0.034761519805982195,-0.020585906571654912
2023-02-06,12.32,12.7,12.2,12.58,2397652,0.016834064867897965,-0.019677927355250542,-0.003966685090105363,0.12877325517810576,-0.7485257041305876,12.693999999999999,12.84,12.3735,11.711199999999998,0.024745483254038025,0.02068104562961524,3667411.1,0.0397456279809221,0.021103896103896087
2023-02-07,12.63,12.68,12.32,12.43,2471469,-0.011995345749674802,-0.057069020374551485,-0.02776854342676895,0.08037797438134038,0.030787203480738656,12.548,12.805000000000001,12.4215,11.751799999999998,0.018536245937841152,0.019803557615991566,3713477.15,0.028962188254223607,-0.015835312747426847
2023-02-08,12.53,12.65,12.4,12.45,1924125,0.0016077173880968793,-0.022240789658598582,-0.03395509776549107,0.08460463695906482,-0.22146504771049122,12.491999999999999,12.762,12.472,11.7952,0.014368333025101189,0.019751477733624442,3727517.95,0.020080321285140562,-0.006384676775738235
2023-02-09,12.45,12.68,12.37,12.37,3227424,-0.006446436506320104,-0.020800749958003354,-0.059625501910308416,0.06945492532444308,0.6773463262521926,12.440000000000001,12.686,12.513499999999999,11.834000000000001,0.014296435897743525,0.019861101924436228,3783524.9,0.025060630557801174,-0.006425702811244986
2023-02-10,12.43,12.5,12.22,12.22,2009129,-0.012200232660947162,-0.012200232660947162,-0.08544167866357101,0.04434017825947233,-0.3774821653430104,12.41,12.577000000000002,12.54,11.866200000000001,0.012150019547781105,0.020025985461369487,3713615.85,0.022913256955810094,-0.016894609814963723
2023-02-13,12.2,12.2,12.02,12.07,2593039,-0.01235091863400917,-0.041385216162854364,-0.06106314351810485,0.033701588810975555,0.2906284265470261,12.308,12.501,12.56,11.8904,0.006059563994219807,0.020275585027746137,3755828.05,0.014913007456503704,-0.010655737704917952
2023-02-14,12.17,12.17,12.02,12.05,1439656,-0.0016583751727761162,-0.03104824558595568,-0.08811726596050713,0.017581030480804515,-0.4447997118439021,12.232,12.39,12.5705,11.906600000000001,0.0062346544478361675,0.020060196653082365,3674667.2,0.012448132780083016,-0.00986031224322097
2023-02-15,12.07,12.45,12.0,12.4,3332041,0.02863181267432708,-0.00402415029972538,-0.026264939958323928,0.014622518867541963,1.314470262340448,12.222,12.357,12.5795,11.9308,0.017045817374209942,0.019831413335261602,3574153.05,0.0362903225806451,0.02734051367025684
2023-02-16,12.53,12.53,12.32,12.53,1625191,0.010429296296985765,0.01285158250358032,-0.007949167454422871,0.01285158250358032,-0.5122536007209996,12.254,12.347,12.5875,11.9582,0.017318049543739514,0.01978139933203357,3511257.3,0.016759776536312776,0.0
2023-02-17,12.55,12.6,12.4,12.53,1717468,0.0,0.025051815164527567,0.01285158250358032,0.026689817168766165,0.0567791724172728,12.315999999999999,12.363,12.604000000000001,11.981599999999998,0.015478433617279888,0.019488073996951717,3489300.0,0.015961691939345515,-0.0015936254980080755
2023-02-20,12.48,13.03,12.45,13.03,4907140,0.03912862222877673,0.07653135602731355,0.0351461398644592,0.031179454774353823,1.8571944280766803,12.508,12.408,12.623999999999999,12.0048,0.017964830314591198,0.019913120182859668,3557588.25,0.04451266308518804,0.04407051282051273
2023-02-21,13.03,13.13,12.88,12.88,1720729,-0.011578670460546137,0.06661106073954354,0.03556281515358787,0.007794271726818923,-0.6493417754537266,12.674,12.453,12.629000000000001,12.024000000000001,0.020653443555826923,0.019966230713914734,3444193.8,0.019409937888198756,-0.011511895625479553
2023-02-22,12.73,12.91,12.55,12.55,2654851,-0.025955055098414698,0.012024192966801812,0.00800004266707637,-0.025955055098414698,0.5428641000413197,12.703999999999999,12.463,12.6125,12.0498,0.024589802511751434,0.020719461373109697,3304981.3,0.028685258964143378,-0.014139827179890001
2023-02-23,12.5,12.88,12.25,12.83,3862411,0.022065513049752104,0.023660409719568117,0.03651199222314867,-0.023113509687159868,0.4548503852005254,12.764,12.509,12.5975,12.0812,0.026046609380335956,0.020876734689200233,3221811.0,0.04910366328916608,0.026400000000000007
2023-02-24,12.63,12.78,12.4,12.43,2228733,-0.03167327310492533,-0.008012863385357148,0.017038951779170426,-0.06840272688440052,-0.4229684515707935,12.744,12.53,12.5535,12.100999999999999,0.030886977319412017,0.021632687662153913,3145298.25,0.030571198712791552,-0.015835312747426847
2023-02-27,12.37,12.43,12.17,12.25,3109431,-0.014586968531883775,-0.061728454146017665,0.014802901881295941,-0.04626024163680904,0.39515635116454056,12.588,12.548,12.5245,12.113199999999999,0.020907611238627947,0.02036788411708837,3030603.85,0.02122448979591835,-0.00970088924818102
2023-02-28,12.37,12.5,12.25,12.32,6149990,0.005698021114637796,-0.04445176257083392,0.022159298168709637,-0.0659579677917974,0.9778506099669039,12.475999999999999,12.575,12.4825,12.1324,0.022437709536247175,0.019411288972669888,3163852.65,0.020292207792207792,-0.0040420371867420325
2023-03-01,12.32,12.73,12.22,12.7,2538293,0.030378035359171704,0.011881327886752686,0.023905520853554386,-0.0023594191047696398,-0.5872687597866013,12.506,12.605,12.481,12.153599999999999,0.02564138272750512,0.019460664119383624,3116472.2,0.040157480314960615,0.030844155844155764
2023-03-02,12.63,12.85,12.63,12.65,3339027,-0.003944778291016229,-0.014128963454015778,0.009531446265552393,0.001582278811129358,0.31546161140577544,12.47,12.617,12.482,12.1728,0.02316734831149005,0.01939770665066344,3139109.05,0.017391304347825997,0.0015835312747426423
2023-03-03,12.65,12.78,12.37,12.37,2397060,-0.022383028769132805,-0.004838719118223221,-0.012851582503580405,0.0,-0.2821082309307472,12.458000000000002,12.600999999999999,12.482,12.185799999999999,0.020493601074239098,0.019490353080940645,2782242.95,0.03314470493128538,-0.022134387351778747
2023-03-06,12.55,12.68,12.27,12.27,5225765,-0.008116927681576467,0.0016313217320840971,-0.06009713241393365,-0.024950992549474395,1.1800726723569706,12.462,12.525,12.4665,12.1988,0.019603609376976278,0.01915171364426427,2923648.6,0.033414832925835386,-0.022310756972111642
2023-03-07,12.5,12.63,12.27,12.37,4642941,0.00811692768157639,0.004050228299022738,-0.040401534271811174,-0.004838719118223221,-0.11152893404123607,12.471999999999998,12.474,12.4635,12.2164,0.0197981971720233,0.01908557971953627,3032222.2,0.02910266774454335,-0.010400000000000062
2023-03-08,12.25,12.63,12.25,12.63,2786167,0.02080074995800335,-0.005527057102145771,0.006354270784606798,0.01435431345168334,-0.3999133307961484,12.458,12.482000000000001,12.4725,12.241200000000001,0.016392771344363188,0.0196574379914976,3075324.3,0.030087094220110907,0.03102040816326537
2023-03-09,12.63,12.85,12.58,12.8,3739916,0.01337023456317164,0.011787955752042173,-0.0023410077019734785,0.034170984521175035,0.34231580519042826,12.488,12.479000000000001,12.494,12.2668,0.017438550669299564,0.019776392937330536,3100948.9,0.021093749999999967,0.013460015835312741
2023-03-10,12.65,12.73,12.5,12.58,2423166,-0.01733691965327704,0.016834064867897965,0.01199534574967474,0.029034297528845076,-0.3520801001947637,12.53,12.494,12.512,12.287,0.01570903431257291,0.019998638148650907,3121650.75,0.0182829888712242,-0.005533596837944687
2023-03-13,12.5,12.6,12.3,12.37,4018921,-0.016834064867898027,0.00811692768157639,0.009748249413660436,0.02455115129495639,0.6585413463213003,12.55,12.506,12.527,12.303000000000003,0.017664204667354532,0.02018573903479984,3192944.85,0.024252223120452623,-0.010400000000000062
2023-03-14,12.4,12.48,12.1,12.15,6767237,-0.01794501661783901,-0.01794501661783901,-0.013894788318816267,0.008264509849893431,0.6838442457565103,12.506,12.489,12.532,12.322799999999999,0.019059169651784526,0.020631877999301388,3459323.9,0.03127572016460912,-0.020161290322580645
2023-03-15,12.43,12.53,12.35,12.53,1961634,0.030796599121419417,-0.007949167454422871,-0.013476224556568677,0.010429296296985765,-0.7101277818406537,12.486,12.472,12.5385,12.3502,0.0224751750912605,0.020792761672351733,3390803.55,0.014365522745410992,0.008045052292839874
2023-03-16,12.37,12.5,12.2,12.32,2499671,-0.01690181080260314,-0.03822121282019774,-0.026433257068155483,-0.01690181080260314,0.27428001349895037,12.389999999999999,12.439,12.528,12.374400000000001,0.02149364818044128,0.021004380193689425,3434527.55,0.024350649350649407,-0.0040420371867420325
2023-03-17,12.4,12.45,12.3,12.3,1249647,-0.001624695727001922,-0.02250898889392259,-0.005674924026024544,-0.018526506529605063,-0.500075409923946,12.334,12.432,12.516499999999999,12.3982,0.020861566379610178,0.02100408153758907,3411136.5,0.012195121951219396,-0.008064516129032228
2023-03-20,12.22,12.3,12.12,12.12,2457593,-0.014742281737203544,-0.020417205763228148,-0.012300278081651676,-0.07239741049558539,0.9666297762488126,12.284,12.417,12.471,12.419400000000001,0.020571384226977536,0.018950955394190182,3288659.15,0.014851485148514976,-0.008183306055646596
2023-03-21,12.32,12.32,12.05,12.22,1489101,0.008216973102281025,0.0057447839568917965,-0.012200232660947162,-0.05260176693275825,-0.3940815261111177,12.298,12.402000000000001,12.437999999999999,12.4344,0.01946146430319531,0.01903018446149187,3277077.75,0.022094926350245462,-0.008116883116883088
2023-03-22,12.3,12.3,12.15,12.2,1862058,-0.0016380020042384695,-0.02668981716876607,-0.034638984623189026,-0.028284713838582106,0.25045782656784193,12.232,12.359,12.4205,12.4496,0.010408868152451753,0.018221119469782658,3237438.1,0.012295081967213144,-0.008130081300813123
2023-03-23,12.17,12.43,12.1,12.37,7080550,0.013838234665185705,0.004050228299022738,-0.03417098452117504,-0.03651199222314856,2.8025399853280617,12.242,12.315999999999999,12.3975,12.466199999999999,0.010936087889961447,0.017749914077554954,3398345.05,0.026677445432497986,0.016433853738701668
2023-03-24,12.43,12.55,12.37,12.4,1683172,0.002422286206594717,0.008097210232619303,-0.014411778661303316,-0.002416432911628568,-0.7622823085777235,12.261999999999999,12.298,12.395999999999999,12.4804,0.010860338562330369,0.01631138625259072,3371067.0,0.014516129032258185,-0.0024135156878519197
2023-03-27,12.43,12.5,12.3,12.35,2460164,-0.004040409537005086,0.018799082432817898,-0.001618123330410263,0.008130126083250089,0.46162364868236877,12.308,12.296,12.401,12.493999999999998,0.007300851248458437,0.015986338536575207,3338603.65,0.016194331983805613,-0.0064360418342719284
2023-03-28,12.45,12.53,12.35,12.35,8288106,0.0,0.010582109330536788,0.016326893287428666,0.0024321049686123948,2.368924185542102,12.334,12.315999999999999,12.4025,12.5042,0.006963762656268293,0.015937772284515775,3445509.45,0.014574898785425078,-0.008032128514056196
2023-03-29,12.37,12.43,12.3,12.32,15181219,-0.00243210496861244,0.009788006366162944,-0.01690181080260314,-0.03037803535917177,0.8316873601761368,12.357999999999999,12.295,12.3835,12.506200000000002,0.007078898911477783,0.0142597773103571,4077655.75,0.01055194805194797,-0.0040420371867420325
2023-03-30,12.43,12.48,12.4,12.43,2122444,0.008888947417245994,0.004838719118223349,0.008888947417245994,-0.017544309650909508,-0.860192781620501,12.37,12.306000000000001,12.3725,12.5074,0.005060589390508267,0.01443257819156593,4016826.6,0.0064360418342719284,0.0
2023-03-31,12.48,12.75,12.45,12.63,5883708,0.015962030839780022,0.018378463751408565,0.026475673984027955,0.02080074995800335,1.7721381577087547,12.416,12.339,12.3855,12.515999999999998,0.008492441824195417,0.013964673444131633,4191159.0,0.023752969121140197,0.012019230769230798
2023-04-03,12.75,12.83,12.63,12.75,9968747,0.009456335242035444,0.031875208530449034,0.0506742909632668,0.038374012881615044,0.6942966918140737,12.495999999999999,12.402,12.4095,12.5184,0.007515507995685662,0.013910944312329922,4428308.1,0.015686274509803866,0.0
2023-04-04,12.75,12.8,12.65,12.7,7190534,-0.003929278139889661,0.027945930390559322,0.03852803972109623,0.026327807060149137,-0.2786922970359264,12.565999999999999,12.45,12.425999999999998,12.5168,0.008490898761712435,0.013889220252580036,4555687.75,0.011811023622047273,-0.003921568627451036
2023-04-05,12.68,12.78,12.65,12.78,3320551,0.006279455484843101,0.03665749084401492,0.04644549721017794,0.011806512586988824,-0.5382052292639183,12.658000000000001,12.508000000000001,12.433499999999999,12.514800000000001,0.007234268308152649,0.013178424735940547,4582406.95,0.0101721439749608,0.007886435331230256
2023-04-06,12.83,12.85,12.58,12.58,4333371,-0.01577319767709417,0.01199534574967474,0.016834064867897965,-0.01733691965327704,0.30501564348808374,12.687999999999999,12.529,12.422500000000001,12.503800000000002,0.012440815825905966,0.01330159969090131,4612079.7,0.0214626391096979,-0.019485580670303974
2023-04-07,12.6,12.68,12.58,12.65,3144826,0.005548963901234732,0.001582278811129358,0.01996074256253815,0.005548963901234732,-0.27427723128252807,12.692,12.553999999999998,12.426,12.490599999999999,0.010288064786284934,0.012784508797863019,4648162.7,0.00790513833992092,0.003968253968254024
2023-04-10,12.68,12.7,12.55,12.63,3638803,-0.0015822788111294914,-0.0094563352420354,0.022418873288413573,0.02080074995800335,0.15707609896382185,12.668000000000001,12.582,12.439,12.486600000000001,0.008931331146851077,0.012149189912755381,4629156.8,0.011876484560569958,-0.003943217665615058
2023-04-11,12.58,12.65,12.48,12.6,1598533,-0.002378122404967547,-0.007905179507113261,0.02004075088344619,0.03636764417087479,-0.5606981196838631,12.648,12.607,12.4615,12.475400000000002,0.00886956913166105,0.011340631706994373,4370721.6,0.013492063492063487,0.00158982511923685
2023-04-12,12.63,12.65,12.53,12.55,3221563,-0.0039761483796392945,-0.018160783371595778,0.018496707472419226,0.0015948966698159737,1.0153246758121353,12.602,12.629999999999999,12.4625,12.4718,0.007706990060165684,0.009110349677294821,4433718.05,0.009561752988047888,-0.00633412509897071
2023-04-13,12.6,12.65,12.55,12.6,2520241,0.003976148379639417,0.00158856268513774,0.01358390843481259,0.022472855852058576,-0.21769619281075678,12.606,12.647000000000002,12.4765,12.471200000000001,0.004185238296061399,0.008214189338869173,4434746.55,0.007936507936507908,0.0
2023-04-14,12.65,12.68,12.55,12.6,5022906,0.0,-0.003960401216097017,-0.002378122404967547,0.024097551579060524,0.993026063777234,12.596,12.644,12.4915,12.475800000000001,0.0030266164575520295,0.008193586869901444,4623409.5,0.01031746031746024,-0.00395256916996053
2023-04-17,12.6,12.63,12.53,12.63,1649827,0.0023781224049674193,0.0,-0.0094563352420354,0.04121795572123138,-0.6715393439574621,12.596,12.632,12.517,12.4768,0.003276066399657161,0.0072836213208494925,4583021.2,0.007917656373713493,0.0023809523809524714
2023-04-18,12.63,12.63,12.5,12.5,2104707,-0.010346292054144373,-0.007968169649176845,-0.01587334915629012,0.022654690564806176,0.2757137566544856,12.575999999999999,12.611999999999998,12.531,12.478200000000001,0.005736340118160702,0.0076322825692948845,4613801.5,0.010400000000000062,-0.010292953285827456
2023-04-19,12.53,12.53,12.32,12.32,4596866,-0.014504686202881688,-0.018496707472419226,-0.03665749084401499,0.009788006366162944,1.1840883315349833,12.53,12.566,12.536999999999999,12.4756,0.008223005316786556,0.008383434088505542,4750541.9,0.01704545454545447,-0.016759776536312776
2023-04-20,12.37,12.4,12.22,12.25,2471896,-0.005698021114637779,-0.028170876966696335,-0.026582314281558474,-0.009748249413660478,-0.46226494311559224,12.459999999999999,12.533,12.530999999999999,12.473199999999999,0.007014893621699626,0.007868548037945901,4520109.2,0.014693877551020385,-0.00970088924818102
2023-04-21,12.27,12.32,12.25,12.25,2473711,0.0,-0.028170876966696335,-0.032131278182793294,-0.012170535620255179,0.0007342541919239321,12.39,12.493,12.5235,12.473799999999999,0.007014893621699627,0.007839994519615688,4559636.15,0.005714285714285738,-0.001629991850040715
2023-04-24,12.27,12.35,12.17,12.22,2274897,-0.002451983247286645,-0.03300098261895044,-0.03300098261895044,-0.01058210933053686,-0.08037074662319083,12.308000000000002,12.452,12.517,12.4768,0.0058757632869762,0.0078113922368239375,4550372.8,0.014729950900163642,-0.0040749796251017874
2023-04-25,12.27,12.35,12.17,12.2,6174679,-0.0016380020042384695,-0.024292692569044587,-0.032260862218221435,-0.012220111334775331,1.7142675031001404,12.248000000000001,12.412,12.5095,12.479800000000001,0.005777578567769112,0.007814139247075738,4444701.45,0.014754098360655716,-0.005704971475142648
2023-04-26,12.2,12.22,12.1,12.2,3857901,0.0,-0.009788006366162932,-0.028284713838582106,-0.009788006366162932,-0.3752062252952745,12.224,12.377,12.503499999999999,12.4758,0.002345298664825459,0.007803224162665281,3878535.55,0.009836065573770574,0.0
2023-04-27,12.22,12.35,12.17,12.2,2182535,0.0,-0.004089985251525166,-0.032260862218221435,-0.0186769537834089,-0.434268790204829,12.214,12.337,12.492,12.4692,0.0011564683890341835,0.007487713713447763,3881540.1,0.014754098360655716,-0.0016366612111294067
2023-04-28,12.22,12.32,12.2,12.22,9771508,0.0016380020042385914,-0.002451983247286645,-0.030622860213982937,-0.03300098261895044,3.4771369073119103,12.208,12.299,12.4715,12.463000000000001,0.0015949826494177672,0.006391343182745365,4075930.1,0.009819967266775859,0.0
2023-05-04,12.27,12.5,12.27,12.48,4305729,0.021053409197832263,0.021053409197832263,-0.011947573421118175,-0.021403908663153493,-0.5593588011185172,12.26,12.284,12.458,12.451999999999998,0.009486344556952516,0.007818691255212111,3792779.2,0.018429487179487215,0.01711491442542794
2023-05-05,12.37,12.5,12.37,12.45,2625328,-0.002406740030565088,0.020284671171505717,-0.004008021397538822,-0.019881370553828933,-0.39027096224588215,12.309999999999999,12.279,12.4455,12.443399999999999,0.009610253769864468,0.007796769970093501,3564518.9,0.010441767068273156,0.006467259498787395
2023-05-08,12.45,12.63,12.43,12.6,2305309,0.01197619104671562,0.03226086221822148,0.022472855852058576,-0.014184634991956413,-0.12189676870851947,12.389999999999999,12.306999999999999,12.4365,12.4444,0.009836132278070732,0.008171528425698491,3513756.8,0.01587301587301596,0.012048192771084366
2023-05-09,12.63,12.65,12.53,12.58,3108187,-0.0015885626851378416,0.030672299533083647,0.026582314281558574,0.0,0.34827348524644636,12.466,12.34,12.436499999999999,12.4394,0.01011825304406108,0.007371687014533684,3452497.6,0.009538950715421383,-0.003958828186856746
2023-05-10,12.58,12.6,12.53,12.58,1961379,0.0,0.029034297528845076,0.026582314281558574,-0.005548963901234744,-0.3689636434358679,12.538,12.373,12.433,12.4424,0.010324643253152339,0.007255353990306889,3393325.25,0.005564387917329116,0.0
2023-05-11,12.63,12.68,12.53,12.58,2556201,0.0,0.007980888331012832,0.029034297528845076,-0.003966685090105363,0.30326724207815015,12.558,12.409,12.430499999999999,12.449000000000002,0.005895043792381154,0.007249000959192449,3339195.15,0.011923688394276658,-0.003958828186856746
2023-05-12,12.63,12.65,12.53,12.63,2348036,0.003966685090105338,0.01435431345168334,0.03463898462318909,0.0023781224049674193,-0.08143530184050472,12.594,12.452,12.431999999999999,12.4552,0.005488123792843304,0.007287319064734792,3376670.3,0.009501187648456135,0.0
2023-05-15,12.73,12.78,12.6,12.63,6385662,0.0,0.0023781224049674193,0.03463898462318909,0.006354270784606798,1.719575849774024,12.6,12.495,12.436,12.453800000000001,0.0020692407287512087,0.007223680150381263,3534875.25,0.014251781472684062,-0.007855459544383318
2023-05-16,12.63,12.65,12.58,12.63,1463588,0.0,0.003966685090105338,0.03463898462318909,0.0023781224049674193,-0.7708008973854238,12.610000000000001,12.538,12.4375,12.453400000000002,0.0017739555013632658,0.0071722265940071285,3482042.6,0.005542359461599389,0.0
2023-05-17,12.63,12.7,12.55,12.58,3449491,-0.003966685090105363,0.0,0.029034297528845076,-0.0015885626851378416,1.3568729724485307,12.61,12.574000000000002,12.436499999999999,12.4576,0.0028048699260457993,0.007230298237069233,3403371.85,0.011923688394276516,-0.003958828186856746
2023-05-18,12.58,12.68,12.55,12.63,3353042,0.003966685090105338,0.003966685090105338,0.011947573421118202,0.0,-0.027960357049779228,12.620000000000001,12.589,12.4365,12.4648,0.0033187668527404953,0.007267347088332669,3488532.6,0.010292953285827315,0.003974562798092266
2023-05-19,12.65,12.65,12.5,12.6,4008117,-0.002378122404967547,-0.002378122404967547,0.01197619104671562,0.007968169649176881,0.19536737088291767,12.614,12.604000000000001,12.441500000000001,12.469399999999998,0.00299973141074961,0.006878293319793125,3583703.1,0.011904761904761934,-0.00395256916996053
2023-05-22,12.63,12.65,12.58,12.65,4585906,0.003960401216096914,0.001582278811129358,0.003960401216096914,0.02643325706815543,0.1441547240262697,12.618,12.609,12.458000000000002,12.4698,0.0036162378214929934,0.005949104528962159,3583155.1,0.005533596837944687,0.0015835312747426423
2023-05-23,12.73,12.93,12.63,12.8,21726379,0.011787955752042173,0.01337023456317164,0.01733691965327716,0.04391923393483558,3.7376415914325327,12.652000000000001,12.631,12.4855,12.4698,0.006245252027157814,0.006144849807224146,4545879.25,0.023437499999999917,0.005498821681068365
2023-05-24,12.88,12.88,12.6,12.7,11051426,-0.007843177461026005,0.009493742192251143,0.009493742192251143,0.03607605647380959,-0.4913360390150609,12.676,12.642999999999999,12.508000000000001,12.4722,0.007408102656959765,0.006530538381669541,4974765.0,0.02204724409448828,-0.01397515527950322
2023-05-25,12.73,12.73,12.58,12.68,8792333,-0.0015760444554656545,0.003951012646679989,0.007917697736785306,0.03695199526563043,-0.20441642553639683,12.686,12.653,12.530999999999999,12.478399999999999,0.007435949727531396,0.00650337559573515,5300636.8,0.011829652996845455,-0.0039277297721917286
2023-05-26,12.73,12.73,12.6,12.63,8563241,-0.003951012646679988,0.0023781224049674193,0.0,0.03463898462318909,-0.026055883006251015,12.692,12.653,12.5525,12.488,0.0076341246242604115,0.006588630454017322,5420064.9,0.010292953285827456,-0.007855459544383318
2023-05-29,12.68,12.78,12.63,12.7,16577082,0.005527057102145793,0.003944778291016325,0.005527057102145793,0.04016604172533465,0.9358420485888462,12.702,12.66,12.5775,12.4914,0.007842223148036882,0.006627958134158805,6056023.95,0.011811023622047133,0.0015772870662460231
2023-05-30,12.78,12.78,12.63,12.73,22599203,0.0023594191047697356,-0.005483758356256353,0.007886476206915363,0.042525460830104396,0.36327991862500286,12.687999999999999,12.67,12.604,12.499599999999997,0.005237144912196018,0.0066113077554192075,7076857.35,0.011783189316574908,-0.003912363067292562
2023-05-31,12.73,12.83,12.63,12.83,29156480,0.007824766058229942,0.010184185162999628,0.019677927355250688,0.04871222488409577,0.2901552324654989,12.714,12.695,12.6345,12.5102,0.004865518321858251,0.006730914640605752,8046105.95,0.015588464536243124,0.007855459544383318
2023-06-01,13.0,13.15,12.85,12.94,12769486,0.008537110445209306,0.020297340063674733,0.024248352710354772,0.03619592613147277,-0.5620360894044822,12.766,12.726,12.6575,12.5266,0.005085236856435832,0.005348743242540417,8469293.8,0.02318392581143746,-0.004615384615384654
2023-06-02,13.0,13.36,12.97,13.18,15034657,0.018377240001606704,0.04262559271196127,0.045003715116928904,0.05697990616364464,0.1773893639884957,12.876,12.783999999999999,12.694,12.5458,0.006011637809481088,0.006401785736991499,9089760.25,0.02959028831562965,0.013846153846153824
2023-06-05,13.3,13.39,13.09,13.15,13849317,-0.0022787704505876005,0.03481976515922812,0.03876454345024431,0.04272494466634131,-0.07884050830025587,12.966,12.834,12.7215,12.5648,0.007747719226102393,0.006119435969396965,9666960.65,0.02281368821292781,-0.01127819548872183
2023-06-06,13.18,13.21,13.12,13.18,9945382,0.0022787704505876447,0.034739116505046054,0.02925535814878955,0.04659227780206658,-0.2818864641483764,13.056000000000001,12.872,12.7515,12.581000000000001,0.007759776335679924,0.006056317822376829,10008820.4,0.006828528072837757,0.0
2023-06-07,13.18,13.3,13.18,13.21,9182063,0.0022735894598728983,0.029187939906688967,0.03937212506968842,0.04886586726193953,-0.0767510991533558,13.132,12.923000000000002,12.783,12.5972,0.00799644977780866,0.00603157613666507,10369854.6,0.00908402725208183,0.0022761760242792973
2023-06-08,13.18,13.24,13.06,13.06,9682980,-0.01141999468594894,0.009230834775530522,0.02952817483920517,0.037445872575990614,0.05455386224206913,13.156,12.960999999999999,12.806999999999999,12.611400000000001,0.010801068988046173,0.006770363289236847,10726193.55,0.013782542113323101,-0.009104704097116785
2023-06-09,13.09,13.09,12.88,13.03,7469378,-0.00229973271153132,-0.011446137937607398,0.031179454774353823,0.031179454774353823,-0.22860751545495292,13.126,13.001,12.827000000000002,12.625,0.005591445094947414,0.006813201159995296,10982260.65,0.016116653875671457,-0.0045836516424752095
2023-06-12,13.09,13.09,12.91,12.97,4291860,-0.004615392808401169,-0.013782760295421073,0.02103700486380693,0.02656406196595279,-0.42540597088539367,13.09,13.028,12.844,12.638,0.005687178726612969,0.006945660486403136,10877570.55,0.013878180416345389,-0.009167303284950284
2023-06-13,13.0,13.06,12.94,13.06,7973577,0.00691512551993252,-0.009146405226076147,0.02559271127896981,0.0334791874858853,0.8578371615103941,13.066000000000003,13.060999999999998,12.8655,12.650599999999999,0.006950966195860748,0.007047434855778801,11203070.0,0.009188361408882158,0.004615384615384654
2023-06-14,13.09,13.24,13.06,13.09,8033115,0.002294456073523404,-0.009125538612425427,0.02006240129426353,0.03974032864951412,0.007466912277889835,13.041999999999998,13.087,12.891,12.6598,0.006954050952211649,0.006921623153981492,11432251.2,0.013750954927425493,0.0
2023-06-15,13.09,13.12,13.03,13.12,5407844,0.0022892035941342722,0.004583659667657893,0.013814494443188514,0.03806284715354308,-0.3268061019915687,13.053999999999998,13.105,12.9155,12.667200000000001,0.0044920089285227,0.0069065186847267895,11534991.3,0.006859756097560965,0.002291825821237537
2023-06-16,13.12,13.36,13.06,13.18,14414202,0.004562745558418237,0.011446137937607357,0.0,0.045003715116928904,1.6654248902150284,13.084,13.105,12.9445,12.676799999999998,0.0043081790177093736,0.006854255248884664,12055295.55,0.02276176024279203,0.004573170731707355
2023-06-19,13.18,13.21,13.06,13.09,4660937,-0.006851949152552592,0.009209581593455942,-0.0045731787019650805,0.03419136474827934,-0.6766427305514381,13.108,13.099,12.9665,12.683,0.005223229803481087,0.007133000262921373,12059047.1,0.011459129106187956,-0.006828528072837622
2023-06-20,13.09,13.12,13.0,13.09,5639608,0.0,0.002294456073523404,-0.006851949152552592,0.022403408996236905,0.20997301615533528,13.113999999999999,13.09,12.981,12.6932,0.004393743570524693,0.006732150262140175,11254708.55,0.009167303284950284,0.0
2023-06-21,13.06,13.12,13.03,13.12,5484088,0.0022892035941342722,0.0022892035941342722,-0.0068363350182910525,0.03253579005139738,-0.027576384741634524,13.12,13.081,13.001999999999999,12.7026,0.004393195584986041,0.006394927559435398,10976341.65,0.006859756097560965,0.004594180704440943
2023-06-22,13.15,13.24,13.09,13.09,7976555,-0.0022892035941343403,-0.0022892035941343403,0.002294456073523404,0.03182263091272872,0.4544907010974295,13.113999999999999,13.084,13.022499999999999,12.7118,0.004393195584986034,0.006415681028341244,10935552.75,0.011459129106187956,-0.004562737642585589
2023-06-23,13.12,13.24,13.06,13.24,11435894,0.01139397058705351,0.004542021434500986,0.0159881593721085,0.04716761414646228,0.43368835292930347,13.126,13.104999999999999,13.053,12.724599999999999,0.006766215474257477,0.006631921066415957,11079185.4,0.013595166163141973,0.00914634146341471
2023-06-26,13.42,13.61,13.3,13.45,11788268,0.015736555538985966,0.027130526126039535,0.036340107719495404,0.05737711258330243,0.03081298235188259,13.197999999999999,13.153,13.0905,12.7426,0.00775773102437018,0.007252544099566944,10839744.7,0.023048327137546374,0.002235469448584155
2023-06-27,13.64,13.64,13.42,13.42,5623455,-0.0022329745043123414,0.024897551621727087,0.02719200769525065,0.052784718974220574,-0.522961727710975,13.264,13.188999999999998,13.125,12.758999999999999,0.008199866034677636,0.00734167327690836,9990957.3,0.01639344262295087,-0.01612903225806456
2023-06-28,13.42,13.55,13.36,13.48,8233359,0.004460973940625266,0.027069321968218124,0.029358525562352467,0.04942092685661598,0.4641104089923366,13.336000000000002,13.228,13.157499999999999,12.776599999999998,0.008078351074595647,0.007254640676351385,8944801.25,0.014094955489614338,0.004470938897168443
2023-06-29,13.48,13.55,13.24,13.24,8154546,-0.017964554975298884,0.01139397058705351,0.009104766992919287,0.02291926143610771,-0.009572399308714705,13.366,13.24,13.1725,12.788799999999998,0.013220334072167977,0.008415731414418003,8714054.25,0.023413897280966805,-0.017804154302670638
2023-06-30,13.24,13.33,13.18,13.33,5120663,0.006774583681755121,0.006774583681755121,0.011316605116256238,0.011316605116256238,-0.37204805761105525,13.384,13.254999999999999,13.179999999999998,12.805399999999999,0.012569475591456386,0.007517346792614633,8218354.55,0.011252813203300852,0.006797583081570986
2023-07-03,13.33,13.36,13.27,13.33,4031764,0.0,-0.008961971857230773,0.018168554268808656,0.013595375566843771,-0.2126480496763798,13.36,13.279,13.189000000000002,12.8256,0.009713949959253721,0.007489179296507353,7727476.9,0.006751687921980484,0.0
2023-07-04,13.27,13.33,13.24,13.3,4348820,-0.0022530989629092027,-0.008982096315827592,0.015915455305899582,0.00906350615334691,0.07863952354354074,13.335999999999999,13.3,13.195000000000002,12.8466,0.00971418231391471,0.0075067910972953875,7447648.8,0.006766917293233071,0.0022607385079126707
2023-07-05,13.3,13.36,13.27,13.27,8126958,-0.0022581868835919784,-0.015701257140044843,0.011368064828173196,0.004531729809882099,0.8687731384605479,13.294,13.315000000000001,13.197999999999999,12.867,0.009075932284123499,0.007517338087085969,7394893.55,0.006782215523737744,-0.0022556390977444465
2023-07-06,13.27,13.3,13.09,13.12,6426967,-0.011368064828173216,-0.009104766992919204,0.0022892035941342722,0.004583659667657893,-0.20917925255673772,13.27,13.318000000000001,13.200999999999999,12.885,0.006494697616854196,0.007513111408387491,7232092.9,0.016006097560975676,-0.01130369253956295
2023-07-07,13.12,13.15,13.0,13.12,7145078,0.0,-0.01587935067467442,-0.009104766992919204,0.006883392379189245,0.11173404188943245,13.228,13.306000000000001,13.2055,12.9034,0.004716407671777245,0.007489932504026805,7215877.9,0.01143292682926832,0.0
2023-07-10,13.15,13.36,13.12,13.27,9036932,0.011368064828173196,-0.004511285846501237,-0.013473257703731971,0.022866850015763586,0.26477723546195014,13.216,13.288,13.220499999999998,12.9248,0.008132824214490842,0.0077799950940131285,7453131.5,0.018085908063300696,0.009125475285171042
2023-07-11,13.48,13.48,13.27,13.3,8851484,0.0022581868835921063,0.0,-0.008982096315827592,0.01820991137942317,-0.02052112376191389,13.216,13.276000000000002,13.232499999999998,12.946800000000001,0.008195495895270279,0.007667028500421216,7497026.85,0.01578947368421059,-0.013353115727002946
2023-07-12,13.42,13.42,13.18,13.21,5187652,-0.006789916693474136,-0.00453172980988208,-0.020232986949927024,0.009125538612425457,-0.4139229082942476,13.203999999999999,13.249,13.238499999999998,12.966599999999998,0.008740149563461497,0.007847687910944557,7354753.7,0.018168054504163526,-0.01564828614008935
2023-07-13,13.3,13.3,13.18,13.3,6743968,0.006789916693474104,0.013626251711765274,0.004521484718846057,0.013626251711765274,0.300003932414896,13.24,13.254999999999999,13.247499999999999,12.983000000000002,0.006881193504853518,0.00796664248428463,7421559.9,0.009022556390977519,0.0
2023-07-14,13.33,13.36,13.18,13.3,6901344,0.0,0.013626251711765274,-0.0022530989629092027,0.00906350615334691,0.023335816540054757,13.276,13.252,13.253499999999999,13.0,0.006881193504853518,0.007914803550246615,7045917.0,0.013533834586466143,-0.002250562640660117
2023-07-17,13.33,13.33,13.24,13.3,6536400,0.0,0.0022581868835921063,-0.0022530989629092027,0.015915455305899582,-0.05288013465203299,13.282000000000002,13.249,13.264000000000001,13.014,0.0049062578359080206,0.007728046167120087,7139690.15,0.006766917293233071,-0.002250562640660117
2023-07-18,13.24,13.3,13.21,13.3,6804309,0.0,0.0,0.0,0.015915455305899582,0.040987240682944744,13.282,13.249,13.2745,13.028400000000001,0.004801196137647713,0.007728046167120087,7197925.2,0.006766917293233071,0.004531722054380702
2023-07-19,13.3,13.39,13.27,13.3,9572664,0.0,0.006789916693474104,0.0022581868835921063,0.013626251711765274,0.40685321610173786,13.3,13.252,13.2835,13.0428,0.003036543057634428,0.0077217128917179394,7402354.0,0.009022556390977519,0.0
2023-07-20,13.3,13.33,13.24,13.3,6295568,0.0,0.0,0.013626251711765274,0.015915455305899582,-0.3423389769033991,13.3,13.270000000000001,13.294,13.0572,0.0,0.007692273455846371,7318304.65,0.006766917293233071,0.0
2023-07-21,13.3,13.36,13.24,13.36,6693129,0.004501132880791442,0.004501132880791442,0.0181273845925567,0.009022617599637552,0.0631493456984342,13.312000000000001,13.294,13.3,13.071800000000001,0.0020129678194428526,0.007338731725380418,7081166.4,0.008982035928143655,0.004511278195488626
2023-07-24,13.36,13.42,13.27,13.33,6773899,-0.002248033917882342,0.002253098962909259,0.004511285846501271,-0.008961971857230773,0.012067599474027768,13.318000000000001,13.3,13.294,13.085799999999999,0.0024646786159241577,0.006410319370105845,6830447.95,0.011252813203300852,-0.0022455089820358804
2023-07-25,13.3,13.61,13.3,13.48,13720647,0.011189971293543807,0.013443070256452904,0.013443070256452904,0.004460973940625266,1.0255169142616387,13.354,13.318000000000001,13.297,13.1028,0.005347571497251281,0.006897756344124548,7235307.55,0.02299703264094946,0.013533834586466143
2023-07-26,13.48,13.58,13.42,13.48,5979075,0.0,0.013443070256452904,0.020232986949926944,0.0,-0.5642279114097171,13.39,13.344999999999999,13.297,13.120800000000001,0.005347571497251281,0.006825249311048172,7122593.35,0.011869436201780426,0.0
2023-07-27,13.48,13.51,13.33,13.39,7216455,-0.006698945781079873,0.006744124475372953,0.006744124475372953,0.011265609194219086,0.20695174420792514,13.407999999999998,13.354,13.3045,13.136,0.006824744369696663,0.005623734835932696,7075688.8,0.01344286781179983,-0.006676557863501473
2023-07-28,13.42,13.55,13.33,13.42,8620038,0.0022379718404546456,0.0044809634350360195,0.008982096315827586,0.006728997352918381,0.19449757533304093,13.419999999999998,13.366,13.309000000000001,13.1524,0.006635843953891432,0.005448789038557609,7250657.55,0.01639344262295087,0.0
2023-07-31,13.61,13.88,13.58,13.88,19225216,0.03370282353512282,0.04043182088804126,0.04268491985095037,0.04043182088804126,1.2302936483574667,13.530000000000001,13.424000000000001,13.336500000000001,13.176999999999998,0.015684656007241327,0.009235242609983041,8010330.15,0.021613832853025986,0.019838354151359396
2023-08-01,14.06,14.06,13.76,13.82,13724041,-0.004332136739134682,0.0249097128553629,0.03835278311181569,0.03835278311181569,-0.2861437291523799,13.597999999999999,13.475999999999999,13.3625,13.1974,0.01643497304983641,0.009297382703084302,8479091.2,0.02170767004341539,-0.01706970128022761
2023-08-02,13.79,14.0,13.79,13.97,12414957,0.010795354929346721,0.03570506778470943,0.049148138041162276,0.05140632492475428,-0.09538619128287361,13.696000000000002,13.543000000000001,13.397499999999999,13.2228,0.01632560435673939,0.009445805930847893,8693491.15,0.015032211882605643,0.01305293691080504
2023-08-03,13.94,14.21,13.91,14.18,17019126,0.014920347835111024,0.057324361400900296,0.06406848587627331,0.07769473758803848,0.3708566207679978,13.854,13.631,13.4505,13.2528,0.014505138972894568,0.009230762428550638,9223099.1,0.021156558533145325,0.017216642754662857
2023-08-04,14.27,14.75,14.06,14.75,18679690,0.039410561681847436,0.09449695124229314,0.09897791467732917,0.11710529926988587,0.0975704627840466,14.12,13.770000000000001,13.532000000000002,13.2952,0.017755716007799533,0.012114076096800586,9799829.7,0.046779661016949116,0.03363700070077088
2023-08-07,14.48,14.54,14.27,14.36,28102625,-0.026796519165750737,0.03399760854141962,0.07442942942946068,0.07894071527596191,0.5044481466234183,14.216,13.873000000000001,13.586500000000001,13.328399999999998,0.024484700378347886,0.014051010873553737,10753114.35,0.018802228412256237,-0.008287292817679627
2023-08-08,14.39,14.45,14.09,14.15,15277376,-0.014731939530831382,0.023597805749722856,0.048507518605085675,0.061950588861538466,-0.45637192255171893,14.282,13.940000000000001,13.629000000000001,13.3568,0.02605792122440976,0.014658939992811433,11074408.95,0.025441696113074164,-0.016678248783877705
2023-08-09,14.15,14.27,14.0,14.03,15564910,-0.008516729974877143,0.0042857208454989745,0.039990788630208426,0.06022377558013541,0.018820902228236052,14.294,13.995,13.669999999999998,13.380799999999999,0.026361685464760216,0.014725177595324308,11593271.85,0.01924447612259441,-0.008480565371024805
2023-08-10,14.06,14.12,13.85,13.85,12699456,-0.01291266148102203,-0.023547288470633896,0.03377707293026625,0.0405211974056394,-0.18409704906742153,14.228,14.041,13.697500000000002,13.399,0.02557661241712742,0.015113024867345587,11891046.25,0.019494584837545095,-0.014935988620199207
2023-08-11,13.88,13.91,13.67,13.85,9164105,0.0,-0.06295785015248137,0.03153910108981166,0.0405211974056394,-0.27838601905467447,14.047999999999998,14.084,13.725,13.4124,0.009767507596164356,0.015113024867345587,12004184.3,0.017328519855595685,-0.0021613832853026754
2023-08-14,13.85,13.94,13.79,13.94,10446424,0.006477172699030411,-0.0296841582877003,0.0043134502537193475,0.04699837010466962,0.13992844909568364,13.963999999999999,14.09,13.757,13.428200000000002,0.008972534116008487,0.015136704589362181,12199685.5,0.0107604017216643,0.0064981949458483654
2023-08-15,14.0,14.06,13.82,13.82,6464684,-0.00864558699285393,-0.023597805749722825,0.0,0.03835278311181569,-0.38115818389144457,13.898,14.09,13.782999999999998,13.440999999999999,0.007819849253217678,0.015329569647788253,12182704.25,0.017366136034732287,-0.012857142857142836
2023-08-16,13.82,13.94,13.79,13.85,8402525,0.0021684142938235133,-0.01291266148102203,-0.008626940635522978,0.0405211974056394,0.2997580392173848,13.862,14.078,13.8105,13.453800000000001,0.00798109363421642,0.015322959816722307,12124197.3,0.010830324909747318,0.0021707670043414878
2023-08-17,13.88,13.91,13.73,13.73,10125955,-0.008702012853467726,-0.008702012853467726,-0.032249301324101705,0.031819184552171635,0.20510858343176605,13.838,14.033000000000001,13.831999999999999,13.4672,0.006745034902342569,0.015505973768596824,12315716.65,0.013109978150036396,-0.010806916426512993
2023-08-18,13.73,13.73,13.24,13.24,20459276,-0.03634066927101749,-0.04504268212448531,-0.10800053227696661,-0.00902261759963742,1.020478661025059,13.716,13.882,13.826000000000002,13.471400000000001,0.01667335141286575,0.017644450323948693,13004024.0,0.03700906344410878,-0.03568827385287693
2023-08-21,13.21,13.42,13.21,13.3,7981455,0.004521484718846057,-0.04699837010466962,-0.07668252839236991,-0.0022530989629092027,-0.6098857554881219,13.588,13.776,13.824499999999997,13.478,0.016236470762851507,0.01767307295188303,13064401.8,0.015789473684210457,0.006813020439061306
2023-08-22,13.36,13.39,13.06,13.33,9072597,0.002253098962909259,-0.03609968414890651,-0.059697489898629316,-0.011189971293543698,0.13670966008077476,13.49,13.693999999999999,13.817000000000002,13.483400000000001,0.01707303525435888,0.017484228518634272,12831999.3,0.02475618904726182,-0.0022455089820358804
2023-08-23,13.42,13.48,13.21,13.21,5548662,-0.00904301565638328,-0.04731111409911343,-0.06022377558013547,-0.020232986949927024,-0.388415246483449,13.362,13.612,13.8035,13.4858,0.01624805664124604,0.017585632454900236,12810478.65,0.02043906131718392,-0.01564828614008935
2023-08-24,13.21,13.45,13.21,13.33,5315411,0.009043015656383388,-0.02956608558926238,-0.038268098442730186,-0.004491025512463827,-0.04203734161496952,13.282,13.559999999999999,13.8005,13.49,0.01826804657710961,0.017669771076555745,12715426.45,0.018004501125281205,0.009084027252081697
2023-08-25,13.3,13.33,13.21,13.27,5381608,-0.004511285846501237,0.0022632978352538323,-0.042779384289231406,-0.011240283199419656,0.012453787675120512,13.288,13.502,13.793000000000001,13.491800000000001,0.007218028468585712,0.01768470918064757,12553504.95,0.00904295403165028,-0.0022556390977444465
2023-08-28,13.3,13.36,13.27,13.33,5160556,0.004511285846501271,0.002253098962909259,-0.04474527114176047,-0.04043182088804123,-0.04107545551441131,13.294,13.440999999999999,13.7655,13.4966,0.007216592482782647,0.01581352155315652,11850271.95,0.006751687921980484,0.002255639097744313
2023-08-29,13.33,13.42,13.27,13.33,5778718,0.0,0.0,-0.03609968414890651,-0.03609968414890651,0.11978593004319689,13.294,13.392000000000001,13.741,13.501399999999999,0.007145902047692961,0.015809876414906637,11453005.8,0.011252813203300852,0.0
2023-08-30,13.33,13.61,13.33,13.58,7229547,0.018580987939932844,0.027624003596316036,-0.01968711050279738,-0.028314051138320414,0.25106416336633836,13.368,13.365,13.7215,13.5106,0.008875746870339558,0.01622681368145513,11193735.3,0.020618556701030882,0.018754688672168042
2023-08-31,13.58,13.67,13.58,13.67,7212305,0.006605528605308101,0.025186516545240914,-0.0043795690440215,-0.03662887036812319,-0.0023849350450311753,13.436000000000002,13.359,13.695999999999998,13.522199999999998,0.008699387878184842,0.015889249856107287,10703394.25,0.006583760058522301,0.006627393225331359
2023-09-05,13.73,13.94,13.7,13.76,7634395,0.006562181769339446,0.03625998416108138,0.03852328199633546,-0.06947725028063129,0.05852359266559026,13.534,13.410999999999998,13.646499999999998,13.532600000000002,0.006880093754263235,0.012799046239540087,10151129.5,0.017441860465116296,0.0021849963583393563
2023-09-06,13.76,13.88,13.67,13.88,4783873,0.008683122573460857,0.04043182088804126,0.04268491985095037,-0.033997608541419616,-0.3733788990483201,13.644,13.469,13.622500000000002,13.541200000000002,0.006715626182913993,0.011817475535080307,8985191.9,0.015129682997118216,0.008720930232558212
2023-09-07,13.91,14.0,13.76,13.85,9860968,-0.0021637224453110305,0.038268098442730124,0.038268098442730124,-0.021429391455899165,1.0612938512372716,13.748000000000001,13.521,13.607499999999998,13.5498,0.0074016415631083824,0.011415327676604387,8714371.5,0.017328519855595685,-0.00431344356578005
2023-09-08,13.85,13.88,13.73,13.76,5530112,-0.0065194001281498855,0.013167710374647488,0.04079171397096352,-0.019432061609171918,-0.43919177103099816,13.784,13.575999999999999,13.594,13.555399999999999,0.006606784560289167,0.011355344190190285,8212631.6,0.0109011627906977,-0.0064981949458483654
2023-09-11,13.79,13.85,13.45,13.51,10542303,-0.01833568053309009,-0.011773498763750693,0.013413017781490084,-0.024855080661240033,0.906345296442459,13.751999999999999,13.594,13.576999999999998,13.560800000000002,0.010887116767473453,0.01171455425202576,8104773.95,0.02960769800148041,-0.020304568527918735
2023-09-12,13.51,13.76,13.42,13.76,6685987,0.018335680533090055,0.0,0.03625998416108138,-0.0065194001281498855,-0.365794456865829,13.751999999999999,13.643,13.572500000000002,13.5694,0.014097652745227679,0.01250756749583242,7980868.05,0.024709302325581384,0.018504811250925242
2023-09-13,13.76,13.79,13.58,13.64,6942929,-0.008759180089881465,-0.01744230266334237,0.02298951822469878,-0.02175575291706175,0.038429928146734356,13.704000000000002,13.674000000000001,13.557500000000001,13.575600000000001,0.013559637582559153,0.012535370185198519,7805693.3,0.015395894428152423,-0.008720930232558082
2023-09-14,13.61,13.79,13.55,13.58,6195761,-0.0044085302847659685,-0.01968711050279738,0.018580987939932844,-0.017518696208973745,-0.10761567632334999,13.65,13.699000000000002,13.5455,13.581199999999999,0.013541961179818231,0.012436330428788714,7792247.15,0.017673048600883538,-0.002204261572373208
2023-09-15,13.67,13.76,13.58,13.7,5253147,0.008797710703529131,-0.004369999671118379,0.008797710703529131,-0.01088939979926832,-0.15213853471752703,13.638,13.711000000000002,13.538,13.5898,0.014509764561663668,0.012608889833144956,7634778.25,0.01313868613138684,0.002194586686174057
2023-09-18,13.67,13.7,13.48,13.58,4366920,-0.008797710703529084,0.005167970158442598,-0.00660552860530816,-0.010985097649329584,-0.1687040168493286,13.651999999999997,13.702000000000002,13.5305,13.599,0.012060404220677055,0.012612166165767253,7346826.5,0.01620029455080993,-0.006583760058522301
2023-09-19,13.58,13.67,13.45,13.48,8083377,-0.007391016646389067,-0.02055872702103655,-0.02055872702103655,0.017964554975298894,0.8510476491440191,13.596,13.674000000000001,13.542499999999999,13.6062,0.007433920198770839,0.009586581118287233,6728031.55,0.016320474777448118,-0.007363770250368162
2023-09-20,13.48,13.64,13.45,13.58,5299737,0.007391016646388962,-0.0044085302847659685,-0.021850832948108422,0.020834086902841834,-0.3443659747652497,13.584,13.644,13.556500000000003,13.612400000000001,0.00836064879058072,0.009664816329935126,6593945.65,0.013991163475699652,0.007418397626112733
2023-09-21,13.55,13.64,13.51,13.55,5430115,-0.002211574804840154,-0.002211574804840154,-0.021898685307637573,0.016369413135092697,0.02460084340034232,13.578,13.614,13.567499999999999,13.6174,0.008184841658125094,0.009686899731762984,6411821.55,0.009594095940959467,0.0
2023-09-22,13.42,13.61,13.36,13.48,9796600,-0.005179441841548973,-0.016188727349918167,-0.02055872702103655,0.020232986949926944,0.804123853730538,13.534,13.586000000000002,13.581,13.6228,0.006441208543875868,0.009516921726320555,6624218.45,0.018545994065281898,0.004470938897168443
2023-09-25,13.48,13.51,13.3,13.3,7626780,-0.013443070256452855,-0.020834086902841914,-0.015666116744399352,-0.0022530989629092027,-0.22148704652634588,13.478,13.565000000000001,13.579500000000001,13.6228,0.007662836249501522,0.009840889601450051,6739786.9,0.015789473684210457,-0.013353115727002946
2023-09-26,13.33,13.45,13.21,13.24,9407620,-0.004521484718846007,-0.017964554975298884,-0.0385232819963354,-0.0022632978352539346,0.2334982784346736,13.430000000000001,13.513,13.578,13.6216,0.007465917941974435,0.009841129791197816,6941087.5,0.01812688821752254,-0.006751687921980484
2023-09-27,13.24,13.3,13.15,13.3,5688210,0.004521484718846057,-0.020834086902841914,-0.025242617187607938,-0.0022530989629092027,-0.3953614197852379,13.374,13.479000000000003,13.5765,13.6216,0.006451930554838157,0.00984138229208002,6967470.2,0.01127819548872183,0.004531722054380702
2023-09-28,13.21,13.3,13.12,13.15,4993734,-0.011342276603934495,-0.029964788701936394,-0.03217636350677651,-0.01359537556684375,-0.1220904291508225,13.294,13.436000000000002,13.5675,13.618599999999999,0.007026733416127094,0.010156311629578906,6928221.0,0.013688212927756767,-0.004542013626040915
2023-09-29,13.18,13.33,13.18,13.21,2341209,0.004552359910460476,-0.020232986949927024,-0.036421714299845157,-0.02762400359631602,-0.5311706630749655,13.24,13.387,13.548999999999998,13.616800000000001,0.008501474183587288,0.009195024265047473,6683804.1,0.011355034065102222,0.0022761760242792973
2023-10-02,13.18,13.27,13.12,13.24,3811689,0.002268431974628044,-0.004521484718846007,-0.02535557162168794,-0.031961100226996025,0.6280857454417782,13.228,13.353,13.5275,13.615599999999999,0.006915849301622752,0.009046698761885916,6513773.3,0.011329305135951689,0.004552352048558459
2023-10-03,13.18,13.24,13.06,13.06,5510811,-0.01368842666057709,-0.01368842666057709,-0.031652981635875994,-0.052211708656912575,0.4457661682262115,13.192000000000002,13.311000000000002,13.492500000000001,13.609599999999999,0.009011926078181276,0.009216962841722834,6407594.1,0.013782542113323101,-0.009104704097116785
2023-10-04,13.03,13.12,13.0,13.06,3180528,0.0,-0.018209911379423054,-0.03904399828226504,-0.06089483123037348,-0.42285663580188104,13.144,13.259,13.451500000000001,13.6042,0.008300148385582738,0.008854357123614272,6327426.85,0.009188361408882023,0.0023023791250960197
2023-10-05,13.15,13.27,13.06,13.06,3353149,0.0,-0.006867634775488569,-0.03683242347742497,-0.05873110878506242,0.05427432174783558,13.126,13.210000000000003,13.412,13.595799999999999,0.0071381003659586545,0.008878873011491872,6002035.9,0.016079632465543572,-0.006844106463878316
2023-10-06,13.06,13.24,13.03,13.18,2443603,0.009146405226076203,-0.0022735894598728554,-0.02250657640979986,-0.04306530343083641,-0.2712512924418211,13.12,13.180000000000001,13.383000000000001,13.5898,0.008293697830562585,0.009230223874330892,5847710.45,0.015933232169954542,0.009188361408882023
2023-10-09,13.12,13.64,13.12,13.61,8982117,0.03210428758901362,0.02756226615451246,0.023040781435666506,0.007374664691267146,2.6757677085844143,13.193999999999999,13.211000000000002,13.388,13.5942,0.01695419808989255,0.01124662161585873,5769701.15,0.038207200587803185,0.037347560975609775
2023-10-10,13.61,13.82,13.61,13.79,6539860,0.013138875141835791,0.05438956795692544,0.040701141296348144,0.0021778593000127897,-0.27190215847778426,13.34,13.266,13.389500000000002,13.601600000000001,0.013184527197080803,0.01086316433357249,5762394.8,0.01522842639593915,0.01322556943423951
2023-10-11,13.79,13.79,13.64,13.73,2847661,-0.004360472025330712,0.05002909593159476,0.031819184552171635,0.006576567364563635,-0.5645685075827311,13.474,13.309000000000001,13.394,13.598600000000001,0.014189817462599771,0.010717726387684352,5557631.4,0.01092498179169691,-0.0043509789702682175
2023-10-12,13.73,13.85,13.61,13.73,5637015,0.0,0.05002909593159476,0.04316146115610619,0.010985097649329574,0.9795245993115052,13.607999999999999,13.366999999999999,13.401500000000002,13.5968,0.014189817462599771,0.010660347885182319,5529694.1,0.01747997086671524,0.0
2023-10-13,13.67,13.73,13.61,13.7,4694272,-0.002187386945800511,0.03869530375971803,0.03642171429984523,0.0,-0.16724152765248984,13.712,13.416,13.401499999999999,13.591399999999998,0.015228660421339118,0.010494700141587869,5501750.35,0.008759124087591314,0.002194586686174057
2023-10-16,13.64,13.73,13.55,13.67,4222196,-0.002192182098221047,0.00439883407248358,0.031961100226996074,0.006605528605308101,-0.10056426214757049,13.724,13.459,13.406,13.5812,0.007024317262898757,0.010305492119039292,5494514.15,0.013167520117044602,0.0021994134897360233
2023-10-17,13.67,13.7,13.58,13.58,3659834,-0.00660552860530816,-0.015345569674660308,0.03904399828226504,0.007391016646388962,-0.1331918271913478,13.681999999999999,13.511000000000001,13.410999999999998,13.5578,0.00250697759830932,0.01027597188037475,5273337.0,0.008836524300441769,-0.006583760058522301
2023-10-18,13.58,13.58,13.33,13.33,6211436,-0.018580987939932812,-0.02956608558926238,0.020463010342332236,-0.018580987939932812,0.6971906376081538,13.602,13.538,13.398500000000002,13.5372,0.007477395294612738,0.01096024166586162,5318921.95,0.018754688672168042,-0.018409425625920472
2023-10-19,13.33,13.39,13.18,13.18,6211641,-0.011316605116256165,-0.04088269070551861,0.009146405226076203,-0.027686018251348823,3.300364038203082e-05,13.491999999999999,13.55,13.38,13.5178,0.006932948803982323,0.011202730902160136,5357998.25,0.015933232169954542,-0.011252813203300852
2023-10-20,13.18,13.36,13.18,13.24,3672592,0.004542021434500986,-0.03415328232521706,0.004542021434500986,-0.017964554975298884,-0.40875655885457646,13.4,13.556000000000001,13.368,13.502,0.008790590917037239,0.011240236168003091,5051797.85,0.013595166163141973,0.004552352048558459
2023-10-23,13.36,13.36,13.12,13.18,2400212,-0.004542021434501009,-0.036503121661497044,-0.03210428758901357,-0.009063506153346964,-0.34645285945185306,13.302000000000001,13.513,13.362,13.488600000000002,0.008539847942921496,0.010888086194291713,4790469.45,0.018209408194233705,-0.013473053892215548
2023-10-24,13.27,13.36,13.18,13.24,2553217,0.004542021434500986,-0.02535557162168794,-0.040701141296348234,0.0,0.06374645239670496,13.234,13.458000000000002,13.362,13.476400000000002,0.01008250387878809,0.01089845834184693,4447749.3,0.013595166163141973,-0.0022607385079125367
2023-10-25,13.42,13.45,13.24,13.24,2489008,0.0,-0.006774583681755097,-0.03634066927101749,-0.004521484718846007,-0.02514827372683168,13.216,13.409,13.359,13.4624,0.0067226562956816,0.010846501922362826,4287789.2,0.015861027190332257,-0.013412816691505194
2023-10-26,13.15,13.15,12.67,12.76,12596859,-0.03692727259221836,-0.0323852511577173,-0.07326794186323592,-0.03010648070712972,4.060995786273086,13.132,13.312000000000001,13.339500000000001,13.441200000000002,0.017433820857206888,0.013428100700042448,4667945.45,0.037617554858934206,-0.029657794676806126
2023-10-27,12.97,13.12,12.82,13.03,3182928,0.020939113220109953,-0.015988159372108523,-0.050141441697325526,-0.01371972739748026,-0.747323678069271,13.09,13.245000000000001,13.3305,13.4248,0.021167224622904306,0.01428947869205784,4710031.4,0.023023791250959245,0.004626060138781705
2023-10-30,13.06,13.09,12.88,12.88,3858926,-0.011578670460546137,-0.02302480839815358,-0.05952793005965054,-0.027566829832654592,0.21238243529228434,13.030000000000001,13.166,13.3125,13.4078,0.02151009723092653,0.014473077894703716,4712393.25,0.016304347826086883,-0.013782542113323101
2023-10-31,12.91,13.03,12.85,12.94,3491977,0.0046475683965468756,-0.022919261436107737,-0.04827483305779562,-0.009230834775530543,-0.09509096572466018,12.969999999999999,13.102,13.3065,13.401799999999998,0.02152136680269038,0.014230975571385635,4611451.55,0.013910355486862421,0.002323780015491817
2023-11-01,12.94,13.09,12.91,13.06,4835157,0.009230834775530522,-0.01368842666057709,-0.02046301034233225,0.0,0.3846474361085425,12.934000000000001,13.075,13.3065,13.397,0.0223912322737263,0.01439546963592863,4694183.0,0.013782542113323101,0.009273570324575039
2023-11-02,13.15,13.48,13.06,13.48,5152098,0.03165298163587602,0.054891827567517225,0.02250657640979979,0.03165298163587602,0.06554926758324497,13.078,13.105,13.3275,13.4,0.01642109142560984,0.016041356188333904,4784130.45,0.031157270029673584,0.025095057034220537
2023-11-03,13.48,13.55,13.33,13.33,4888965,-0.011189971293543698,0.02276274305386366,0.006774583681755121,0.011316605116256238,-0.05107298036644489,13.138,13.114,13.334999999999999,13.4024,0.017779004626327234,0.016180605792777285,4906398.55,0.016504126031507926,-0.011127596439169166
2023-11-06,13.42,13.51,13.36,13.42,3792021,0.006728997352918381,0.041070410867328176,0.018045602469174554,-0.014058685119838963,-0.22437141603590943,13.246,13.138,13.3255,13.404200000000001,0.015344857300236906,0.01448328100110845,4646893.75,0.01117734724292104,0.0
2023-11-07,13.36,13.45,13.36,13.36,2328126,-0.004480963435036092,0.031941879035745246,0.009022617599637552,-0.03167852369671071,-0.3860461215800229,13.330000000000002,13.15,13.303999999999998,13.406,0.016383198146725484,0.014128541519846452,4436307.05,0.006736526946107774,0.0
2023-11-08,13.36,13.85,13.33,13.79,7915923,0.03167852369671066,0.05438956795692544,0.040701141296348144,0.004360472025330663,2.400126539542963,13.475999999999999,13.204999999999998,13.306999999999999,13.4152,0.020027287545796305,0.015938102192986952,4689720.15,0.037708484408991993,0.03218562874251495
2023-11-09,13.85,13.85,13.64,13.64,4768580,-0.010937039389894276,0.01179954693115503,0.06669137449867235,-0.006576567364563602,-0.3975964647458041,13.508,13.293000000000001,13.3025,13.4214,0.01792955471348295,0.016132422213932487,4646298.4,0.015395894428152423,-0.015162454873646144
2023-11-10,13.55,13.67,13.45,13.55,5051311,-0.006620105089606128,0.016369413135092697,0.03913215618895617,-0.011009285508369255,0.05929039672187528,13.552000000000001,13.344999999999999,13.294999999999998,13.4208,0.017166394401714427,0.016189648018953718,4664150.35,0.016236162361623663,0.0
2023-11-13,13.58,13.67,13.42,13.58,3418479,0.002211574804840132,0.011851990587014328,0.05292240145434253,-0.00660552860530816,-0.3232491525467349,13.584,13.415000000000001,13.2905,13.418999999999999,0.017057620334217222,0.016196090050091417,4623964.5,0.018409425625920472,0.0
2023-11-14,13.58,13.85,13.58,13.73,10306368,0.010985097649329574,0.02731805167138016,0.05925993070712516,0.010985097649329574,2.014898731277858,13.658000000000001,13.494,13.297999999999998,13.418399999999998,0.016906224664862926,0.01631457327119402,4956291.2,0.019664967225054595,0.01104565537555231
2023-11-15,13.91,14.21,13.88,14.06,32344213,0.02375066660263906,0.019390194577308506,0.07377976253423378,0.05331675219190156,2.138274608475071,13.712,13.594,13.3345,13.421999999999999,0.013945485742855954,0.01644749474756347,6262930.05,0.02347083926031295,0.010783608914450061
2023-11-16,14.06,14.15,13.97,14.09,8085873,0.0021314395280700397,0.03245867349527278,0.044258220426427804,0.06676479683622771,-0.7500055728670845,13.802000000000001,13.655000000000001,13.38,13.4268,0.011481651954282848,0.01611735900959856,6356641.65,0.012775017743080179,0.0021337126600284037
2023-11-17,14.15,14.15,13.64,13.73,12355370,-0.025882106130709074,0.013196672454169816,0.02956608558926237,0.03634066927101747,0.5280192998331782,13.838,13.695000000000002,13.404499999999999,13.4262,0.018229465276051172,0.01738377059087487,6790780.55,0.03714493809176983,-0.029681978798586566
2023-11-20,13.55,13.88,13.39,13.61,10211612,-0.008778403116505,0.0022066945328246272,0.014058685119838975,0.03210428758901362,-0.17350819926881997,13.844,13.714000000000002,13.426000000000002,13.428199999999999,0.01894254106358074,0.017490813332785994,7181350.55,0.03600293901542985,0.00442804428044271
2023-11-21,13.7,13.79,13.61,13.67,3715213,0.00439883407248358,-0.0043795690440215,0.0229384826273585,0.031961100226996074,-0.6361776181860416,13.831999999999999,13.745000000000001,13.4475,13.4264,0.018242084542094385,0.017489577226969685,7239450.35,0.013167520117044602,-0.0021897810218977636
2023-11-22,13.61,13.76,13.51,13.73,4395703,0.004379569044021513,-0.023750666602639123,-0.004360472025330712,0.03634066927101747,0.18316311877677,13.766,13.738999999999999,13.472,13.428199999999999,0.01301151746428563,0.017495931751528436,7334785.1,0.01820830298616169,0.008817046289493093
2023-11-23,13.73,13.76,13.42,13.42,5185123,-0.022837088236343988,-0.048719194367053104,-0.016260520871780405,0.050430853626891904,0.17958902136927812,13.632,13.716999999999999,13.505,13.425,0.014424759654890129,0.016080100041453105,6964198.3,0.02533532041728762,-0.02257829570284053
2023-11-24,13.48,13.48,13.18,13.33,7901317,-0.006728997352918471,-0.02956608558926238,-0.016369413135092607,0.02276274305386366,0.5238436966683336,13.552000000000001,13.694999999999999,13.52,13.4176,0.011264679850758083,0.015595060113214496,7200117.75,0.022505626406601704,-0.011127596439169166
2023-11-27,13.33,13.36,13.21,13.21,3262375,-0.00904301565638328,-0.029830698129140618,-0.02762400359631602,0.025298397858026428,-0.5871099716667487,13.472,13.658000000000001,13.536499999999998,13.4102,0.011282114082541927,0.015496229249564368,7170290.2,0.011355034065102087,-0.009002250562640602
2023-11-28,13.24,13.36,13.12,13.24,4189072,0.002268431974628044,-0.031961100226996025,-0.03634066927101749,0.02291926143610771,0.2840559408406452,13.386000000000001,13.609,13.551499999999999,13.4054,0.010823725788084708,0.015478016684519952,7205144.95,0.018126888217522674,0.0
2023-11-29,13.3,13.51,13.3,13.33,4831388,0.006774583681755121,-0.02956608558926238,-0.05331675219190163,0.020463010342332236,0.15333133448171815,13.306000000000001,13.535999999999998,13.564999999999998,13.4004,0.011454237435574338,0.015420126237234235,7204956.5,0.015753938484621085,0.002255639097744313
2023-11-30,13.33,13.48,13.27,13.27,5245608,-0.004511285846501237,-0.011240283199419656,-0.05995947756647273,-0.015701257140044843,0.0857351965936083,13.276,13.453999999999999,13.5545,13.3948,0.006579878644967956,0.013659152107546828,7209632.0,0.01582516955538816,-0.004501125281320367
2023-12-01,13.39,13.39,13.15,13.27,5736667,0.0,-0.004511285846501237,-0.03407737143576355,-0.004511285846501237,0.0936133618829314,13.264000000000001,13.408000000000001,13.551499999999999,13.390600000000001,0.006105289916074857,0.013437907341946465,7252017.1,0.018085908063300696,-0.008961911874533308
2023-12-04,13.33,13.58,13.3,13.48,9044705,0.015701257140044892,0.020232986949926944,-0.009597711179213628,0.004460973940625266,0.5766480780564742,13.318000000000001,13.395000000000001,13.5545,13.394200000000001,0.00768191368195627,0.013826447505568829,7514651.3,0.020771513353115677,0.011252813203300852
2023-12-05,13.48,13.58,13.33,13.39,3560224,-0.006698945781079873,0.011265609194219086,-0.02069549103277698,0.0022429915945814476,-0.60637477949806,13.347999999999999,13.367,13.556000000000001,13.3972,0.009114127005674322,0.01387497305259167,7576256.2,0.018670649738610903,-0.006676557863501473
2023-12-06,13.39,13.48,13.3,13.48,2794830,0.0066989457810797655,0.011189971293543807,-0.018376114295718733,-0.02273658632104939,-0.2149847874740466,13.378,13.341999999999999,13.5405,13.400799999999998,0.009104804135898526,0.011862221347524123,7320201.55,0.013353115727002946,0.006721433905899915
2023-12-07,13.48,13.61,13.42,13.55,7241320,0.005179441841548861,0.02088069898159384,0.009640415782174153,-0.006620105089606128,1.5909697548688113,13.434000000000001,13.355,13.536000000000001,13.408800000000001,0.008305226136769631,0.011707842010100993,7443838.55,0.014022140221402177,0.005192878338278952
2023-12-08,13.55,13.64,13.48,13.55,3815334,0.0,0.02088069898159384,0.016369413135092697,0.0,-0.47311622742814846,13.49,13.377,13.535999999999998,13.4156,0.008305226136769631,0.011613882854739592,7382039.7,0.011808118081180822,0.0
2023-12-11,13.58,13.61,13.45,13.55,2277359,0.0,0.005179441841548861,0.025412428791476024,-0.002211574804840154,-0.4031036339151435,13.504,13.411000000000001,13.5345,13.421800000000001,0.005272879748953643,0.011602240273769718,7324983.7,0.011808118081180822,-0.0022091310751104092
2023-12-12,13.58,13.61,13.48,13.61,3230408,0.004418269337664737,0.01629665696029349,0.02756226615451246,-0.008778403116505,0.41848869677551936,13.547999999999998,13.447999999999999,13.5285,13.432800000000002,0.003086559196407253,0.011362143692988654,6971185.7,0.009551800146950699,0.0022091310751104092
2023-12-13,13.61,13.64,13.48,13.48,3933379,-0.009597711179213628,0.0,0.011189971293543807,-0.04212678089835788,0.21761059284152343,13.548000000000002,13.463,13.499500000000001,13.441199999999998,0.005883531711688035,0.009989493183321962,5550644.0,0.011869436201780426,-0.009551800146950699
2023-12-14,13.55,13.76,13.48,13.61,6949441,0.009597711179213755,0.004418269337664737,0.02529896831925853,-0.034660509247214207,0.7667865212073385,13.559999999999999,13.497,13.4755,13.4522,0.0070683980312257295,0.010291151720442,5493822.4,0.020573108008817,0.00442804428044271
2023-12-15,13.67,13.82,13.64,13.76,6195129,0.010961015841823015,0.015379285179487707,0.03625998416108138,0.0021826127253178713,-0.10854283099892495,13.602,13.546000000000001,13.476999999999999,13.463799999999999,0.00831553680554758,0.008951148343271391,5185810.35,0.01308139534883719,0.006583760058522301
2023-12-18,13.73,13.79,13.7,13.79,6390775,0.0021778593000127897,0.01755714447950052,0.02273658632104935,0.013138875141835791,0.031580617611029566,13.65,13.577000000000002,13.486,13.4674,0.0081699066497101,0.008710633170448812,4994768.5,0.006526468455402456,0.0043699927166787125
2023-12-19,13.79,13.97,13.79,13.94,11476459,0.010818713527167368,0.02395758866900307,0.040254245629296505,0.019558754596519522,0.7957851747245053,13.716,13.632,13.499500000000001,13.4704,0.008822845496080851,0.008970203757262459,5382830.8,0.012912482065997238,0.010877447425670803
2023-12-20,13.94,14.06,13.94,14.03,8865596,0.006435488781991648,0.039990788630208426,0.039990788630208426,0.021614674334489836,-0.22749726200389858,13.825999999999999,13.687000000000001,13.514500000000002,13.476399999999998,0.003728620471696708,0.00902286271843901,5606325.45,0.008553100498930934,0.006456241032998555
2023-12-21,14.03,14.06,13.94,14.06,7087055,0.0021359922681493055,0.032529069719144266,0.03694733905680887,0.046587754838983086,-0.20061155504942926,13.916,13.738,13.5465,13.482999999999999,0.004366961336914591,0.007051306736744884,5701422.05,0.008534850640113868,0.002138275124732797
2023-12-22,14.03,14.09,14.03,14.03,4512456,-0.002135992268149311,0.01943206160917195,0.03481134678865963,0.0511807599237523,-0.3632819274014383,13.969999999999999,13.786000000000001,13.581500000000002,13.489600000000001,0.004919529236608497,0.006811476772175509,5531979.0,0.004276550249465467,0.0
2023-12-25,14.06,14.18,14.03,14.12,7586810,0.00639433795072654,0.02364854025988563,0.04120568473938599,0.06661811353086204,0.6813039285036796,14.036000000000001,13.842999999999998,13.626999999999999,13.4986,0.0049148212258605375,0.006281612192508885,5748200.75,0.0106232294617564,0.0042674253200568075
2023-12-26,14.15,14.15,14.06,14.06,5731233,-0.00425834568257708,0.008571481050141183,0.032529069719144266,0.06009133587365668,-0.24457934230592304,14.059999999999999,13.888,13.667999999999997,13.508200000000002,0.004869996152569952,0.0065052704442336035,5825308.8,0.006401137980085338,-0.006360424028268541
2023-12-27,14.03,14.15,14.03,14.09,4869398,0.0021314395280700397,0.00426743179621934,0.044258220426427804,0.05544819171997155,-0.15037514615092423,14.072,13.949000000000002,13.706,13.523399999999999,0.004154721150521772,0.006446229873278347,5827209.3,0.00851667849538687,0.004276550249465467
2023-12-28,14.09,14.48,14.09,14.36,10526964,0.018981237709489233,0.0211126772375592,0.053641746956703346,0.07894071527596191,1.1618614867792691,14.132,14.024000000000001,13.760500000000002,13.547,0.009209572739390801,0.007151012695437222,6091277.1,0.027158774373259094,0.019162526614620267
2023-12-29,14.45,14.57,14.39,14.45,9202991,0.006247850938362949,0.02949652044407159,0.04892858205324349,0.08518856621432501,-0.12576969010248348,14.216,14.093,13.8195,13.571200000000001,0.008498208383431398,0.007105837281363854,6264593.3,0.012456747404844272,0.0
2024-01-02,14.48,14.97,14.48,14.78,13896933,0.022580500961614458,0.04568268345495969,0.06933122371484522,0.09206781003589459,0.5100452668051072,14.347999999999999,14.192000000000002,13.8845,13.6032,0.011341264026714194,0.007819495212733205,6507204.7,0.03315290933694183,0.02071823204419882
2024-01-03,14.81,15.12,14.66,15.12,9817807,0.022743455231331214,0.07268448436886792,0.08125596541900917,0.12151021104830562,-0.29352706816676744,14.559999999999999,14.309999999999999,13.970999999999998,13.640799999999999,0.009674747887379029,0.008334209766880632,6820083.85,0.030423280423280363,0.020931802835921588
2024-01-04,15.24,15.51,15.18,15.3,23605373,0.011834457647003017,0.08238750248780095,0.0866549342840202,0.12664572291422876,1.4043427417141119,14.801999999999998,14.437000000000001,14.062000000000001,13.681999999999999,0.00722808896653242,0.008432955785665112,7860611.0,0.021568627450980395,0.003937007874015781
2024-01-05,15.3,15.39,15.15,15.39,9282598,0.005865119452398058,0.06927138423070976,0.09038406146826894,0.1273314005250779,-0.6067591052257467,15.008,14.569999999999999,14.154,13.7346,0.008380460909564394,0.008429415317855592,7962674.9,0.015594541910331397,0.005882352941176461
2024-01-08,15.54,15.57,15.24,15.33,12398885,-0.0039062549670650995,0.05911727832528163,0.08861379876935321,0.12342514555801284,0.33571280367845296,15.184000000000001,14.7,14.243,13.7806,0.01137855551109877,0.008627619624962887,8391852.45,0.021526418786692765,-0.013513513513513455
2024-01-09,15.27,15.33,15.09,15.12,15455964,-0.013793322132335873,0.022743455231331214,0.06842613868629095,0.10963182342567702,0.24656079962028843,15.251999999999999,14.8,14.321499999999997,13.8254,0.014087054180979301,0.009638922781408417,9050782.7,0.01587301587301589,-0.009823182711198452
2024-01-10,15.24,15.42,15.12,15.27,17610661,0.009871748479154091,0.009871748479154091,0.08255623284802222,0.11508530256716637,0.13940877450283917,15.282,14.921000000000001,14.404500000000002,13.872,0.010699646159246064,0.009684289016812071,9769795.35,0.019646365422396905,0.001968503937007832
2024-01-11,15.36,15.57,15.21,15.27,9941849,0.0,-0.0019627091678488173,0.08042479331995214,0.12468301374638009,-0.43546417706865176,15.276,15.039000000000001,14.494,13.916199999999998,0.009173264986976994,0.00910392110168095,10070218.85,0.02357563850687619,-0.005859374999999991
2024-01-12,15.21,15.84,15.15,15.6,25574880,0.021380795024950255,0.01355296640470345,0.08282435063541327,0.13646609759211661,1.5724470367634833,15.318000000000001,15.163,14.5935,13.958599999999999,0.013447748859710134,0.009695119367222818,11001490.8,0.0442307692307692,0.02564102564102556
2024-01-15,15.72,15.72,15.3,15.3,11725544,-0.019418085857101513,-0.001958864485332923,0.05715841383994862,0.10608699589319226,-0.5415210550352534,15.312000000000001,15.248,14.670499999999999,13.998000000000001,0.016741715695534377,0.011265356527488899,11278011.55,0.027450980392156855,-0.026717557251908393
2024-01-16,15.36,15.45,15.15,15.36,12385822,0.003913899321136315,0.015748356968139112,0.038491812199470364,0.10782303591431565,0.05631107605753729,15.36,15.306000000000001,14.748999999999999,14.036799999999998,0.014978053367721112,0.011246671119411184,11577763.9,0.01953124999999993,0.0
2024-01-17,15.39,15.6,15.33,15.36,9720759,0.0,0.005876608488984971,0.015748356968139112,0.09700432238714823,-0.21517045860985246,15.378,15.329999999999998,14.819999999999999,14.076799999999999,0.014513891248405355,0.011232046439850811,11489978.9,0.017578124999999972,-0.0019493177387914968
2024-01-18,15.39,15.57,15.33,15.48,9616784,0.007782140442054949,0.013658748931040044,0.011696039763191236,0.09835097404721165,-0.010696181234407725,15.419999999999998,15.348000000000003,14.892500000000002,14.1106,0.014771327695372741,0.01124607743216974,11527538.3,0.015503875968992262,0.005847953216374259
2024-01-19,15.6,15.69,15.51,15.69,12778025,0.01347469858336019,0.005752652489449841,0.019305618894153255,0.10968968036242224,0.3287212232280563,15.437999999999999,15.378,14.974,14.1516,0.012528879398106364,0.011383437505615579,11812086.8,0.011472275334608014,0.00576923076923076
2024-01-22,15.84,15.9,15.6,15.9,12010820,0.01329554248124472,0.03846628082779614,0.036507416342463135,0.12512121511181643,-0.0600409687725607,15.558000000000002,15.434999999999999,15.067499999999999,14.198599999999999,0.005879802662383647,0.011362692188611424,12187005.0,0.01886792452830193,0.003787878787878819
2024-01-23,15.87,15.99,15.75,15.75,11738886,-0.00947874395454377,0.02507363755211596,0.0408219945202552,0.10924813320654617,-0.02264075225505003,15.636000000000001,15.498000000000001,15.149000000000001,14.242,0.009785317937855949,0.011894430195671412,12394608.8,0.015238095238095252,-0.007561436672967815
2024-01-24,15.75,15.78,15.54,15.6,11347376,-0.009569451016150785,0.015504186535965254,0.021380795024950255,0.10393702787297247,-0.033351546305160476,15.684000000000001,15.531,15.226000000000003,14.2794,0.011749954056514283,0.012178767656555522,12675415.95,0.0153846153846154,-0.009523809523809547
2024-01-25,15.63,15.66,15.48,15.6,5090360,0.0,0.0077220460939103185,0.021380795024950255,0.10180558834490258,-0.5514064220662116,15.707999999999998,15.563999999999998,15.301499999999999,14.310200000000002,0.011487318358890644,0.012216271749712909,12686464.05,0.01153846153846152,-0.0019193857965451781
2024-01-26,15.63,15.96,15.63,15.9,6861782,0.01904819497069463,0.01329554248124472,0.01904819497069463,0.10187254560610785,0.34799542664958866,15.75,15.594,15.378499999999999,14.346400000000001,0.013092668475566678,0.01222028743298459,12503204.95,0.020754716981132078,0.017274472168905923
2024-01-29,16.02,16.02,15.69,15.69,9281301,-0.013295542481244727,-0.013295542481244727,0.025170738346551355,0.08232915218650004,0.3526079668517595,15.708000000000002,15.633000000000001,15.4405,14.3856,0.013092668475566666,0.01288635589111921,12507120.45,0.021032504780114727,-0.020599250936329593
2024-01-30,15.75,15.84,15.66,15.69,6383741,0.0,-0.0038167985267008537,0.021256839025415118,0.05974865122488542,-0.31219330134859324,15.696000000000002,15.666,15.486,14.427200000000001,0.012532617285148585,0.012151750079827887,12131460.85,0.011472275334608014,-0.003809523809523841
2024-01-31,15.78,15.78,15.45,15.57,12162755,-0.007677580899034194,-0.0019249284095843938,0.013579258126380854,0.029327615094520136,0.9052707495495196,15.690000000000001,15.687000000000001,15.508500000000002,14.4652,0.012225070143939934,0.011431272154774713,12248708.25,0.021194605009633917,-0.013307984790874467
2024-02-01,15.54,15.78,15.54,15.72,6284328,0.009587801155153612,0.007662872745569097,0.015384918839479456,0.027080958602670614,-0.48331377224979044,15.713999999999999,15.710999999999999,15.529499999999999,14.505,0.013026246938596888,0.011334655187244216,11382656.0,0.015267175572519097,0.01158301158301168
2024-02-02,15.69,15.9,15.63,15.87,14534871,0.009496747537257207,-0.0018885746878682475,0.01140696779337638,0.030712586687529846,1.3128759351835233,15.707999999999998,15.729,15.5535,14.554,0.010211727329872375,0.01143933221860863,11645269.65,0.01701323251417767,0.011472275334608014
2024-02-05,15.87,16.93,15.81,16.81,28138723,0.05754341288220651,0.06895038067558304,0.05565483819433828,0.09216225453680148,0.9359458367397964,15.931999999999999,15.819999999999999,15.627499999999998,14.623600000000001,0.025502317347198707,0.016865977494098437,12432261.55,0.06662700773349192,0.05923125393824824
2024-02-06,16.84,16.87,16.72,16.84,5454327,0.0017830613936565222,0.07073344206923945,0.06691664354253866,0.1077386380627937,-0.8061629520287754,16.162,15.928999999999998,15.713500000000002,14.6962,0.025272708115235427,0.016322408980759595,11932179.7,0.00890736342042768,0.0
2024-02-07,16.84,17.05,16.84,16.93,11903453,0.0053301873308633525,0.08374121029913696,0.0818162818895525,0.10319707691450289,1.1823871212708736,16.433999999999997,16.062,15.7965,14.77,0.023034922700934234,0.016288287711874534,11646819.3,0.01240401653868877,0.005344418052256524
2024-02-15,16.96,17.17,16.45,16.45,14255094,-0.02876171893366309,0.04539169021032037,0.05305456295588956,0.07443535798083978,0.1975595652790833,16.58,16.147,15.855500000000001,14.8324,0.031016842814925772,0.017952488757871272,11862481.55,0.04376899696048647,-0.030070754716981223
2024-02-16,16.63,16.69,16.51,16.69,9502568,0.014484260462362987,0.05037920313542612,0.048490628447557964,0.06753882341825253,-0.3333914178328112,16.744,16.226,15.91,14.900799999999998,0.031113710910530477,0.017659285759416266,11058865.95,0.010784901138406213,0.003607937462417455
2024-02-19,16.75,16.75,16.45,16.75,11864502,0.0035885205973315896,-0.003575689149448764,0.06537469152613427,0.09054542987268556,0.24855744257762744,16.732,16.332,15.982500000000002,14.9704,0.016423617533715306,0.01682592518569899,11065813.85,0.017910447761194073,0.0
2024-02-20,16.63,16.78,16.54,16.66,7321603,-0.005387621532378775,-0.010746372075484073,0.05998706999375552,0.0812439090191706,-0.38289841410958503,16.696,16.429,16.0475,15.033999999999999,0.016463962292226273,0.016971689077193913,10812602.9,0.014405762304922088,0.0018039687312087274
2024-02-21,16.63,16.87,16.57,16.75,10257725,0.005387621532378821,-0.010688937873968494,0.07305227242516836,0.0866315305515494,0.40102174346246305,16.660000000000004,16.547,16.116999999999997,15.101199999999999,0.016470504016390077,0.01694655743903018,10839451.2,0.017910447761194073,0.007215874924834696
2024-02-22,16.75,16.78,16.63,16.72,7407861,-0.0017926506145199395,0.016280130445174675,0.06167182065549493,0.0770567394949745,-0.2778261261634524,16.714000000000002,16.647,16.179,15.166000000000002,0.007598178721488537,0.016979161077818907,10729005.05,0.008971291866028836,-0.0017910447761194709
2024-02-23,16.75,17.17,16.51,16.51,25987605,-0.012639349724518722,-0.01084347974170708,0.03953572339371916,0.05094269118709561,2.5081118557705118,16.677999999999997,16.711000000000002,16.22,15.2252,0.0072522575576929975,0.01720290846367311,11389484.05,0.03997577225923683,-0.01432835820895513
2024-02-26,16.51,16.75,16.39,16.63,9791428,0.0072420352727995355,-0.007189965066239163,-0.01076565421568794,0.04488918397865035,-0.623226996100641,16.654,16.693,16.2565,15.286800000000001,0.008110604857198923,0.01705647385191235,11278514.45,0.021647624774503875,0.007268322228951994
2024-02-27,16.75,16.75,16.54,16.69,12061563,0.00360144446890747,0.0017991009350472283,-0.008947271140436822,0.05796937240210173,0.23184922566963675,16.66,16.678,16.3035,15.349599999999999,0.00801191843101262,0.016832606289335913,11294648.3,0.012582384661473987,-0.0035820895522387297
2024-02-28,16.72,16.93,16.66,16.93,10465608,0.01427745847130011,0.01068893787396844,0.0,0.0818162818895525,-0.13231742851237438,16.695999999999998,16.678,16.369999999999997,15.415999999999999,0.010116562863252184,0.01674734022985576,11250559.9,0.015948021264028327,0.012559808612440243
2024-02-29,16.99,17.08,16.75,16.93,9960379,0.0,0.012481588488488517,0.028761718933663184,0.0818162818895525,-0.04827516948848075,16.738,16.726,16.436500000000002,15.485,0.009973194683429085,0.01674734022985576,11494060.85,0.019492025989367886,-0.0035314891112418322
2024-03-01,16.93,16.93,16.66,16.81,10201609,-0.007113248724519774,0.018007689488487383,0.007164209746780467,0.05565483819433828,0.02421895793322724,16.798000000000002,16.738,16.482,15.549000000000001,0.007984457226839868,0.016537964959261214,11661052.2,0.016061867935752504,-0.0070880094506793265
2024-03-04,16.81,17.05,16.57,16.81,13224034,0.0,0.010765654215687918,0.003575689149448703,0.06895038067558304,0.29626944141850564,16.833999999999996,16.744,16.538,15.61,0.007814004542180541,0.01611957826594599,11858188.85,0.0285544318857823,0.0
2024-03-05,16.81,16.93,16.66,16.9,6339771,0.005339674508503607,0.012503884255284021,0.014302985190331043,0.07429005518408655,-0.5205872126463075,16.875999999999998,16.768,16.598499999999998,15.672199999999998,0.007932320394743512,0.01610368464640547,11855990.35,0.01597633136094672,0.005353955978584168
2024-03-06,16.93,17.02,16.66,16.69,9799350,-0.012503884255283896,-0.014277458471300148,-0.003588520597331636,0.0694637518278368,0.5456946315568811,16.827999999999996,16.762,16.6545,15.7272,0.006976539053557615,0.016318114525529625,11737820.1,0.021569802276812426,-0.014176018901358443
2024-03-07,16.69,16.75,16.57,16.63,10171157,-0.003601444468907591,-0.017878902940207695,-0.0053973144517192985,0.056274506203775644,0.037942006357564534,16.768,16.753,16.7,15.779200000000001,0.006791482182424348,0.016324506088193077,11932161.55,0.010823812387251937,-0.0035949670461355465
2024-03-08,16.63,16.72,16.33,16.36,23024715,-0.01636896203023529,-0.027134616245923202,-0.009126926757435757,0.03040879663628322,1.2637262407806702,16.677999999999997,16.738,16.7245,15.8252,0.008923495472256385,0.016785271492382972,12356653.75,0.023838630806846003,-0.016235718580877908
2024-03-11,16.36,16.39,16.11,16.18,12023089,-0.011063419544255333,-0.038198035790178574,-0.02743238157449064,-0.038198035790178574,-0.47781811848702577,16.552,16.692999999999998,16.693,15.8682,0.008607465217804873,0.010606841330007524,11550872.05,0.017305315203955573,-0.011002444987775044
2024-03-12,16.11,16.24,16.08,16.18,8318885,0.0,-0.04353771029868211,-0.031033826043398192,-0.03998109718383506,-0.30809087415056147,16.407999999999998,16.642,16.66,15.9094,0.006718505229611654,0.010581630954222501,11694099.95,0.009888751545117438,0.004345127250155201
2024-03-13,16.18,16.72,16.18,16.72,8940425,0.0328296960262099,0.0017958699828117843,-0.012481588488488387,-0.012481588488488387,0.07471433972221037,16.413999999999998,16.621,16.649499999999996,15.9626,0.019238350264487645,0.013076616952666327,11545948.55,0.0322966507177033,0.03337453646477127
2024-03-14,16.69,16.69,16.36,16.48,8232737,-0.014458083175229775,-0.009060768723510618,-0.026939671663718218,0.001822047269944792,-0.07915596853617138,16.384,16.576,16.651,16.0104,0.020376136620214143,0.011783984471437177,11244830.7,0.020024271844660307,-0.012582384661473987
2024-03-15,16.48,16.57,16.33,16.54,7828640,0.003634165114219448,0.010942358420944227,-0.016192257824978937,-0.009028048078198538,-0.04908416241160139,16.42,16.549,16.6435,16.054000000000002,0.018698158176691907,0.011327394775456624,11161134.3,0.014510278113663967,0.0036407766990290487
2024-03-18,16.45,16.54,16.15,16.27,14127772,-0.0164587683645988,0.005547009600600683,-0.032651026189577714,-0.029075337040129018,0.804626601810787,16.438,16.494999999999997,16.6195,16.0904,0.019778583489031252,0.011827060125405329,11274297.8,0.023970497848801512,-0.010942249240121564
2024-03-19,16.21,16.36,16.18,16.24,7125247,-0.001845586497414639,0.003701423103186184,-0.039836287195495965,-0.025533302005164876,-0.4956567107679824,16.449999999999996,16.429,16.5985,16.119600000000002,0.01982163846251004,0.01179151943775449,11264480.0,0.011083743842364515,0.001850709438617988
2024-03-20,16.24,16.75,16.21,16.63,14010312,0.02373095847130448,-0.0053973144517192985,-0.003601444468907591,-0.007189965066239163,0.9662914141783435,16.432,16.423,16.5925,16.1498,0.01623170323846882,0.012989678700779453,11452109.35,0.032471437161755816,0.02401477832512319
2024-03-21,16.75,16.93,16.66,16.93,12824070,0.017878902940207764,0.02693967166371816,0.017878902940207764,0.012481588488488517,-0.08466920651017622,16.522,16.453,16.603,16.1824,0.016009128490635783,0.013605610595173989,11722919.8,0.015948021264028327,0.010746268656716402
2024-03-22,17.08,17.51,16.87,17.02,22688584,0.005301927000184068,0.028607433549682926,0.03954979197062718,0.030422865213191267,0.7692186645893231,16.618,16.519,16.6285,16.215,0.015980802427964166,0.013272467323690267,11557968.75,0.0376028202115159,-0.0035128805620608153
2024-03-25,16.96,16.96,16.63,16.63,10196791,-0.02318082994039182,0.021885371973889758,0.02743238157449054,0.0,-0.5505761399653676,16.689999999999998,16.564,16.6285,16.241,0.0184111865124518,0.014286892643133434,11578236.9,0.01984365604329536,-0.019457547169811427
2024-03-26,16.69,16.9,16.54,16.9,6287467,0.016105328724191462,0.039836287195495874,0.043537710298682114,0.012503884255284021,-0.3833876755932332,16.822,16.636,16.639,16.276600000000002,0.01864316580387217,0.014719812251216404,11289532.1,0.021301775147928963,0.012582384661473774
2024-03-27,16.9,16.96,16.69,16.93,5962845,0.0017735742160163237,0.017878902940207764,0.012481588488488517,0.0,-0.051630012531278496,16.881999999999998,16.657,16.639,16.3098,0.016459895365181894,0.014370843440587476,11064393.95,0.015948021264028327,0.0017751479289941502
2024-03-28,17.11,17.29,17.05,17.14,12429800,0.012327717024589787,0.012327717024589787,0.03926738868830802,0.012327717024589787,1.0845418587939146,16.924,16.723,16.6495,16.3472,0.01540751903361909,0.01463283197285454,11187865.0,0.014002333722286956,0.001753360607831744
2024-03-29,17.17,17.32,17.02,17.23,13496333,0.005237137370204417,0.012262927394610195,0.04087036094429301,0.02467810311931421,0.08580451817406555,16.966,16.791999999999998,16.670499999999997,16.3798,0.01540456419989726,0.014549829355955638,11352601.2,0.017411491584445774,0.0034944670937681254
2024-04-01,17.05,17.23,16.99,17.2,6180472,-0.00174266672043091,0.033701090614571154,0.05558646258846084,0.022935436398883225,-0.5420628699662345,17.08,16.884999999999998,16.689999999999998,16.4178,0.0073792204748020064,0.01456281993603403,11000423.1,0.01395348837209314,0.008797653958944197
2024-04-02,17.11,17.17,16.87,17.17,10414778,-0.0017457089100230648,0.01585005298035652,0.055686340175852375,0.01585005298035652,0.6851104575831749,17.134,16.978,16.7035,16.454,0.005881864742016314,0.01454161839289268,11204173.45,0.01747233546884104,0.003506721215663488
2024-04-03,17.05,17.17,16.87,16.93,10205483,-0.014076478764340282,0.0,0.017878902940207764,0.01427745847130011,-0.02009596363935938,17.134000000000004,17.008000000000003,16.7155,16.4854,0.009793261154650224,0.014621332099823381,11224480.1,0.017720023626698212,-0.007038123167155483
2024-04-04,16.96,16.96,16.66,16.66,11161719,-0.01607655940634724,-0.028404276430937087,-0.01607655940634724,0.0018023435338604696,0.09369826004315523,17.038,16.981,16.717000000000002,16.509,0.00906579323014753,0.015074200553273054,11274008.2,0.018007202881152505,-0.01768867924528306
2024-04-05,16.51,16.57,16.39,16.42,12293515,-0.014510532714414352,-0.04815194651555604,-0.035889019120945755,0.003660772849681377,0.10139979334724337,16.876,16.921,16.72,16.5236,0.007237419648163257,0.014972789222650244,10737448.2,0.010962241169305706,-0.0054512416717141035
2024-04-08,16.42,16.48,16.3,16.42,6874403,0.0,-0.046409279795125026,-0.012708189180553942,0.014724192393936663,-0.44081062251113695,16.720000000000002,16.9,16.732,16.534,0.007736953951377325,0.01473794716086097,10480013.9,0.010962241169305706,0.0
2024-04-09,16.42,16.51,16.36,16.51,5374934,0.005466153907754393,-0.03919741697734748,-0.02334736399699095,0.020190346301691024,-0.21812352287173156,16.588,16.861,16.7485,16.5492,0.009871042439996989,0.014774214860690478,10332816.35,0.009085402786190315,0.005481120584652853
2024-04-10,16.6,16.69,16.39,16.39,5127160,-0.0072948651762984144,-0.032415803389305595,-0.032415803389305595,-0.01993421490081714,-0.04609805441331931,16.48,16.807000000000002,16.732000000000003,16.565,0.009245922839429307,0.012821058017384486,10142153.1,0.018303843807199554,-0.012650602409638605
2024-04-11,16.33,16.42,16.27,16.42,11290085,0.001828711268543813,-0.014510532714414352,-0.04291480914535149,-0.00364742045704342,1.2020153457274592,16.432,16.735,16.729,16.5814,0.00798252042139911,0.01243239089341258,10295020.5,0.009135200974421566,0.005511328842621153
2024-04-12,16.45,16.93,16.33,16.93,9772642,0.03058709212076167,0.03058709212076167,-0.017564854394794344,0.023305506549498804,-0.13440492254929878,16.534,16.705000000000002,16.7485,16.601999999999997,0.014447268296381502,0.014202656207379311,10392220.6,0.035440047253396424,0.029179331306990908
2024-04-15,16.81,16.93,16.24,16.24,16263243,-0.0416098614115121,-0.011022769290750434,-0.05743204908587552,-0.001845586497414639,0.6641603161151304,16.497999999999998,16.609,16.747,16.613,0.026120339603023575,0.016733310548693585,10498994.15,0.04248768472906412,-0.033908387864366465
2024-04-16,16.24,16.42,16.18,16.42,17356891,0.011022769290750504,-0.005466153907754434,-0.04466357088510198,0.011022769290750504,0.06724661249911841,16.479999999999997,16.534,16.756,16.6276,0.026641301061799478,0.016908827416024556,11010576.35,0.014616321559074419,0.011083743842364734
2024-04-17,16.45,16.48,16.18,16.18,10485319,-0.014724192393936675,-0.01289548112539279,-0.045311284514698284,-0.02743238157449064,-0.3958987816424036,16.438,16.459,16.7335,16.6398,0.027273336584440044,0.016310074692461013,10834326.7,0.018541409147095223,-0.016413373860182344
2024-04-19,16.08,16.21,15.99,16.08,10866833,-0.00619964787952545,-0.020923840273462037,-0.03543437298787645,-0.0515109323942237,0.03638554058298083,16.37,16.401,16.691,16.647000000000002,0.027185144247604376,0.01569124903052407,10736464.85,0.013681592039801037,0.0
2024-04-22,16.27,16.3,16.15,16.21,6317643,0.008052071996764566,-0.043458860397459165,-0.012871768276697526,-0.04876078739764332,-0.418630708689459,16.226,16.380000000000003,16.6505,16.6538,0.021185023241892184,0.015775737781680572,9917917.8,0.009253547193090815,-0.003687768899815533
2024-04-23,16.21,16.3,16.05,16.11,8544832,-0.0061881385587017595,-0.00803713754464883,-0.01905990683539929,-0.03176809601595327,0.35253479818343647,16.2,16.349,16.6245,16.6398,0.010804498190584176,0.015040238054220499,9835319.85,0.015518311607697084,-0.006169031462060544
2024-04-24,16.21,16.39,16.15,16.36,6684776,0.015399133985718023,-0.0036607728496812577,-0.009126926757435757,-0.03247429075442675,-0.21768198602383287,16.188,16.334,16.597500000000004,16.6302,0.012173942189008238,0.01499728008014584,9855185.3,0.01466992665036687,0.009253547193090596
2024-04-25,16.33,16.36,16.18,16.21,5144590,-0.009210995427016122,0.001852424117239065,-0.011043057008153606,-0.043458860397459165,-0.23040203590965502,16.194,16.316,16.561500000000002,16.6158,0.01075702125750288,0.015067291182783807,9814272.55,0.011104256631708803,-0.007348438456827768
2024-04-26,16.21,16.33,16.08,16.24,5446804,0.0018489989859470026,0.009901070982711537,-0.011022769290750434,-0.053937578436102,0.05874403985545981,16.226,16.298,16.5165,16.6116,0.010110851132057223,0.014714580501443083,9465122.75,0.015394088669950741,0.001850709438617988
2024-05-02,16.24,16.42,16.21,16.33,4801959,0.005526572248841748,0.007375571234788832,-0.03608328916267031,-0.053648143557464625,-0.11838960976014558,16.25,16.238,16.4715,16.6044,0.009789673270239014,0.014722934227971324,9030404.05,0.01285976729944892,0.0055418719211822575
2024-05-03,16.39,16.63,16.39,16.63,8722742,0.01820438622246253,0.03176809601595326,0.02373095847130448,-0.03370109061457102,0.8164965590085214,16.354,16.276999999999997,16.443,16.601999999999997,0.0110169738946222,0.01544772480898392,9157517.55,0.01443174984966918,0.014643075045759514
2024-05-06,16.63,16.75,16.54,16.69,7449978,0.00360144446890747,0.019970406499142872,0.01630963364946151,-0.028353937235640475,-0.14591329194420746,16.419999999999998,16.304,16.419,16.6026,0.009790440333295024,0.015492826224391017,9009277.55,0.012582384661473987,0.003607937462417455
2024-05-07,16.78,16.81,16.63,16.72,4305048,0.0017958699828117843,0.030977271908970632,0.0328296960262099,-0.012481588488488387,-0.4221395016200048,16.522,16.357999999999997,16.4085,16.602,0.006885469339152452,0.015214278791622307,8714255.8,0.010765550239234433,-0.0035756853396902424
2024-05-08,16.63,16.72,16.51,16.66,4040821,-0.003594970917858812,0.025533302005164845,0.03543437298787651,0.0,-0.06137608686360756,16.606,16.416,16.408499999999997,16.6008,0.008072672163833366,0.014797348375458845,8358210.9,0.01260504201680656,0.0018039687312087274
2024-05-09,16.69,16.81,16.63,16.69,4105414,0.0017991009350472283,0.021805830691370227,0.029181401926158927,0.01630963364946151,0.015985117875798014,16.678,16.464,16.422,16.604400000000002,0.008195379165130027,0.014399652512215652,7948805.85,0.010784901138406213,0.0
2024-05-10,16.69,16.75,16.6,16.75,4913057,0.0035885205973315896,0.007189965066239271,0.03895806108219239,0.019898154246793115,0.1967263228507527,16.702,16.528,16.438499999999998,16.6068,0.0029535779945377262,0.014411309004834415,7850738.55,0.00895522388059693,0.0035949670461353335
2024-05-13,16.93,16.93,16.72,16.75,5555670,0.0,0.0035885205973315896,0.023558927096474374,0.014432000339038758,0.13079697630212717,16.714,16.567,16.450499999999998,16.608,0.0027243216188575625,0.014373833269471057,7859775.35,0.012537313432835873,-0.010632014176018884
2024-05-14,16.75,16.87,16.72,16.78,4474265,0.0017894427679848513,0.0035820933825046557,0.03455936529147531,0.023516308283321817,-0.1946488902328612,16.726,16.624,16.47,16.605,0.0027236871595286752,0.014250179898619783,7827130.6,0.008939213349225395,0.0017910447761194709
2024-05-15,16.84,16.84,16.75,16.75,7807457,-0.001789442767984732,0.005387621532378821,0.03092092353754355,0.019898154246793115,0.7449697324588508,16.744,16.675,16.4865,16.6014,0.0020440867115006575,0.014264414402864039,7652999.2,0.005373134328358201,-0.005344418052256524
2024-05-16,16.93,17.17,16.81,17.08,30211993,0.01950993008934828,0.023098450686679834,0.04490428137805008,0.008820992215379828,2.8696329675590913,16.822,16.75,16.494,16.6068,0.008561708039047152,0.01323267555891303,8674966.75,0.021077283372365516,0.008860011813349
2024-05-17,17.08,17.17,17.05,17.08,8509864,0.0,0.01950993008934828,0.026699895155587464,0.050430853626891904,-0.718328281090228,16.887999999999998,16.794999999999998,16.535999999999998,16.6122,0.008816378345341276,0.008802860555173401,8287297.8,0.007025761124121839,0.0
2024-05-20,17.23,17.26,17.05,17.08,9339952,0.0,0.01950993008934828,0.023098450686679834,0.039408084336141534,0.09754421457264181,16.954,16.834,16.569,16.6158,0.008816378345341276,0.008584959236056374,7886450.85,0.012295081967213167,-0.008705745792222991
2024-05-21,17.08,17.11,16.84,17.05,10828854,-0.0017579846308978433,0.01596250269046561,0.019544596072970346,0.052374292099180146,0.15941216828523316,17.008,16.867,16.6125,16.623,0.009164737981047482,0.007702064579082411,7903627.6,0.01583577712609968,-0.0017564402810303038
2024-05-22,17.05,17.08,16.87,16.9,9288338,-0.008836581800498112,0.008915363657952329,0.014302985190331043,0.04973735817820749,-0.14226029827348305,17.038,16.891,16.6535,16.6284,0.010558365381771172,0.007881446583192772,7824702.85,0.012426035502958422,-0.008797653958944406
2024-05-23,16.93,17.23,16.93,17.2,10454272,0.01759576189037966,0.007001195458983561,0.03009964614566354,0.05928104807182259,0.12552665503774735,17.062,16.942,16.703,16.6452,0.00975939517607705,0.00850071168721907,8031534.3,0.01744186046511632,0.015948021264028327
2024-05-24,17.2,18.26,17.08,17.69,33867112,0.028090124352286642,0.03509131981127019,0.05460124990061851,0.09355931098281091,2.239547622254328,17.184,17.036,16.782,16.6754,0.015277119045241165,0.009898928201807454,9297648.3,0.06670435274166213,0.02848837209302337
2024-05-27,17.84,18.05,17.69,17.81,7541858,0.006760589129876284,0.04185190894114658,0.061361839030494705,0.08492076612696932,-0.7773102708019509,17.330000000000002,17.142000000000003,16.854499999999998,16.708,0.014792149264801316,0.009590152451503499,9340502.4,0.02021336327905668,-0.0016816143497758486
2024-05-28,17.96,17.96,17.72,17.93,10694176,0.006715190315471354,0.05032508388751563,0.06628758657798128,0.10084695186945673,0.4179763129987332,17.506,17.256999999999998,16.9405,16.7322,0.01379336464795375,0.009060533973884894,9617981.7,0.013385387618516565,-0.001670378619153738
2024-05-29,17.96,17.99,17.69,17.69,13456310,-0.013475779445347525,0.04568588624266637,0.05460124990061851,0.08552217343816214,0.25828394819759837,17.663999999999998,17.351,17.012999999999998,16.7564,0.01544038422684137,0.009949222011226527,10018457.0,0.016958733747879998,-0.01503340757238305
2024-05-30,17.63,17.78,17.45,17.78,13118384,0.005074721914064708,0.03316484626635131,0.04016604172533487,0.08507032310338486,-0.02511282810815149,17.78,17.421,17.085500000000003,16.7812,0.014724320536730577,0.009946745750460754,10434278.25,0.018560179977502915,0.008508224617130014
2024-05-31,18.0,18.21,17.74,17.74,11139289,-0.0022522532043252426,0.002822468709739283,0.03791378852100956,0.06461368367659719,-0.15086423754633194,17.79,17.487000000000002,17.141,16.8106,0.008683722690955483,0.009477374230945567,10555105.6,0.02649379932356271,-0.01444444444444453
2024-06-03,17.89,17.96,17.71,17.85,16257238,0.006181531344214722,0.0022434109240779166,0.04409531986522438,0.06719377055190448,0.4594502395978774,17.798,17.564,17.199,16.8428,0.008583714389452936,0.009500218882008053,10995468.6,0.014005602240896357,-0.0022358859698154918
2024-06-04,17.85,17.85,17.6,17.64,9735560,-0.01183445764700291,-0.016306237038396173,0.0340188468491195,0.053563442922089685,-0.4011553500047179,17.740000000000002,17.622999999999998,17.244999999999997,16.863,0.009185710682207594,0.010088962899296977,11266994.2,0.014172335600907028,-0.011764705882352988
2024-06-05,17.82,17.82,17.49,17.53,10801981,-0.006255351645502027,-0.009085809238550803,0.03660007700411546,0.05090306219444647,0.10953874250685117,17.708000000000002,17.686,17.288500000000003,16.875,0.007611015091049481,0.010193026298813771,11605052.2,0.0188248716486025,-0.01627384960718289
2024-06-06,17.56,17.64,17.49,17.53,8033240,0.0,-0.014160531152615412,0.019004315113735893,0.049103961259399406,-0.2563178920607248,17.658,17.719,17.3305,16.8852,0.006752104445257623,0.010207884696938264,11801443.5,0.008556759840273938,-0.00170842824601353
2024-06-07,17.67,17.74,17.49,17.71,5892570,0.010215752861599002,-0.0016925250866911782,0.0011299436230482118,0.05573119352366675,-0.2664765399763981,17.652000000000005,17.721,17.378500000000003,16.9068,0.008960801025334867,0.010353141069705283,11850419.15,0.01411631846414455,0.002263723825693217
2024-06-10,17.71,17.78,17.49,17.56,7679882,-0.00850586358777173,-0.01637992001867765,-0.014136509094599691,0.04722532993589519,0.3033162100747212,17.594,17.695999999999998,17.419,16.92,0.008692450430502907,0.010644246018512686,11956629.75,0.016514806378132272,-0.00846979107848685
2024-06-11,17.56,17.6,17.35,17.38,9213280,-0.010303468369724554,-0.014848930741399357,-0.031155167779795576,0.035132418798185835,0.19966426567491533,17.542,17.641000000000002,17.449,16.929000000000002,0.008335227317315501,0.011015434374269713,12193580.5,0.014384349827387804,-0.010250569476081989
2024-06-12,17.38,17.67,17.2,17.67,10400953,0.016548166494359258,0.007954587398461917,-0.0011312218400888262,0.05347002806052966,0.12890881423336747,17.57,17.639000000000003,17.494999999999997,16.9396,0.011662541581255587,0.01145898395197093,12323255.3,0.026598754951896002,0.01668584579977001
2024-06-13,17.67,17.92,17.56,17.85,11727801,0.01013522189404293,0.018089809292504932,0.003929278139889557,0.04409531986522438,0.12756984864752297,17.634,17.646,17.5335,16.952,0.012185945587721793,0.010912753608575606,11399045.7,0.02016806722689092,0.010186757215619678
2024-06-14,17.78,17.92,17.71,17.71,11049165,-0.007874056430905996,0.0,-0.0016925250866911782,0.03622126343431857,-0.05786557940401615,17.634000000000004,17.643,17.565,16.9622,0.01242051204322236,0.011136231208955839,11526010.75,0.01185770750988147,-0.003937007874015764
2024-06-17,17.71,17.71,17.46,17.67,6375848,-0.002261165463137066,0.00624469812463456,-0.010135221894043018,0.03396009797118142,-0.42295657635667494,17.656,17.625000000000004,17.5945,16.9722,0.011640880342650928,0.011167020801465982,11377805.55,0.014148273910582907,-0.00225861095426308
2024-06-18,17.78,17.78,17.56,17.67,5729760,0.0,0.016548166494359258,0.0016992357529598428,0.035718082602079246,-0.10133365789146792,17.714000000000006,17.628,17.625500000000002,16.987000000000002,0.009860398169322456,0.011145283518711534,11122850.85,0.012450481041313095,-0.006186726659167571
2024-06-19,17.67,17.78,17.46,17.74,7618993,0.003953690549828108,0.003953690549828108,0.011908277948290219,0.04850835495240559,0.32972288542626565,17.728,17.649,17.6675,17.008599999999998,0.006751697785396675,0.010867169502227488,11039383.6,0.01803833145434049,0.003961516694963029
2024-06-20,17.67,17.89,17.56,17.85,10178313,0.006181531344214722,0.0,0.018089809292504932,0.03709412440624079,0.335913158077452,17.728,17.681,17.7,17.0372,0.005499014290127433,0.010314187729340382,11025585.65,0.018487394957983294,0.010186757215619678
2024-06-21,17.89,17.89,17.64,17.67,5126289,-0.010135221894043018,-0.002261165463137066,-0.002261165463137066,-0.0011312218400888262,-0.4963518021110178,17.720000000000002,17.677,17.699,17.0622,0.006337507731083305,0.008595192226045259,9588544.5,0.014148273910582907,-0.012297372833985402
2024-06-24,17.71,17.71,17.2,17.35,14225312,-0.018275779938736893,-0.018275779938736893,-0.01203108181410225,-0.026167590908701983,1.7749726946725009,17.656000000000002,17.656,17.676000000000002,17.078999999999997,0.010292825504448757,0.0093408966888431,9922717.2,0.029394812680115363,-0.02032749858836812
2024-06-25,17.28,17.42,17.2,17.31,6708386,-0.0023081372047504657,-0.02058391714348734,-0.0040357506491281265,-0.03519091842892365,-0.5284190603341424,17.584000000000003,17.649,17.645000000000003,17.0974,0.010138513479498772,0.009148901251743188,9723427.7,0.01270941652224162,0.0017361111111109712
2024-06-26,17.28,17.35,16.99,17.35,10145262,0.0023081372047503686,-0.022229470488565058,-0.018275779938736893,-0.01940700177882571,0.512325319383828,17.506,17.617,17.628,17.116,0.009833149394289439,0.008757447371888402,9557875.3,0.02074927953890507,0.004050925925925942
2024-06-27,17.28,17.35,17.13,17.24,4904878,-0.006360241157321384,-0.034771242990101266,-0.034771242990101266,-0.030841964850211685,-0.5165351077182629,17.384,17.556,17.601,17.1222,0.007842618339663382,0.008715186129430641,9147200.0,0.012761020881670675,-0.002314814814814971
2024-06-28,17.13,17.28,17.1,17.13,5755042,-0.006400952899518439,-0.031036973995576672,-0.033298139458713745,-0.03499066454540486,0.17333030505549782,17.276,17.498,17.570500000000003,17.14,0.007639130214261558,0.00878209446062623,8877987.65,0.010507880910682997,0.0
2024-07-01,17.13,17.17,16.99,17.13,3938961,0.0,-0.012761194056839772,-0.031036973995576672,-0.04117219588961962,-0.31556346591388906,17.232,17.444,17.5345,17.1542,0.003857144201407175,0.008595062823873028,8262073.8,0.010507880910683203,0.0
2024-07-02,17.13,17.35,17.06,17.31,5701649,0.01045305685208922,0.0,-0.02058391714348734,-0.018884681390527437,0.4475007495631462,17.232,17.408,17.518,17.1768,0.007000335001093134,0.008705004398233534,8060378.25,0.01675332177931847,0.010507880910682997
2024-07-03,17.38,17.56,17.24,17.46,5854818,0.008628181223338409,0.006320044018587837,-0.015909426469977152,-0.0040011485216869935,0.026863982682904543,17.253999999999998,17.38,17.514499999999998,17.2044,0.008017920289850076,0.00886184047948334,7813020.1,0.01832760595647195,0.004602991944764203
2024-07-04,17.49,17.53,17.24,17.38,6394551,-0.004592430574210262,0.008087854601698906,-0.026683388388402236,-0.008593579095897266,0.09218612773274934,17.282,17.333,17.506999999999998,17.2278,0.007627120147292613,0.008915717980245189,7731085.65,0.01668584579977001,-0.006289308176100597
2024-07-05,17.38,17.49,17.28,17.49,6357111,0.006309169193264756,0.020797976694482134,-0.010238997301094538,-0.012500162764231607,-0.005854984970797793,17.354000000000003,17.314999999999998,17.496,17.2554,0.00628682702854024,0.00871065379433143,7754312.7,0.012006861063464684,0.006329113924050601
2024-07-08,17.49,17.53,17.35,17.46,4959392,-0.0017167386190543629,0.01908123807542771,0.006320044018587837,-0.005711037795514282,-0.219867011917835,17.419999999999998,17.326,17.491000000000003,17.2774,0.006609394931684413,0.008517516573148125,7618288.2,0.010309278350515446,-0.0017152658662091245
2024-07-09,17.38,17.56,17.31,17.49,8004908,0.0017167386190543275,0.01034491984239273,0.01034491984239273,0.006309169193264756,0.6140905982023603,17.455999999999996,17.344,17.496499999999997,17.303,0.00547340057400719,0.008191265986541215,7557869.6,0.014293882218410521,0.006329113924050601
2024-07-10,17.64,17.64,17.46,17.46,6484698,-0.0017167386190543629,0.0,0.006320044018587837,-0.011955735920148884,-0.18990974037428038,17.456,17.354999999999997,17.486,17.3274,0.004175452339168118,0.007250366987699151,7362056.85,0.010309278350515446,-0.010204081632653045
2024-07-11,17.53,17.53,17.38,17.38,5001133,-0.004592430574210262,0.0,0.008087854601698906,-0.026683388388402236,-0.2287793510198933,17.456,17.369,17.4625,17.3484,0.004175452339168118,0.006839140926672274,7025723.45,0.008630609896432804,-0.008556759840273938
2024-07-12,17.35,17.38,17.13,17.28,7160694,-0.005770356461336255,-0.012079525654601013,0.00871845103988125,-0.024579688418832565,0.4318143508680933,17.413999999999998,17.383999999999997,17.441,17.3614,0.0029174483166059997,0.006748845824726175,6831299.9,0.014467592592592591,-0.004034582132564858
2024-07-15,17.28,17.31,17.2,17.24,4490958,-0.0023174981403627014,-0.012680285175909287,0.006400952899518533,-0.024636021096058225,-0.3728320187959435,17.369999999999997,17.395,17.4195,17.3724,0.0028937297059442213,0.006749311017849111,6737055.4,0.0063805104408352345,-0.002314814814814971
2024-07-16,17.28,17.49,17.24,17.35,7002765,0.006360241157321322,-0.008036782637642308,0.0023081372047503686,-0.018275779938736893,0.5593031598157898,17.342000000000002,17.398999999999997,17.4035,17.385,0.004749739833215162,0.006957048386653894,6800705.65,0.01440922190201729,0.004050925925925942
2024-07-17,17.49,18.14,17.42,17.64,28924392,0.016576544185776896,0.010256500167189061,0.010256500167189061,-0.0056529263027881,3.13042448232948,17.378,17.417,17.3985,17.404600000000002,0.009406826716364263,0.00792684479222033,7865975.6,0.04081632653061218,0.008576329331046436
2024-07-18,17.64,18.07,17.64,17.85,10670220,0.011834457647002798,0.026683388388402264,0.026683388388402264,0.0,-0.6310995923440672,17.472,17.464000000000002,17.398500000000002,17.4278,0.009374913875140781,0.008263118232838498,7890570.95,0.02408963585434172,0.011904761904761953
2024-07-19,17.85,18.21,17.74,18.07,17087130,0.012249596378488999,0.04470334122822753,0.032623815573626556,0.022384818272532088,0.6013849761298268,17.630000000000003,17.522,17.4185,17.4542,0.0072635139256773,0.008333758928874082,8488613.0,0.026009961261759956,0.012324929971988731
2024-07-22,18.07,18.14,17.74,17.82,15163392,-0.013931682561473839,0.03308915680711638,0.020408871631207033,0.02672891564979508,-0.11258403254379173,17.746000000000002,17.558,17.442,17.4756,0.012046314823519701,0.007843868286743204,8535517.0,0.0224466891133559,-0.01383508577753182
2024-07-23,17.85,17.92,17.28,17.28,15116634,-0.03077165866675366,-0.0040427430169587076,-0.012079525654601013,-0.0017346058122081963,-0.0030836108438006484,17.732,17.537,17.440499999999997,17.485599999999998,0.020631328230716638,0.010628011419103977,8955929.4,0.03703703703703707,-0.03193277310924371
2024-07-24,17.28,17.56,17.13,17.42,12261810,0.008069208048447183,-0.012550079154288445,-0.002293578987099401,0.0040264650314886085,-0.18885315342026537,17.688,17.533,17.444,17.499000000000002,0.019135732129349166,0.010773413549773339,9061756.8,0.02468427095292765,0.008101851851851884
2024-07-25,17.38,17.38,17.13,17.31,7164193,-0.006334602236239008,-0.030719139037530315,-0.0040357506491281265,0.004052103952570829,-0.41573120118481693,17.580000000000002,17.526000000000003,17.447499999999998,17.503600000000002,0.017374878207571994,0.010772593179469743,9174722.55,0.014442518775274409,-0.004027617951668601
2024-07-26,17.35,17.38,17.28,17.35,3453662,0.0023081372047503686,-0.04066059821126887,0.004042743016958751,0.012761194056839727,-0.5179272808535449,17.436,17.533,17.4585,17.509,0.015173139985626544,0.010667117169293305,9059653.55,0.005763688760806793,0.0
2024-07-29,17.49,17.49,17.31,17.38,4109383,0.0017276134443775892,-0.025001302205417384,0.008087854601698906,0.014488807501217378,0.1898625285276903,17.348000000000003,17.547,17.471,17.515,0.01529242789994058,0.010668673177815731,9068174.65,0.010356731875719201,-0.006289308176100597
2024-07-30,17.28,17.38,17.24,17.38,5494866,0.0,0.00577035646133636,0.0017276134443775892,0.004035750649128134,0.33715110029899864,17.368000000000002,17.55,17.4745,17.5216,0.005169430501793152,0.01042013909278847,9057835.5,0.008055235903337203,0.0057870370370369136
2024-07-31,17.42,17.67,17.35,17.67,8556266,0.016548166494359258,0.014249314907248291,0.0016992357529598428,0.011955735920148841,0.557138245045466,17.418,17.553,17.485000000000003,17.537,0.00839155155975907,0.010896813541354421,9192907.9,0.018109790605546138,0.014351320321469574
2024-08-01,17.64,17.71,17.24,17.24,9183311,-0.024636021096058225,-0.004052103952570886,-0.034771242990101266,-0.008087854601699005,0.07328488852497106,17.404,17.492,17.478,17.5378,0.014881226310784475,0.012238398996770794,9332345.9,0.0272621809744781,-0.02267573696145137
2024-08-02,17.2,17.28,17.02,17.24,13718492,0.0,-0.006360241157321384,-0.047020839368590216,-0.01439702379496369,0.49385031172308114,17.381999999999998,17.409,17.4655,17.5288,0.014795856383357932,0.012137135552694378,9700414.95,0.015081206496519813,0.0023255813953487877
2024-08-05,16.99,17.17,16.66,16.7,20100624,-0.031823545812837604,-0.03991140041453659,-0.06491270261995388,-0.044503830988746794,0.465221104477081,17.246,17.296999999999997,17.4275,17.506600000000002,0.01984269034973808,0.013992509597251984,10457476.55,0.03053892215568872,-0.01706886403766917
2024-08-06,16.92,17.02,16.74,16.92,8029731,0.013087634755367922,-0.026823765659168615,-0.021053409197832267,-0.033132934852433266,-0.6005232971871918,17.154,17.261000000000003,17.398999999999997,17.4864,0.021914017891149974,0.01438657112104223,10458717.7,0.01654846335697406,0.0
2024-08-07,16.99,16.99,16.77,16.84,4407675,-0.0047393453638966705,-0.04811127751742448,-0.033861962610176204,-0.036155541597275576,-0.45108061527839477,16.988,17.203,17.368000000000002,17.4694,0.018374439968633655,0.014403102290048889,10354866.55,0.013064133016627011,-0.008828722778104686
2024-08-08,16.74,16.92,16.74,16.74,3655058,-0.005955943752851538,-0.02943120017421781,-0.03348330412678868,-0.03751905477591676,-0.17075147328239945,16.887999999999998,17.145999999999997,17.336000000000002,17.448600000000003,0.016345640116848796,0.014420193788807548,10287562.8,0.010752688172043208,0.0
2024-08-09,16.84,16.99,16.77,16.99,3012436,0.014823870622511332,-0.0146073295517064,-0.02096757070902769,-0.016924827692069055,-0.17581718265483065,16.838,17.11,17.3215,17.433600000000002,0.018835015509441767,0.014856169017606587,10080149.9,0.012948793407886927,0.008907363420427469
2024-08-12,16.99,17.13,16.77,17.13,4203077,0.008206376652187949,0.025422592913319022,-0.014488807501217425,-0.006400952899518439,0.3952419238118254,16.924,17.085,17.316,17.4192,0.009836805323104356,0.014987112181998578,10065755.85,0.021015761821365993,0.008240141259564484
2024-08-13,16.95,17.13,16.92,16.99,2854856,-0.008206376652187899,0.004128581505763303,-0.022695184153405375,-0.02096757070902769,-0.32076999778971454,16.938,17.046,17.298,17.4062,0.010111404442059432,0.014999325789353039,9858360.4,0.012360211889346516,0.0023598820058996547
2024-08-14,17.06,17.13,16.95,16.95,3321023,-0.0023571018573813125,0.006510825012278565,-0.041600452505145935,-0.03990121675218608,0.16328914663296504,16.96,16.973999999999997,17.2635,17.3946,0.009835997692573211,0.014414478132378578,8578191.95,0.010619469026548657,-0.006447831184056239
2024-08-15,16.95,16.99,16.88,16.92,2660430,-0.0017714796483818932,0.010695289116748169,-0.018735911057469593,-0.05350715404757078,-0.19891250376766437,16.996000000000002,16.942,17.217,17.3824,0.009222968654406487,0.014043737595352516,8177702.45,0.006501182033096893,-0.0017699115044246363
2024-08-16,16.92,17.28,16.92,17.28,6524010,0.021053409197832263,0.01692482769206896,0.002317498140362704,-0.04470334122822746,1.4522389237829976,17.054000000000002,16.946,17.177500000000002,17.373800000000003,0.01150368837803764,0.014660597955019774,7649546.45,0.020833333333333297,0.021276595744680816
2024-08-19,17.28,17.38,17.24,17.31,3843540,0.0017346058122081499,0.01045305685208922,0.03587564976540843,-0.029037052854545404,-0.41086233773400105,17.089999999999996,17.006999999999998,17.152,17.3688,0.011185261549610796,0.014419300858718252,7083553.85,0.008087810514153701,0.0017361111111109712
2024-08-20,17.31,17.49,17.28,17.35,5422431,0.0023081372047503686,0.02096757070902774,0.025096152214790987,0.004042743016958751,0.4107908334504129,17.162,17.05,17.155499999999996,17.368199999999998,0.009648168978544244,0.012670274706140083,6598843.7,0.012103746397694367,0.0023108030040440613
2024-08-21,17.31,17.56,17.31,17.56,6563393,0.012031081814102174,0.035355754380511376,0.04186657939278986,0.008004616782613598,0.21041521782388747,17.284,17.122,17.1625,17.366,0.00934694588796701,0.012829714003055437,6313922.85,0.014236902050113897,0.014442518775274409
2024-08-22,17.64,17.67,17.49,17.56,6795952,0.0,0.037127234028893216,0.047822523145641324,0.014339219018852668,0.03543274035243661,17.412,17.204,17.175,17.3602,0.008953253903211257,0.012732522624946402,6295510.8,0.010250569476082192,-0.004535147392290354
2024-08-23,17.56,17.64,17.46,17.6,3899558,0.0022753138371356054,0.018349138668196617,0.03527396636026555,0.01430639565123793,-0.42619400490174153,17.476,17.265,17.1875,17.358,0.004767655592161091,0.01273230884813,6317805.6,0.01022727272727271,0.002277904328018377
2024-08-26,17.67,17.67,17.56,17.6,4928433,0.0,0.016614532855988438,0.02706758970807778,0.012578782206860185,0.26384400488465615,17.534,17.312,17.1985,17.3566,0.00500107337544928,0.012730939922719835,6358758.1,0.0062500000000001695,-0.00396151669496323
2024-08-27,17.6,17.64,17.56,17.6,4159515,0.0,0.01430639565123793,0.03527396636026555,0.012578782206860185,-0.15601672986119522,17.584,17.372999999999998,17.2095,17.3552,0.005219899217636977,0.012730939922719835,6291990.55,0.00454545454545465,0.0
2024-08-28,17.64,17.67,17.56,17.64,5228038,0.0022701485345390775,0.004545462371674638,0.03990121675218612,-0.0016992357529598016,0.2568864398854193,17.6,17.442,17.208,17.3532,0.0012448274771917774,0.012179660510844648,6125579.15,0.006235827664399262,0.0
2024-08-29,17.67,17.92,17.67,17.74,8594985,0.00565292630278801,0.010198388674462766,0.04732562270335612,0.028589711645886424,0.6440173158649574,17.636,17.524,17.232999999999997,17.351,0.002317583703991069,0.010767485908184124,6096162.85,0.014092446448703496,0.003961516694963029
2024-08-30,17.74,17.85,17.74,17.85,4489249,0.006181531344214722,0.014104606181541945,0.03245374484973857,0.03477124299010123,-0.47768972255332615,17.686,17.581,17.2635,17.3546,0.0029804570457344615,0.01081291685239988,5634700.7,0.006162464985994564,0.006200676437429707
2024-09-04,17.64,17.78,17.6,17.74,5639763,-0.006181531344214853,0.007923074837327206,0.02453760769331563,0.06041325745872388,0.25628206410470883,17.714000000000002,17.624,17.3155,17.3624,0.005024360324884247,0.007694500397769491,4911657.65,0.010146561443066502,0.005668934240362691
2024-09-05,17.74,17.78,17.6,17.64,3540918,-0.0056529263027881,0.0022701485345390775,0.016576544185776896,0.04167269640056787,-0.3721512765696005,17.722,17.653,17.3515,17.369,0.006009506439459895,0.007543656051778202,4687217.0,0.010204081632653045,-0.005636978579481278
2024-09-06,17.64,17.71,17.6,17.71,5008937,0.003960401216096914,0.003960401216096914,0.00850586358777159,0.050372442980561614,0.4145871211928658,17.736,17.668,17.395,17.3762,0.006182265630869351,0.00737853608327075,4717280.1,0.00621118012422357,0.0039682539682539845
2024-09-09,17.67,17.71,17.49,17.6,4691162,-0.006230549750636086,-0.007923074837327211,0.0022753138371356054,0.05009783698277691,-0.06344160447615932,17.708000000000002,17.672,17.438,17.3834,0.006130410677838506,0.00739537220582935,4769085.3,0.012500000000000136,-0.00396151669496323
2024-09-10,17.6,17.67,17.35,17.46,6138609,-0.007986351632649933,-0.022090957814191972,-0.007986351632649933,0.027287614727615535,0.30854764768302606,17.630000000000003,17.658,17.4615,17.39,0.004765793808552282,0.007150387221760465,4925393.95,0.01832760595647195,-0.007954545454545487
2024-09-11,17.38,17.46,17.35,17.38,3589050,-0.004592430574210262,-0.02050185704418747,-0.012578782206860298,0.014488807501217378,-0.41533171439979316,17.558,17.636000000000003,17.474,17.395,0.004670843240240312,0.007078183422015958,4894692.6,0.006329113924050601,0.0
2024-09-12,17.46,17.64,17.42,17.6,2621199,0.012578782206860185,-0.0022701485345390745,0.0,0.03527396636026555,-0.269667739373929,17.55,17.636000000000003,17.5045,17.4008,0.008610630143908612,0.0072223254623915885,4883009.75,0.012499999999999935,0.008018327605956504
2024-09-13,17.56,17.6,17.46,17.56,2374108,-0.002275313837135651,-0.00850586358777173,-0.004545462371674722,0.035355754380511376,-0.09426640251274321,17.52,17.628,17.535000000000004,17.4028,0.008255677636705042,0.007219892138170048,4835664.0,0.007972665148063815,0.0
2024-09-16,17.56,17.67,17.38,17.38,3717063,-0.010303468369724554,-0.012578782206860298,-0.02050185704418747,0.026823765659168528,0.5656671895297097,17.476,17.592000000000002,17.558,17.4028,0.00898319756446391,0.0076775786881244715,4888495.65,0.01668584579977001,-0.010250569476081989
2024-09-17,17.38,17.64,17.35,17.64,4081633,0.014848930741399442,0.010256500167189061,-0.01183445764700291,0.02061928720273561,0.09808012401188788,17.511999999999997,17.570999999999998,17.576,17.4058,0.011069172043528419,0.006927906006319209,4766376.8,0.016439909297052104,0.014959723820483405
2024-09-18,17.64,17.82,17.53,17.74,8725286,0.00565292630278801,0.020501857044187364,0.0,0.02453760769331563,1.1376948882959346,17.583999999999996,17.571,17.5975,17.4114,0.010463572129136725,0.007003839210891411,5010464.1,0.016347237880496007,0.005668934240362691
2024-09-19,17.82,17.89,17.71,17.85,5224618,0.006181531344214722,0.014104606181541945,0.011834457647002798,0.028411001832779944,-0.4012095420138664,17.634,17.592,17.6225,17.4186,0.009515883827885546,0.007088355168348402,5000573.45,0.010084033613445361,0.0016835016835017472
2024-09-20,17.92,18.57,17.92,18.46,34336295,0.033602720849057896,0.04998264086773561,0.04147677727996393,0.04998264086773561,5.572020193629467,17.814,17.666999999999998,17.6675,17.438599999999997,0.01601802953697942,0.009879518290925583,6389218.55,0.03521126760563372,0.03013392857142852
2024-09-23,18.5,18.72,18.43,18.46,8585132,0.0,0.06028610923746028,0.04770732703059997,0.04998264086773561,-0.7499691798430785,18.03,17.753,17.7125,17.4602,0.013161663124095278,0.009879518290925583,6478677.55,0.015709642470205804,-0.0021621621621621162
2024-09-24,18.46,18.57,18.28,18.57,12786286,0.0059411462899082,0.05137832478596918,0.06163482495315827,0.05364847332050817,0.4893522895163406,18.216,17.863999999999997,17.761,17.486,0.0132915435679945,0.009909108522914786,6923013.95,0.015616585891222355,0.005958829902491843
2024-09-25,18.72,18.86,18.57,18.86,23028936,0.01549590184069689,0.06122130032387813,0.08172315736806543,0.0691443751612053,0.8010652976165245,18.439999999999998,18.012,17.824,17.5184,0.01316401200854587,0.010286940827484164,7828039.1,0.015376458112407166,0.007478632478632509
2024-09-26,18.93,18.97,18.72,18.72,18186603,-0.007450806155865527,0.04758896282379774,0.06169356900533975,0.06169356900533975,-0.21027167733672106,18.613999999999997,18.124000000000002,17.880000000000003,17.5458,0.015867700506041065,0.01055027762303258,8529393.5,0.013354700854700856,-0.011093502377179126
2024-09-27,18.72,19.0,18.64,18.64,10816416,-0.004282661792000736,0.00970358018273898,0.059686221050474574,0.05514075867879987,-0.40525363642676976,18.65,18.232,17.93,17.5658,0.009089059409793182,0.010677881905186605,8808812.4,0.019313304721030013,-0.004273504273504183
2024-09-30,18.5,18.68,18.5,18.54,8463727,-0.005379249119736084,0.004324331063002803,0.06461044030046308,0.04410858325627563,-0.2175109574187975,18.666,18.348,17.97,17.5796,0.009675642753265273,0.010804613124149768,8802249.5,0.009708737864077655,0.0021621621621621162
2024-10-01,18.54,18.82,18.54,18.54,10417047,0.0,-0.0016168152269053946,0.0497615095590638,0.03792705191206088,0.23078721702625804,18.659999999999997,18.438,18.0045,17.589000000000002,0.009251921166034491,0.010773255367943903,9098639.4,0.01510248112189866,0.0
2024-10-02,18.5,18.79,18.43,18.57,10118989,0.0016168152269054777,-0.015495901840696975,0.0457253984831811,0.0457253984831811,-0.028612523299549285,18.602,18.521,18.046,17.604,0.0037875296103065427,0.010605318464582006,9322600.7,0.019386106623586398,0.0037837837837837993
2024-10-03,18.68,18.93,18.5,18.5,14808112,-0.0037766432803352915,-0.011821738965166811,0.035767223858630924,0.04760168150563391,0.4633983691453761,18.558,18.586000000000002,18.089,17.6284,0.0030084853593464766,0.010539486836766518,9885960.4,0.023243243243243228,-0.009635974304068507
2024-10-04,18.5,18.54,18.28,18.28,8670214,-0.011963166058275174,-0.019502243231441122,-0.0097986630487021,0.03167811423126169,-0.4144956494116198,18.486,18.568,18.1175,17.6456,0.0053118568072582206,0.011004994787670088,10069024.25,0.014223194748358753,-0.011891891891891831
2024-10-07,18.36,18.5,18.25,18.32,6775964,0.0021857932199802256,-0.01193720089172482,-0.0076128698287219404,0.040094457201877994,-0.21847788301419088,18.442,18.554,18.1535,17.6658,0.005836797218024873,0.010850280394651008,10173264.35,0.013646288209606987,-0.0021786492374727207
2024-10-08,18.36,18.46,18.25,18.36,6528035,0.002181025946360146,-0.009756174945364685,-0.011372990172270024,0.05026183478088808,-0.036589480109398456,18.406,18.533,18.198500000000003,17.686,0.006133768098588232,0.010592658438563588,10192735.65,0.011437908496732072,0.0
2024-10-09,18.43,18.9,18.39,18.9,20014266,0.028987536873252187,0.017614546700982087,0.002118644860285155,0.08384180222835079,2.065894407735253,18.472,18.537,18.2745,17.7164,0.015371546650109211,0.011977854412594241,11013996.45,0.02698412698412688,0.025501899077590824
2024-10-10,19.0,19.08,18.75,18.86,9087762,-0.0021186448602852144,0.019272545121032325,0.007450806155865421,0.0691443751612053,-0.545935784005269,18.544,18.551,18.3375,17.746,0.015191540896587958,0.011886744018169703,11337324.6,0.017497348886532253,-0.007368421052631609
2024-10-11,18.79,18.82,18.64,18.79,6565661,-0.0037184637799374727,0.027517247399369803,0.008015004167928845,0.06770122521840341,-0.27752718436068197,18.645999999999997,18.566,18.398999999999997,17.7684,0.013385511833662513,0.011927684161248885,11546902.25,0.009579563597658314,0.0
2024-10-14,18.82,18.9,18.68,18.68,9033561,-0.005871380624677407,0.019460073554712343,0.007522872662987415,0.0721333129634506,0.37587989998265214,18.718,18.580000000000002,18.464,17.7972,0.014336003757781187,0.011698958663517337,11812727.15,0.0117773019271948,-0.007438894792773675
2024-10-15,18.68,18.86,18.57,18.61,7115715,-0.0037543621465372014,0.013524685461815083,0.003768510516450268,0.05353002007551408,-0.21230232463144932,18.767999999999997,18.586999999999996,18.5125,17.8246,0.014752778086718758,0.011495855369510677,11964431.25,0.015583019881783941,-0.0037473233404711074
2024-10-16,18.54,18.61,18.43,18.54,5401467,-0.003768510516450269,-0.019231361927887533,-0.0016168152269053946,0.04410858325627563,-0.24091015449606962,18.695999999999998,18.584,18.552500000000002,17.8614,0.0013338468508640824,0.011560322375776599,11798240.3,0.009708737864077655,0.0
2024-10-17,18.64,18.82,18.54,18.82,9200056,0.014989574019524596,-0.0021231430480778664,0.017149402072954487,0.05291662593158552,0.7032513574552988,18.688,18.616,18.601000000000003,17.8994,0.008665777114154215,0.011883039451644963,11997012.2,0.01487778958554735,0.009656652360515007
2024-10-18,18.9,19.08,18.68,18.79,11497656,-0.0015953207318596587,0.0,0.027517247399369803,0.017718584350667692,0.24973761029280692,18.688,18.666999999999998,18.6175,17.938399999999998,0.008514728336889417,0.009405035489972022,10855080.25,0.021287919105907323,-0.0058201058201057905
2024-10-21,18.72,18.79,18.57,18.57,5537752,-0.011777438060759454,-0.00590605743608207,0.013554016118630125,0.0059411462899082,-0.5183581766579205,18.666,18.692,18.622999999999998,17.975,0.009839474434028963,0.009822851329714324,10702711.25,0.011847065158858312,-0.008012820512820438
2024-10-22,18.57,18.61,18.28,18.28,12123912,-0.015739809338610463,-0.0178915046281554,-0.0043668191663404025,-0.015739809338610463,1.1893201429027518,18.6,18.683999999999997,18.6085,18.000799999999998,0.011872894621320183,0.010349426418143008,10669592.55,0.01805251641137846,-0.015616585891222355
2024-10-23,18.28,18.39,18.1,18.28,7707474,0.0,-0.014122994111705013,-0.033354356039592664,-0.031235711179307415,-0.3642749963873047,18.548000000000002,18.622,18.5795,18.023799999999998,0.011976959445945665,0.009620653604853395,9903519.45,0.015864332603938682,0.0
2024-10-24,18.28,18.32,18.0,18.0,8933983,-0.015435808129839362,-0.044548376261068875,-0.046671519309146724,-0.03922071315328127,0.1591324213354466,18.384,18.535999999999998,18.543499999999998,18.044,0.00758859836613473,0.010034683184853323,9440888.45,0.017777777777777795,-0.015317286652078837
2024-10-25,18.0,18.07,17.89,17.92,9226582,-0.004454350349380197,-0.04740740587858936,-0.04740740587858936,-0.0393924017106606,0.03275123760589202,18.21,18.449,18.5075,18.063399999999998,0.006983241162233031,0.010036847015355701,9361396.75,0.01004464285714284,-0.00444444444444435
2024-10-28,17.92,18.1,17.82,18.1,5000754,0.009994530724995588,-0.02563543709283429,-0.0315414945289164,-0.024018621865928895,-0.4580057923941932,18.116000000000003,18.391,18.485500000000002,18.087,0.010889243833903365,0.0103459255680015,9188248.1,0.01546961325966857,0.01004464285714284
2024-10-29,18.21,18.21,18.07,18.14,4181333,0.00220750641521052,-0.007688121339013401,-0.025579625967168753,-0.02181111545071848,-0.16385948998890967,18.088,18.344,18.4655,18.1042,0.009368133441321877,0.010371156606676056,8876462.4,0.007717750826901905,-0.0038440417353102843
2024-10-30,18.14,18.18,17.96,18.07,3876354,-0.0038663400828534617,-0.011554461421866873,-0.02567745553357187,-0.02729427076047729,-0.0729382232890803,18.046,18.297,18.4405,18.1194,0.009369052894086051,0.010368293695698718,8564330.65,0.012174875484227939,-0.0038588754134509526
2024-10-31,18.07,18.32,18.03,18.28,5077809,0.011554461421866787,0.015435808129839248,-0.029112568131229602,-0.011963166058275174,0.30994460258273626,18.102,18.243000000000002,18.4295,18.137999999999998,0.007506768543830358,0.010740636820868125,8077815.5,0.015864332603938682,0.011621472053126776
2024-11-01,18.21,18.28,17.92,17.92,7860339,-0.01989015847921946,0.0,-0.04740740587858936,-0.01989015847921946,0.5479784686663086,18.102,18.156,18.411499999999997,18.145200000000003,0.012736132632202829,0.011313104455776853,8037321.75,0.02008928571428568,-0.015925315760571067
2024-11-04,18.0,18.03,17.74,17.82,9123996,-0.005595985504121225,-0.015590516229116861,-0.04122595332195122,-0.027671937203320996,0.16076367698645058,18.046,18.081000000000003,18.3865,18.1504,0.011528745246032075,0.011331771340764503,8154723.35,0.016273849607183092,-0.009999999999999985
2024-11-05,17.85,17.92,17.82,17.82,3068254,0.0,-0.017798022644327328,-0.025486143983340766,-0.02985296314968116,-0.6637159858465523,17.982000000000003,18.035000000000004,18.3595,18.1548,0.011314080833931076,0.011306127247689013,7981734.3,0.005611672278339024,-0.0016806722689076267
2024-11-06,17.92,18.14,17.85,18.07,6246056,0.013931682561473976,0.0,-0.011554461421866873,-0.044908817461459444,1.0357036933708879,17.982,18.014000000000003,18.318,18.164199999999997,0.01373436216059836,0.009531874821507219,7293323.8,0.016048699501936863,0.008370535714285634
2024-11-07,18.14,18.21,17.92,18.07,4846687,0.0,-0.011554461421866873,0.003881346707972375,-0.042790172601174306,-0.22404041846566858,17.94,18.021,18.2785,18.1736,0.012189381868398968,0.00954512167860517,7081270.05,0.016048699501936863,-0.0038588754134509526
2024-11-08,18.07,18.14,17.82,17.92,8226830,-0.008335697057352669,0.0,0.0,-0.04740740587858936,0.6974130988858988,17.94,18.021,18.235000000000003,18.1792,0.008586190630716108,0.00964067948804355,7164328.5,0.01785714285714287,-0.008301051466519013
2024-11-11,17.92,18.0,17.74,17.89,6748424,-0.001675510026156684,0.003920475477964578,-0.011670040751152364,-0.043211535280068755,-0.17970542724232785,17.954,18.0,18.195500000000003,18.1822,0.008113398373658553,0.009606074859127968,7050071.65,0.014533258803801094,-0.001674107142857206
2024-11-12,17.85,17.96,17.74,17.89,4147541,0.0,0.003920475477964578,-0.013877547166362745,-0.039457173133531476,-0.3854059851603871,17.968,17.975,18.1595,18.183,0.008113398373658553,0.009609972857553661,6901662.95,0.012297372833985602,0.0022408963585433695
2024-11-13,17.85,17.92,17.71,17.92,6394310,0.00167551002615659,-0.008335697057352669,-0.008335697057352669,-0.034013152590924536,0.5417111006256479,17.938000000000002,17.96,18.1285,18.186600000000002,0.003911577176826684,0.009633506080332869,6951305.1,0.011718750000000047,0.003921568627450996
2024-11-14,17.74,17.89,17.67,17.67,5798457,-0.014049121215179431,-0.022384818272532015,-0.03393927969439886,-0.06305184782562842,-0.09318487843098004,17.858,17.899,18.071,18.1872,0.00656239861307249,0.009162402517542056,6781225.15,0.012450481041312893,-0.0039458850056367945
2024-11-15,17.67,17.71,17.49,17.56,9284110,-0.006244698124634599,-0.020293819339814022,-0.020293819339814022,-0.0677012252184034,0.6011345776988603,17.786,17.863000000000003,18.009500000000003,18.1842,0.0063170584254606905,0.009179777446315391,6670547.85,0.012528473804100366,-0.006225240520656648
2024-11-18,17.56,17.71,17.35,17.64,8112732,0.004545462371674638,-0.014072846941982515,-0.010152371464017962,-0.05137832478596916,-0.12617019832811116,17.736,17.845,17.963,18.185,0.007420135096415064,0.009119779914599857,6799296.85,0.02040816326530609,0.004555808656036552
2024-11-19,17.64,17.67,17.49,17.49,5787839,-0.00853976154813472,-0.02261260849011724,-0.018692133012152633,-0.04417827699549338,-0.286573376268315,17.656,17.812,17.9235,18.1856,0.0075911813698565705,0.008705182553130821,6482493.2,0.010291595197255763,-0.008503401360544338
2024-11-20,17.42,17.67,17.38,17.64,6242481,0.008539761548134581,-0.015748356968139282,-0.024084054025491863,-0.035638515447358736,0.07855125203033464,17.6,17.769,17.8915,18.190800000000003,0.009397981098589133,0.009022872131224931,6409243.55,0.016439909297052305,0.01262916188289316
2024-11-21,17.64,17.89,17.46,17.89,7585401,0.014072846941982655,0.01237361118902266,-0.010011207083509348,-0.006129860375536856,0.2151260051892829,17.644,17.751,17.886000000000003,18.1966,0.009655779457392235,0.009085093304323283,6341814.45,0.02403577417551703,0.014172335600907028
2024-11-22,17.89,17.96,17.74,17.96,5698260,0.003905165353425681,0.022523474667083137,0.0022296553272690683,0.0022296553272690683,-0.2487859244356363,17.724,17.755000000000003,17.888,18.2046,0.008341915817794046,0.009076513234099158,6165398.35,0.012249443207127083,0.0039128004471772095
2024-11-25,17.96,18.0,17.85,17.92,4112332,-0.002229655327269092,0.01574835696813933,0.00167551002615659,-0.009994530724995601,-0.27831794267021864,17.78,17.758000000000003,17.878999999999998,18.2154,0.00886735030219451,0.008782798713740582,6120977.25,0.008370535714285634,-0.0022271714922048524
2024-11-26,17.92,18.07,17.89,18.0,3562709,0.004454350349380153,0.02874246886565416,0.006129860375536789,-0.007747686790825938,-0.1336523899334976,17.881999999999998,17.769,17.872,18.2226,0.006037581498495684,0.008833473608435536,6090046.05,0.009999999999999985,0.004464285714285619
2024-11-27,17.96,18.14,17.96,18.03,2748008,0.0016652793190612488,0.02186798663658074,0.006119629668441427,-0.002216067388911226,-0.22867458442438043,17.96,17.78,17.87,18.2284,0.0060257639496268,0.00880536683894262,6033628.75,0.009983361064891831,0.0038975501113585904
2024-11-28,18.1,18.14,17.96,18.1,4596147,0.003874901056554157,0.011670040751152279,0.024043651940174934,-0.009895627754223849,0.6725377073138069,18.002000000000002,17.823,17.860999999999997,18.2334,0.0027664489663160523,0.008429315614812874,6009545.65,0.009944751381215453,0.0
2024-11-29,18.1,18.14,18.0,18.14,3883425,0.00220750641521052,0.009972381812937043,0.032495856480020076,0.012202037140206007,-0.15506945273943587,18.038000000000004,17.881,17.872000000000003,18.227,0.002626024471070045,0.007096033881524484,5810699.95,0.007717750826901905,0.0022099447513811684
2024-12-02,18.18,18.25,18.03,18.1,2490927,-0.002207506415210458,0.009994530724995588,0.025742887693134882,0.01559051622911696,-0.3585747117557311,18.074,17.927,17.886,18.2198,0.0026171210665268097,0.006979554904456062,5479046.5,0.01215469613259662,-0.0044004400440043065
2024-12-03,18.14,18.14,17.96,18.0,6131057,-0.005540180375615468,0.0,0.02874246886565416,0.010050335853501506,1.4613555515677497,18.074,17.978,17.895,18.208399999999997,0.003815356508550048,0.007120636771098495,5632186.65,0.009999999999999985,-0.007717750826901905
2024-12-04,17.96,18.03,17.89,18.03,4619546,0.0016652793190612488,0.0,0.02186798663658074,-0.002216067388911226,-0.24653350963789766,18.074,18.017000000000003,17.893,18.1918,0.003815356508550048,0.0063942909714101645,5550861.15,0.007764836383804801,0.0038975501113585904
2024-12-05,18.0,18.5,17.96,18.5,8272544,0.02573369486905321,0.021858793812499017,0.03352883456365139,0.0235176274801421,0.7907699154852014,18.154000000000003,18.078,17.9145,18.1874,0.012347819657507596,0.008619643547235286,5722154.0,0.029189189189189144,0.027777777777777776
2024-12-06,18.36,18.54,18.36,18.46,6054365,-0.002164503009573014,0.01748678438771559,0.027459166200652505,0.029688821527921717,-0.26813746774873604,18.218,18.128,17.941499999999998,18.1838,0.012689468444595679,0.008368017763522374,5613530.75,0.00975081256771396,0.005446623093681995
2024-12-09,18.43,18.46,18.25,18.36,5418974,-0.005431843882361729,0.014262446920564152,0.024256977645559962,0.02593248767171658,-0.1049475874018167,18.270000000000003,18.172,17.965,18.1802,0.01312627449266185,0.008484024953994867,5547058.25,0.011437908496732072,-0.0037981551817688705
2024-12-10,18.36,18.36,18.25,18.25,3403008,-0.0060093051638438364,0.01379332213233577,0.01379332213233577,0.019923182507872794,-0.37201986944392057,18.32,18.197,17.983,18.174400000000002,0.013202715719954846,0.008637387194213277,5509831.6,0.006027397260273942,-0.005991285403050078
2024-12-11,18.25,18.36,18.14,18.28,8832805,0.0016424859975034108,0.013770528810778036,0.013770528810778036,0.019890158479219412,1.5955874920070714,18.369999999999997,18.222,18.000999999999998,18.1686,0.01320319155462853,0.008637253643565275,5631756.35,0.012035010940918973,0.0016438356164384185
2024-12-12,18.28,18.36,18.18,18.21,5867353,-0.0038366722864874177,-0.0157998383447625,0.006058955467736518,0.030102607407911406,-0.3357316277218845,18.312,18.233,18.028,18.1628,0.003073783740554422,0.00797778388452691,5635201.15,0.009884678747940676,-0.003829321663019709
2024-12-13,18.21,18.21,18.07,18.1,6044475,-0.006058955467736456,-0.019694290802926052,-0.002207506415210458,0.0302883500648097,0.030187718379991794,18.240000000000002,18.229,18.055,18.159200000000002,0.0032470145639661124,0.007968389873360623,5473219.4,0.007734806629834285,-0.006040637012630391
2024-12-16,18.1,18.18,18.03,18.1,5165719,0.0,-0.014262446920564253,0.0,0.025742887693134882,-0.14538169154475783,18.188,18.229000000000003,18.078,18.1548,0.0035198375660583613,0.007942168178959602,5325868.75,0.00828729281767948,0.0
2024-12-17,18.18,18.18,18.03,18.14,3331723,0.00220750641521052,-0.0060456353415098965,0.007747686790825957,0.03649015565647993,-0.35503208749837145,18.166000000000004,18.243000000000002,18.1105,18.1504,0.0035948539289732853,0.007598429442624266,5203062.95,0.008269018743109072,-0.0022002200220021533
2024-12-18,18.18,18.18,18.07,18.1,3385137,-0.002207506415210458,-0.009895627754223849,0.003874901056554157,0.025742887693134882,0.01603194503264527,18.130000000000003,18.25,18.1335,18.1344,0.003224611411096258,0.007477593853158504,5060195.75,0.00607734806629831,-0.0044004400440043065
2024-12-19,18.03,18.03,17.78,17.85,9720556,-0.013908430046132,-0.019967385513868497,-0.03576722385863103,-0.0022383892949796678,1.8715399110877935,18.058,18.185000000000002,18.131500000000003,18.1142,0.006327761057488649,0.007576478442230314,5166953.5,0.014005602240896357,-0.009983361064891831
2024-12-20,17.89,17.92,17.82,17.85,4729595,0.0,-0.013908430046132,-0.03360272084905795,-0.006143554648405463,-0.513443984068401,18.008000000000003,18.124000000000002,18.125999999999998,18.095399999999998,0.006412911004858199,0.007517595240620969,5118520.25,0.005602240896358622,-0.0022358859698154918
2024-12-23,17.89,17.96,17.85,17.92,3469073,0.003913899321136315,-0.009994530724995601,-0.02425697764555987,0.0,-0.26651795766867986,17.972,18.080000000000002,18.126,18.0802,0.007045052776735779,0.0075603012124545845,5086357.3,0.006138392857142825,0.0016769144773617181
2024-12-24,17.92,18.0,17.85,18.0,3233697,0.004454350349380153,-0.007747686790825938,-0.013793322132335873,0.0,-0.06784982616393487,17.944,18.055,18.126,18.067999999999998,0.007440968111251152,0.0075603012124545845,5069906.7,0.008333333333333255,0.004464285714285619
2024-12-25,18.0,18.43,17.96,18.32,9518178,0.01762160134981963,0.012081420974204136,0.0021857932199802256,0.01595632203075829,1.9434353311395594,17.988,18.059000000000005,18.1405,18.0636,0.011290847608350287,0.008525572684335335,5408415.2,0.025655021834061074,0.017777777777777795
2024-12-26,18.32,18.39,18.28,18.39,5583577,0.0038136793702454263,0.029803530390581534,0.00983614487671319,0.01589510034444961,-0.41337753927274734,18.096000000000004,18.077,18.155,18.055,0.006756011113326626,0.008524420629648062,5457786.7,0.005981511691136456,0.0038209606986899717
2024-12-27,18.43,18.5,18.36,18.39,7694895,0.0,0.029803530390581534,0.01589510034444961,0.013687593929239171,0.37813000519201223,18.204,18.106,18.1675,18.047,0.006756011113326626,0.00851945547169117,5648360.2,0.007612833061446469,-0.0021703743895821566
2024-12-30,18.25,18.46,18.25,18.28,5004572,-0.005999472590225762,0.019890158479219412,0.00989562775422384,0.00989562775422384,-0.34962439383513355,18.276,18.124000000000002,18.1765,18.0412,0.008685853613796687,0.00862869519587252,5774042.45,0.011487964989059126,0.0016438356164384185
2024-12-31,18.28,18.57,18.25,18.57,8844727,0.01573980933861046,0.031175617468449796,0.023427930677623825,0.031175617468449796,0.7673293540386671,18.39,18.167,18.205000000000002,18.047,0.010178610280139892,0.009142098833387867,5909725.95,0.017232094776521285,0.015864332603938682
2025-01-02,18.43,18.5,18.28,18.43,4571487,-0.0075676036828825136,0.005986412435747567,0.018067833409951838,0.021942734466505992,-0.48313984139928795,18.412,18.200000000000003,18.225,18.05,0.00933247848171555,0.009366790994711228,5907323.0,0.011937059142702055,0.0
2025-01-03,18.36,18.39,18.07,18.07,5022490,-0.019726667077594812,-0.017553934012092594,0.012249596378488999,-0.023517627480141995,0.09865564530753342,18.348000000000003,18.222,18.2035,18.0514,0.012927849482879537,0.00855427649064254,5744820.3,0.017708909795240747,-0.015795206971677515
2025-01-06,18.0,18.03,17.82,17.85,12058848,-0.012249596378488948,-0.029803530390581614,0.0,-0.03360272084905795,1.4009700367745879,18.24,18.222,18.173000000000002,18.05,0.013252809282898851,0.008905650527785932,6045044.45,0.011764705882352988,-0.008333333333333255
2025-01-07,17.85,18.03,17.85,18.0,5028704,0.00836824967051658,-0.015435808129839362,0.004454350349380153,-0.019802627296179643,-0.5829863681837602,18.183999999999997,18.23,18.155,18.048000000000002,0.014718856927144626,0.009131421258360691,6025530.95,0.009999999999999985,0.008403361344537735
2025-01-08,18.0,18.0,17.85,18.0,4091798,0.0,-0.031175617468449726,0.0,-0.013793322132335873,-0.18631162223905007,18.07,18.23,18.142500000000002,18.0452,0.010864004885027714,0.009056131673368108,6059970.45,0.008333333333333255,0.0
2025-01-09,17.96,18.0,17.89,17.96,3842684,-0.0022246950221110513,-0.025832708807678302,-0.019846296371930656,-0.017660503151950478,-0.060881304502323916,17.976,18.194,18.1265,18.043,0.01096249409403735,0.009044994319933533,5810464.4,0.006124721603563443,0.0
2025-01-10,17.92,17.96,17.78,17.78,4714444,-0.010072832788294957,-0.016178874518378572,-0.033732808530471184,-0.02389666365375807,0.22686226606195045,17.918,18.133000000000003,18.105,18.033,0.008278590552897208,0.009257175227732605,5752818.95,0.010123734533183335,-0.007812500000000031
2025-01-13,17.64,17.89,17.64,17.82,4628922,0.0022471919569046644,-0.0016820861829849375,-0.031485616573566466,-0.015590516229116861,-0.018140421224644942,17.912,18.076,18.091,18.031,0.006725377680403034,0.009213687809442924,5682041.3,0.014029180695847363,0.010204081632653045
2025-01-14,17.82,17.85,17.64,17.74,5066348,-0.00449944516122991,-0.014549781014731299,-0.02998558914457063,-0.020089961390346762,0.09449845990059888,17.860000000000003,18.022,18.073,18.0294,0.004726702900996035,0.009248518251413426,5677072.75,0.011837655016910986,-0.00448933782267126
2025-01-15,17.89,17.96,17.74,17.92,7428403,0.010095430665351155,-0.004454350349380197,-0.03562996781782999,-0.012202037140206057,0.4662243888497198,17.844,17.957,18.062,18.0314,0.007577195716166584,0.009555784097790877,5881906.75,0.012276785714285848,0.0016769144773617181
2025-01-16,17.89,18.03,17.78,17.89,5009160,-0.001675510026156684,-0.003905165353425794,-0.029737874161104044,-0.011670040751152364,-0.32567471097085066,17.830000000000002,17.903,18.0515,18.027800000000003,0.0075569807084278715,0.009551843103998566,5963107.9,0.01397428731134712,0.0
2025-01-17,17.89,18.0,17.85,17.96,2381475,0.003905165353425681,0.010072832788294944,-0.006106041730083535,0.006143554648405439,-0.5245759768104832,17.866,17.892000000000003,18.057,18.0256,0.005589674788799907,0.009061905941167948,5596153.85,0.008351893095768295,0.0039128004471772095
2025-01-20,17.96,18.03,17.85,18.0,4008919,0.0022246950221111086,0.010050335853501506,0.00836824967051658,0.00836824967051658,0.6833764788628895,17.901999999999997,17.907,18.064500000000002,18.0272,0.005589449775044161,0.009071585764714434,5560120.05,0.009999999999999985,0.0022271714922048524
2025-01-21,18.03,18.07,17.89,17.96,4346037,-0.0022246950221110513,0.012325085992620253,-0.0022246950221110513,0.0022296553272690683,0.08409199587220395,17.946,17.903,18.066499999999998,18.0286,0.004987292791234385,0.009050917864107893,5603968.25,0.010022271714922032,-0.0038824181919024005
2025-01-22,18.0,18.0,17.85,17.89,2791121,-0.003905165353425794,-0.001675510026156684,-0.006129860375536856,-0.006129860375536856,-0.35777790202890586,17.94,17.892000000000003,18.061,18.0286,0.00326515833598555,0.009032811701933173,5581839.45,0.008384572386808193,-0.006111111111111079
2025-01-23,17.92,18.28,17.92,18.21,8900937,0.01772899621888891,0.01772899621888891,0.013823830865463016,-0.006022465506467596,2.189018677441788,18.003999999999998,17.917,18.055500000000002,18.0344,0.008541853052785535,0.009044055288823988,5550977.4,0.01976935749588135,0.016183035714285664
2025-01-24,18.14,18.36,18.14,18.25,4902907,0.002194186288983961,0.016018017154446902,0.026090849942741978,-0.0076419585877292185,-0.4491695649570377,18.062,17.964,18.0485,18.046000000000003,0.008558113664945938,0.00901246977189333,5516943.9,0.012054794520547883,0.006063947078280013
2025-02-03,18.03,18.21,17.92,18.07,4775193,-0.009911975424363322,0.003881346707972375,0.013931682561473976,-0.017553934012092594,-0.026048627885456525,18.076,17.989,18.0325,18.0562,0.010423118908691001,0.009259498167024566,5370958.8,0.016048699501936863,0.0022185246810870296
2025-02-04,18.18,18.25,18.03,18.18,4908445,0.006068984145195714,0.012175025875279235,0.024500111867899403,-0.005485477276671203,0.027905050120487277,18.119999999999997,18.032999999999998,18.0275,18.067,0.01048589113038125,0.009301299354359223,5366152.45,0.012101210121012038,0.0
2025-02-05,18.18,18.28,18.14,18.28,7496156,0.005485477276671278,0.021565668505376206,0.019890158479219412,-0.015739809338610463,0.5271956800982796,18.198,18.069,18.012999999999998,18.0828,0.009890480715113144,0.008630531879665674,5298723.9,0.007658643326039418,0.005500550055005579
2025-02-06,18.36,18.46,18.28,18.36,5599437,0.0043668191663403895,0.00820349145282768,0.02593248767171658,-0.003805386489387501,-0.2530255506955832,18.228,18.116,18.0095,18.0972,0.006625601765494077,0.008549235255756212,5350121.4,0.009803921568627435,0.0
2025-02-07,18.36,18.57,18.28,18.5,9881521,0.007596346891934776,0.013605652055778678,0.029623669210225502,0.0235176274801421,0.7647347402962119,18.278,18.169999999999998,18.031,18.1094,0.00715753324271456,0.007363967201752778,5593072.95,0.01567567567567563,0.007625272331154715
2025-02-10,18.46,18.82,18.36,18.57,14041424,0.003776643280335252,0.027294270760477232,0.031175617468449796,0.0395438671389662,0.42097800530910173,18.378,18.226999999999997,18.067,18.1216,0.001497015066666785,0.006664954446687062,5692201.75,0.024771136241249374,0.005958829902491843
2025-02-11,18.61,18.68,18.5,18.61,5425579,0.002151695289544901,0.02337698190482666,0.035552007780105865,0.033327312757994665,-0.613601939518385,18.464000000000002,18.292,18.0975,18.1354,0.002028560276233755,0.006493978224618476,5712045.5,0.009672219236969357,0.0
2025-02-12,18.64,18.72,18.46,18.46,6795165,-0.008092841579453253,0.009798663048702222,0.03136433155407839,0.025234471178541405,0.2524313073314387,18.5,18.349,18.1205,18.1446,0.005957301153664758,0.00684587450599616,5847213.85,0.014084507042253412,-0.009656652360515007
2025-02-13,18.46,18.54,18.39,18.5,5754059,0.00216450300957305,0.007596346891934776,0.015799838344762427,0.029623669210225502,-0.15321276230967165,18.528,18.378000000000004,18.1475,18.154,0.005814541557092727,0.006798415452114167,5942782.6,0.00810810810810803,0.0021668472372697264
2025-02-14,18.68,18.68,18.5,18.54,8144062,0.002159828053429938,0.002159828053429938,0.015765480109208453,0.04185633005195041,0.4153594879718821,18.536,18.407000000000004,18.185499999999998,18.1628,0.0048167382887918395,0.006230797735416407,6114263.5,0.009708737864077655,-0.007494646680942215
2025-02-17,18.68,18.68,18.54,18.57,5739729,0.0016168152269054777,0.0,0.027294270760477232,0.04122595332195126,-0.295225281929337,18.535999999999998,18.457,18.223,18.171400000000002,0.0045301186360288005,0.006231570067707512,6169803.85,0.0075390414647280865,-0.0058886509635974
2025-02-18,18.57,18.72,18.54,18.54,5161936,-0.0016168152269053946,-0.003768510516450269,0.019608471388376337,0.04410858325627563,-0.10066555407058417,18.522,18.493,18.262999999999998,18.1802,0.00439408306653293,0.006103866483444599,6174583.25,0.009708737864077655,-0.0016155088852989304
2025-02-19,18.54,18.64,18.5,18.57,5032732,0.0016168152269054777,0.0059411462899082,0.01573980933861046,0.03562996781782998,-0.0250301437290195,18.544,18.522,18.2955,18.1916,0.0015915999092966809,0.005814621006677,6054799.7,0.0075390414647280865,0.0016181229773463398
2025-02-20,18.61,18.68,18.54,18.68,5714509,0.005906057436082075,0.009682700716417329,0.01727904760835217,0.04321153528006864,0.13546856856276074,18.580000000000002,18.554,18.335,18.2046,0.0026757105345972514,0.00582451083754542,6090067.15,0.007494646680942215,0.003761418592154771
2025-02-21,18.72,18.97,18.68,18.86,12727607,0.009589844404614946,0.017112717067602284,0.019272545121032325,0.04889621433125789,1.2272441954330635,18.644,18.59,18.380000000000003,18.2118,0.004362335598327471,0.006048524191337657,6607373.75,0.015376458112407166,0.007478632478632509
2025-02-24,18.75,18.9,18.75,18.82,6403121,-0.0021231430480778664,0.013372758792619092,0.013372758792619092,0.044548376261068896,-0.4969108489914876,18.694,18.615000000000002,18.421,18.219,0.005020368859865686,0.006134376041077051,6727083.85,0.00797024442082883,0.0037333333333333485
2025-02-25,18.82,18.9,18.72,18.72,6482543,-0.00532766310778765,0.00966191091173689,0.005893400395286513,0.04144540817539236,0.01240363878802228,18.729999999999997,18.625999999999998,18.459,18.2262,0.005993370248040978,0.006290165019740544,6833909.15,0.0096153846153846,-0.005313496280552679
2025-02-26,18.75,18.79,18.68,18.68,5061653,-0.0021390382487494184,0.005906057436082075,0.011847203725990432,0.04321153528006864,-0.21918713072940665,18.752000000000002,18.648000000000003,18.4985,18.2348,0.006271713132742893,0.006213765557237931,6947435.75,0.0058886509635974,-0.0037333333333333485
2025-02-27,18.72,18.79,18.61,18.79,5661613,0.005871380624677318,0.005871380624677318,0.015554081341094874,0.03135391968585734,0.1185304484523139,18.773999999999997,18.677,18.5275,18.245,0.006265197907466838,0.0051194725992560865,6785469.55,0.009579563597658314,0.0037393162393162547
2025-02-28,18.72,18.86,18.57,18.72,5475462,-0.0037323423759279325,-0.007450806155865527,0.00966191091173689,0.025427391020945395,-0.032879499181593656,18.746,18.695,18.551,18.2552,0.004323418867020624,0.005251128819061983,6814097.3,0.015491452991452947,0.0
2025-03-03,18.72,18.75,18.57,18.72,5603548,0.0,-0.00532766310778765,0.008045095684831438,0.03533936644530886,0.02339272923453765,18.726,18.71,18.5835,18.2676,0.004349889942075511,0.004562718121499347,6855515.05,0.0096153846153846,0.0
2025-03-04,18.64,18.86,18.57,18.82,9964154,0.005327663107787569,0.005327663107787569,0.014989574019524596,0.03459804540790093,0.7781866060574479,18.746000000000002,18.738,18.6155,18.282,0.004349889942075519,0.004528815726688897,7108300.5,0.015409139213602504,0.009656652360515007
2025-03-05,18.93,19.18,18.82,18.82,11678487,0.0,0.00746670135653707,0.013372758792619092,0.029112568131229623,0.1720500305394718,18.773999999999997,18.762999999999998,18.6425,18.2956,0.004050838135853498,0.0044549024505209645,7317417.05,0.019128586609989343,-0.005810882197569965
2025-03-06,18.9,19.0,18.82,19.0,5076489,0.00951884500920684,0.011114165741066655,0.016985546365743807,0.03426459397409608,-0.5653127840960905,18.816,18.794999999999998,18.674500000000002,18.3136,0.005201390393120123,0.004769917923030872,7291269.65,0.0094736842105263,0.005291005291005366
2025-03-07,19.08,19.29,18.97,19.18,10713039,0.009429090288851687,0.024275598405846303,0.016824792249980777,0.036097337371013095,1.1103244781974313,18.908,18.826999999999998,18.7085,18.3402,0.004744449719997455,0.00490459350843101,7332845.55,0.016684045881126187,0.005241090146750599
2025-03-10,19.22,19.26,19.0,19.04,8502331,-0.007326040092072898,0.016949558313773205,0.011621895205985527,0.024994653998604868,-0.206356758339067,18.972,18.849,18.732,18.364,0.007143414908133547,0.005283379067156211,7055890.9,0.013655462184874033,-0.009365244536940672
2025-03-11,18.93,19.04,18.79,19.04,9147708,0.0,0.011621895205985527,0.016949558313773205,0.02284295870905995,0.0759058898083361,19.016,18.881,18.7535,18.386400000000002,0.0071793684920666,0.005285952578870481,7241997.35,0.013130252100840336,0.005810882197569965
2025-03-12,19.08,19.22,18.86,18.93,7803709,-0.005794064141987754,0.005827831063997828,0.013294532420534909,0.025141736146525383,-0.14692193935355174,19.038,18.906,18.777,18.405,0.008061722423196315,0.005096161540098168,7292424.55,0.01901743264659268,-0.007861635220125712
2025-03-13,18.97,19.04,18.79,18.79,8893622,-0.007423151795857582,-0.01111416574106657,0.0,0.015554081341094874,0.13966602291295074,18.996000000000002,18.906,18.7915,18.4144,0.0071858895230135856,0.00544529429016437,7449402.7,0.013304949441192124,-0.009488666315234566
2025-03-14,18.86,18.86,18.64,18.72,11556328,-0.0037323423759279325,-0.02427559840584626,0.0,0.00966191091173689,0.2993950046449017,18.904,18.906,18.8005,18.421,0.0030989784330989634,0.005525385134512555,7620016.0,0.011752136752136691,-0.007423117709437994
2025-03-17,18.79,18.9,18.72,18.86,5668733,0.007450806155865421,-0.009498752157907785,0.007450806155865421,0.01549590184069689,-0.5094693573944942,18.868000000000002,18.919999999999998,18.815,18.4304,0.005917643013434196,0.0057382815836596116,7616466.2,0.009544008483563082,0.00372538584353381
2025-03-18,18.93,19.11,18.9,18.93,6013116,0.0037046880159200286,-0.005794064141987754,0.005827831063997828,0.020817405083522523,0.06075131779888028,18.845999999999997,18.931,18.8345,18.4434,0.006425140685001885,0.005744920813542375,7659025.2,0.011093502377179126,0.0
2025-03-19,18.93,18.93,18.75,18.86,7918115,-0.0037046880159200134,-0.0037046880159200134,0.0021231430480777515,0.01549590184069689,0.3168072925917278,18.832,18.935000000000002,18.849,18.4492,0.0061084482174144005,0.005839299159320003,7803294.35,0.009544008483563082,-0.003697834125726375
2025-03-20,19.0,19.04,18.82,18.9,4867372,0.002118644860285155,0.00583710864022277,-0.005277057100843893,0.011708489264900002,-0.385286523370777,18.854,18.925,18.86,18.4586,0.0048623195895197615,0.005724415543708117,7760937.5,0.011640211640211581,-0.005263157894736917
2025-03-21,18.9,18.93,18.79,18.79,4134448,-0.005837108640222764,0.0037323423759279455,-0.020543256029918244,-0.0037184637799374727,-0.1505789982766881,18.868,18.886000000000003,18.8565,18.473,0.005448356549512185,0.005481449779392845,7331279.55,0.00745077168706762,-0.0058201058201057905
2025-03-24,18.9,18.97,18.75,18.97,7892882,0.009533970521548887,0.005815506741611282,-0.003683245416296405,0.007938649789689077,0.9090533972128807,18.889999999999997,18.878999999999998,18.863999999999997,18.4954,0.00612663223324639,0.005870571747100522,7405767.6,0.011597258829731096,0.003703703703703719
2025-03-25,19.0,19.04,18.82,18.93,5602227,-0.00211081872569136,0.0,-0.005794064141987754,0.011155494171785452,-0.29021781904252464,18.89,18.868,18.8745,18.514,0.0060753056757579535,0.00574826773510814,7361751.8,0.01162176439513993,-0.0036842105263158046
2025-03-26,18.93,19.04,18.79,18.82,7438634,-0.005827831063997887,-0.0021231430480778664,-0.005827831063997887,0.00746670135653707,0.327799462606567,18.881999999999998,18.857,18.8815,18.5304,0.0064609347340432105,0.005896617489221021,7480600.85,0.013283740701381509,-0.005810882197569965
2025-03-27,18.72,18.86,18.68,18.72,6652466,-0.00532766310778765,-0.009569451016150672,-0.0037323423759279325,-0.0037323423759279325,-0.10568714632283292,18.845999999999997,18.85,18.877999999999997,18.5456,0.0065851483929132305,0.00587874764991674,7530143.5,0.0096153846153846,0.0
2025-03-28,18.72,18.75,18.61,18.68,9733296,-0.0021390382487494184,-0.005871380624677407,-0.0021390382487494184,-0.0021390382487494184,0.46311097268291185,18.824,18.845999999999997,18.875999999999998,18.563599999999997,0.006232588171071774,0.00583882943596787,7743035.2,0.007494646680942215,-0.0021367521367520914
2025-03-31,18.61,18.72,18.57,18.72,9131468,0.0021390382487494423,-0.013266312897476812,-0.007450806155865527,0.0,-0.061831880998995614,18.774,18.832,18.875999999999998,18.5816,0.0031919869389535316,0.0058604423819244335,7919431.2,0.008012820512820438,0.005910800644814585
2025-04-01,18.72,18.75,18.64,18.75,3053865,0.0016012813669738276,-0.009554212804811611,-0.009554212804811611,-0.0037263817408137866,-0.6655669165133142,18.738,18.814,18.8725,18.6018,0.0037351734870054915,0.00574014819681921,7573916.75,0.005866666666666636,0.0016025641025641634
2025-04-02,18.79,18.86,18.64,18.68,7486376,-0.0037403196157232924,-0.007466701356537079,-0.009589844404614849,-0.007466701356537079,1.4514430074675861,18.71,18.796,18.8655,18.616999999999997,0.003276382550304675,0.0057944321302154135,7364311.2,0.0117773019271948,-0.0058541777541245045
2025-04-03,18.1,18.25,17.38,17.38,39712531,-0.07213331296345067,-0.07427235121219998,-0.08384180222835069,-0.08911885932919457,4.304640189058097,18.442,18.644,18.7845,18.6068,0.032115586053615225,0.016790064239785175,9096113.3,0.05005753739930961,-0.03977900552486201
2025-04-04,16.34,17.13,16.2,17.13,72266023,-0.014488807501217425,-0.0866221204646681,-0.09249350108934543,-0.11303675711926366,0.8197284630385305,18.131999999999998,18.477999999999998,18.682,18.5902,0.031359175724997,0.016599746061600855,12173762.5,0.05429071803852888,0.0483476132190942
2025-04-08,16.63,16.77,15.95,15.95,43698654,-0.07137248310517492,-0.16013364181859244,-0.17339995471606928,-0.17708320013236564,-0.39530844253045444,17.577999999999996,18.176000000000002,18.5275,18.5492,0.036725907650172064,0.02217962879072981,13933578.65,0.051410658307210054,-0.04088995790739626
2025-04-09,14.94,16.45,14.94,15.69,36870654,-0.016435262485912306,-0.1781701856714786,-0.18772439847629027,-0.19351846261827807,-0.15625195229125363,16.966,17.852,18.36,18.5038,0.03332550283887591,0.022138741709746553,15319725.95,0.09623964308476736,0.050200803212851405
2025-04-10,16.77,16.77,16.77,16.77,998409,0.06656800909017631,-0.10786185696557907,-0.11532855832211608,-0.12115638938611398,-0.9729213102647976,16.584,17.647,18.252,18.4814,0.0567489061041862,0.027955423816580418,14979460.95,0.0,0.0
2025-04-11,17.85,17.92,17.24,17.89,36003333,0.06465032168551037,0.028921777683381868,-0.04535057352881815,-0.04908291590474614,35.06070558258189,16.686,17.564,18.207,18.475,0.05919827874141072,0.03210726799893395,16334946.5,0.03801006148686435,0.0022408963585433695
2025-04-14,17.89,18.25,17.71,17.85,19376382,-0.0022383892949796678,0.041172195889619706,-0.045449924575048366,-0.04758896282379773,-0.461816993443357,16.830000000000002,17.481,18.1635,18.467,0.05839754611627602,0.03210587557173765,16725949.2,0.030252100840336086,-0.0022358859698154918
2025-04-15,17.71,17.78,17.35,17.35,14735620,-0.028411001832779895,0.08413367716201484,-0.07599996465657763,-0.08345077081244312,-0.23950611626050725,17.110000000000003,17.344,18.088,18.4526,0.04549060910360593,0.03252663855880911,17179293.55,0.02478386167146972,-0.02032749858836812
2025-04-16,17.6,17.78,17.38,17.49,11039955,0.008036782637642422,0.10860572228556936,-0.06956446338590916,-0.07911867619072084,-0.2507980661824884,17.47,17.218,18.016,18.4388,0.04221584013311399,0.03259620625002813,17430635.5,0.022870211549456957,-0.0062500000000001695
2025-04-17,17.64,17.67,17.35,17.49,10144966,0.0,0.04203771319539306,-0.0658241437701859,-0.07541398817480077,-0.0810681746438278,17.613999999999997,17.099,17.9475,18.423,0.034289267689917115,0.03260823324204531,17541978.05,0.018296169239565483,-0.008503401360544338
2025-04-18,17.64,17.82,17.6,17.64,11002228,0.008539761548134581,-0.014072846941982515,0.014848930741399442,-0.06899287148695131,0.08450121961966162,17.564,17.125,17.8845,18.4086,0.015083963421721516,0.032700750163824614,17848720.85,0.01247165532879812,0.0
2025-04-21,17.53,17.64,17.35,17.35,7252345,-0.01657654418577697,-0.028411001832779895,0.012761194056839727,-0.0797323070325056,-0.3408294210954363,17.464000000000002,17.147,17.812499999999996,18.3856,0.016263819045049935,0.03282993733316426,18004615.7,0.016714697406340007,-0.010268111808328562
2025-04-22,17.49,17.56,16.3,17.35,13618261,0.0,0.0,0.08413367716201484,-0.08926627755405453,0.8777734649964942,17.464,17.287,17.7315,18.3612,0.010152576269188269,0.032692211329469346,18290884.65,0.07262247838616703,-0.008004574042309722
2025-04-23,17.71,17.71,17.38,17.71,6836486,0.020536945401873896,0.012500162764231687,0.12110588504980112,-0.06661851342648929,-0.49799126334852883,17.508000000000003,17.488999999999997,17.670499999999997,18.343200000000003,0.01358514498501141,0.033166776036308195,18352597.6,0.018633540372670912,0.0
2025-04-24,17.56,17.67,17.38,17.38,6482453,-0.01880933195749634,-0.006309169193264721,0.03572854400212848,-0.0796000143199877,-0.05178581511027741,17.486,17.55,17.598499999999998,18.3216,0.016698093576715742,0.03334475905837249,18304788.55,0.01668584579977001,-0.010250569476081989
2025-04-25,17.56,17.56,17.2,17.2,13363678,-0.010410736017838575,-0.02525966675923799,-0.03933251370122051,-0.08468308723003856,1.0615156021956502,17.398,17.481,17.5225,18.2956,0.016055467789396875,0.03337492949540908,18640349.15,0.020930232558139503,-0.020501138952163978
2025-04-28,17.31,17.31,17.17,17.24,4010687,0.0023228814161397287,-0.006360241157321384,-0.034771242990101266,-0.08022116756514955,-0.699881499688933,17.375999999999998,17.419999999999998,17.450499999999998,18.2696,0.014842891936189257,0.033404571250335094,18354218.7,0.008120649651971986,-0.004043905257076851
2025-04-29,17.24,17.42,17.24,17.31,3585900,0.004052103952570829,-0.0023081372047504657,-0.0023081372047504657,-0.07830810186132818,-0.10591377487198578,17.368000000000002,17.416,17.38,18.2444,0.015039035412923552,0.03342584103983653,18076940.3,0.010398613518197763,0.004060324825986096
2025-05-05,17.46,17.46,17.28,17.31,4634617,0.0,-0.022845082606624413,-0.010344919842392773,-0.07990938322830203,0.29245572938453385,17.288,17.398,17.308,18.2198,0.009741793440835426,0.03341384719073626,18155977.9,0.010398613518197559,-0.008591065292096342
2025-05-06,17.31,17.42,17.28,17.28,8439743,-0.0017346058122081963,-0.005770356461336255,-0.012079525654601013,-0.0779036694247869,0.8210227511787921,17.268,17.377000000000002,17.238,18.194,0.005624682291796404,0.03341766295887915,18203646.25,0.008101851851851884,-0.0017331022530327894
2025-05-07,17.42,17.42,17.24,17.28,7763237,0.0,0.004640379556502301,-0.020619287202735592,-0.005770356461336255,-0.08015718014162279,17.284,17.341,17.232999999999997,18.166,0.0022648155197480977,0.02930478059684594,16606181.55,0.010416666666666855,-0.008036739380022993
2025-05-08,17.35,17.38,17.24,17.38,7289142,0.00577035646133636,0.008087854601698906,0.0017276134443775892,0.014488807501217378,-0.06106924212155316,17.312,17.344,17.2455,18.136400000000002,0.003148124006668213,0.029137760990439895,13357337.5,0.008055235903337203,0.0017291066282419355
2025-05-09,17.6,17.6,17.35,17.38,5623805,0.0,0.004035750649128134,0.0017276134443775892,0.08586129060639236,-0.22846817910804865,17.326,17.346999999999998,17.317,18.1076,0.0028743875153786898,0.02370768259501785,11453595.05,0.014384349827387804,-0.012500000000000136
2025-05-12,17.46,17.6,17.38,17.56,9196976,0.010303468369724575,0.014339219018852668,-0.00850586358777173,0.11260002146202942,0.6353653798451404,17.375999999999998,17.332,17.4105,18.084400000000002,0.005033505017540885,0.023226282179245168,10069911.15,0.012528473804100366,0.005727376861397357
2025-05-13,17.67,17.78,17.6,17.71,9657205,0.00850586358777159,0.024579688418832648,0.018809331957496293,0.054537875959624685,0.050041339675128,17.462,17.365000000000002,17.457500000000003,18.065,0.00476906628589962,0.01831883215742405,10502850.95,0.01016374929418406,0.002263723825693217
2025-05-14,17.74,17.96,17.74,17.85,10926698,0.007874056430905866,0.03245374484973857,0.03709412440624079,-0.0022383892949796678,0.13145552983497813,17.576,17.43,17.455499999999997,18.046200000000002,0.003973658365829335,0.01125498197908326,9249019.2,0.01232492997198893,0.006200676437429707
2025-05-15,18.36,18.46,18.07,18.39,24662474,0.029803530390581534,0.05648691877898377,0.06457477338068286,0.029803530390581534,1.2570838875568813,17.778,17.545,17.4825,18.0396,0.011074835953755944,0.013070448393410641,9513323.8,0.021207177814029393,0.0016339869281046372
2025-05-16,18.5,18.5,18.32,18.32,10707692,-0.0038136793702455173,0.05267323940873833,0.05670899005786642,0.05440085285311589,-0.56583058131151,17.966,17.646,17.531,18.031599999999997,0.012128607552148223,0.011120618142886465,9311927.4,0.009825327510917015,-0.009729729729729714
2025-05-19,18.32,18.5,18.21,18.28,13928516,-0.002185793219980208,0.040183977819033524,0.05452319683788611,0.04417827699549347,0.30079535347113084,18.110000000000003,17.743000000000002,17.5705,18.020799999999998,0.013406829709709888,0.011098291139669845,9456355.45,0.015864332603938682,-0.0021834061135370714
2025-05-20,18.36,18.46,18.28,18.43,11033544,0.008172205655727842,0.0398503198869897,0.06443000830582225,0.05235048265122126,-0.20784497070613983,18.253999999999998,17.858,17.6175,18.012999999999998,0.013404741484073867,0.011162935757274834,9500784.35,0.009766684753119897,0.0038126361655773577
2025-05-21,18.54,18.64,18.43,18.46,12374545,0.0016264573929742605,0.033602720849057896,0.06605646569879649,0.04543717849606094,0.12153855551761066,18.375999999999998,17.976,17.658499999999997,18.002200000000002,0.013703776900188957,0.011076602149193076,9569400.2,0.01137594799566635,-0.004314994606256651
2025-05-22,18.5,18.54,18.36,18.39,18047416,-0.003799190458476345,0.0,0.05648691877898377,0.05821453222336147,0.45843067361264594,18.375999999999998,18.077,17.710500000000003,17.9864,0.0050790254825608646,0.010271481957957625,10109153.75,0.00978792822185969,-0.005945945945945916
2025-05-23,18.57,18.61,18.48,18.61,11984361,0.011892032037929644,0.01570571140817504,0.0683789508169135,0.07010656426129114,-0.335951418197486,18.434000000000005,18.2,17.773500000000002,17.9778,0.006721763178191111,0.010436988845610569,10027458.75,0.006985491671144492,0.002154011847065113
2025-05-26,18.61,18.65,18.18,18.52,9963400,-0.0048478414361260635,0.013043663192029398,0.05322764101106267,0.04472177742329105,-0.1686331878687566,18.482000000000003,18.296,17.814,17.9674,0.007327324200518382,0.009779581511028253,10183804.45,0.025377969762418944,-0.004836109618484678
2025-05-27,18.61,18.61,18.44,18.48,9336007,-0.0021621630044951256,0.0027092945318061656,0.0425596144187959,0.06136894637629223,-0.06296976935584238,18.492,18.373,17.869,17.9584,0.0068045590940543485,0.008521621250754457,10326482.15,0.0091991341991341,-0.006985491671144492
2025-05-28,18.52,18.57,18.4,18.44,7876823,-0.002166848085090314,-0.0010840109462583367,0.03251870990279957,0.06961283430904057,-0.1562963695292859,18.488,18.432000000000002,17.931,17.9514,0.00686460130408721,0.008019923861744977,10052139.4,0.009219088937093367,-0.004319654427645697
2025-05-29,18.48,18.52,18.35,18.35,9082800,-0.004892643627868515,-0.0021774641156504307,-0.0021774641156504307,0.06239730926503245,0.15310449403268298,18.48,18.428,17.9865,17.944000000000003,0.0070228531192311795,0.008234180062278626,10305745.05,0.009264305177111616,-0.00703463203463198
2025-05-30,18.35,18.4,18.18,18.18,7933184,-0.009307485751246642,-0.023376981904826587,-0.0076712704966514795,0.04903771956121491,-0.12657066102963843,18.394,18.414,18.03,17.9304,0.0029215724428363755,0.008684162118833025,10523109.25,0.012101210121012038,-0.009264305177111808
2025-06-02,18.18,18.27,18.09,18.18,8200572,0.0,-0.01852914046870049,-0.005485477276671203,0.04903771956121491,0.03370500419503695,18.326,18.404,18.073500000000003,17.915399999999998,0.0035802102891832385,0.008684162118833025,10701407.0,0.009900990099009885,0.0
2025-06-03,18.22,18.35,18.22,18.31,7288890,0.007125269937086526,-0.009241707527118876,-0.006532412995312653,0.057897595310509704,-0.11117297671430725,18.292,18.392,18.125,17.9044,0.006102256209301658,0.008685340633931947,10643864.35,0.0070999453850356395,0.004939626783754109
2025-06-04,18.35,18.4,18.18,18.18,5699110,-0.007125269937086513,-0.014200129379115078,-0.015284140325373424,0.05077232537342314,-0.21811002772712992,18.24,18.363999999999997,18.17,17.89,0.006553195044307988,0.008952366033164074,10540658.0,0.012101210121012038,-0.009264305177111808
2025-06-05,18.22,18.27,18.09,18.09,5332029,-0.004962789342129014,-0.014270275093375612,-0.016447739209026018,0.04003917956995774,-0.0644102324748952,18.188,18.334,18.2055,17.875999999999998,0.006558760594971362,0.009069379409994412,10442802.35,0.00995024875621889,-0.007135016465422558
2025-06-06,18.14,18.27,18.09,18.09,6801445,0.0,-0.004962789342129014,-0.028339771246955595,0.04003917956995774,0.27558289724230683,18.169999999999998,18.282000000000004,18.241000000000003,17.8584,0.005505505557989006,0.009069379409994412,10501684.35,0.00995024875621889,-0.002756339581036423
2025-06-09,18.09,18.14,18.01,18.05,5723393,-0.002213614628313829,-0.007176403970442806,-0.025705544439143295,0.027522096571919487,-0.15850337685594754,18.144,18.235,18.2655,17.8408,0.0054947282994782486,0.008896602985909594,10328005.2,0.007202216066481939,-0.002211166390270821
2025-06-10,18.14,18.14,18.01,18.05,5728023,0.0,-0.014301673907529304,-0.02354338143464812,0.01901623298414777,0.0008089606986624891,18.092000000000002,18.192,18.2825,17.8254,0.0031381230115283616,0.008739758119787892,10131546.1,0.007202216066481939,-0.004961411245865482
2025-06-11,18.09,18.14,18.01,18.05,3589298,0.0,-0.007176403970442806,-0.021376533349557914,0.011142176553241803,-0.3733792619198631,18.066,18.153,18.2925,17.811999999999998,0.0021925563269646346,0.008587496277810172,9764676.1,0.007202216066481939,-0.002211166390270821
2025-06-12,18.14,18.22,18.05,18.14,6553441,0.004973759908100703,0.0027601452797868767,-0.011510129813588793,-0.013687593929239173,0.8258280588571916,18.076,18.131999999999998,18.279999999999998,17.8012,0.002651164694668337,0.005303844243993781,8859224.45,0.009371554575523602,0.0
2025-06-13,18.09,18.4,18.01,18.14,10066277,0.0,0.0027601452797868767,-0.002202644062342183,-0.00987391455899366,0.5360292402113638,18.086000000000002,18.128,18.271,17.7896,0.002651164694668337,0.005253736330260133,8827153.7,0.021499448732083627,0.0027639579878386243
2025-06-16,18.09,18.35,18.05,18.35,8998043,0.011510129813588859,0.016483889721689415,0.009307485751246633,0.0038220084745752706,-0.10612006802514971,18.146,18.145000000000003,18.2745,17.781599999999997,0.005071431057348305,0.0058771765574085226,8580630.05,0.01634877384196189,0.014372581536760728
2025-06-17,18.44,18.48,18.22,18.27,7039853,-0.004369204110663996,0.012114685611025262,-0.0021869882965039277,-0.008719401291816566,-0.21762398779379027,18.190000000000005,18.141000000000002,18.2665,17.773400000000002,0.0060613158435062035,0.005645290865788874,8380945.5,0.014230979748221214,-0.009219088937093367
2025-06-18,18.27,18.4,18.22,18.35,7436898,0.0043692041106639995,0.016483889721689415,0.009307485751246633,-0.005976654574126804,0.05639961516241888,18.25,18.158,18.261,17.7928,0.005938382376519597,0.005730696793707476,8134063.15,0.009809264305177095,0.004378762999452756
2025-06-19,18.35,18.4,18.22,18.35,7286706,0.0,0.011510129813588859,0.014270275093375667,-0.0021774641156504307,-0.020195517001846738,18.292,18.184,18.259,17.8172,0.006003464828368594,0.005671219739977832,7596027.65,0.009809264305177095,0.0
2025-06-20,18.35,18.74,18.35,18.48,15766671,0.007059491712958816,0.018569621526547633,0.021329766806334347,-0.0070100044406212255,1.1637583566566292,18.36,18.223,18.2525,17.8678,0.006154941753673599,0.00521782365441676,7785143.15,0.02110389610389594,0.007084468664850081
2025-06-23,18.44,18.48,18.31,18.4,8994332,-0.004338401598598242,0.0027210901143605863,0.019204979836049827,-0.006500564603093428,-0.42953512507491276,18.37,18.258000000000003,18.2465,17.922,0.0051321821507829555,0.0051959108062776095,7736689.75,0.009239130434782703,-0.00216919739696327
2025-06-24,18.48,18.61,18.35,18.35,8582693,-0.0027210901143605018,0.0043692041106639995,0.016483889721689415,-0.0070594917129587365,-0.04576648938464802,18.386000000000003,18.288,18.240000000000002,17.953599999999998,0.004778452645340683,0.005207801442508113,7699024.05,0.014168937329700163,-0.00703463203463198
2025-06-25,18.4,18.48,18.31,18.31,7782378,-0.0021822158141600783,-0.0021822158141600783,0.014301673907529368,-0.007074859442028523,-0.09324753897174232,18.378,18.314,18.2335,17.962,0.0044685606120482176,0.005208084282702668,7694301.8,0.009284543965046516,-0.0048913043478260795
2025-06-26,18.35,18.4,18.22,18.27,9905786,-0.0021869882965039277,-0.004369204110663996,0.007140925702924755,-0.004369204110663996,0.27284822197019987,18.362,18.327,18.2295,17.970399999999998,0.004521876763110243,0.00511834593315206,7735451.1,0.009852216748768457,-0.004359673024523261
2025-06-27,18.35,18.35,18.22,18.27,6321843,0.0,-0.011428695823622857,0.007140925702924755,0.004938281640582577,-0.3618029906965485,18.32,18.339999999999996,18.234,17.9888,0.001553063574362052,0.004650170974090248,7654884.05,0.007115489874110704,-0.004359673024523261
2025-06-30,18.31,18.35,18.22,18.35,5868454,0.0043692041106639995,-0.0027210901143605018,0.0,0.009307485751246633,-0.07171785189856819,18.31,18.34,18.2425,18.006,0.002939319366692279,0.00473972863405648,7538278.15,0.007084468664850275,0.0021845985800110707
2025-07-01,18.35,18.44,18.31,18.35,7539134,0.0,0.0,0.0043692041106639995,0.0021822158141600882,0.28468826713134326,18.310000000000002,18.348,18.2445,18.023200000000003,0.002675580695347882,0.004473073902142621,7550790.35,0.007084468664850275,0.0
2025-07-02,18.35,18.48,18.31,18.35,7639796,0.0,0.0021822158141600882,0.0,0.009307485751246633,0.013351931402200836,18.318,18.348,18.253,18.0374,0.002393765297485781,0.004137737619907167,7647824.65,0.009264305177111808,0.0
2025-07-03,18.4,18.61,18.35,18.44,15138870,0.004892643627868453,0.009261847738532595,0.004892643627868453,0.019162918721244027,0.9815803982200572,18.352,18.357,18.270500000000002,18.0592,0.0025432037631513203,0.004043030748820874,8138166.7,0.014099783080260195,0.002173913043478408
2025-07-04,18.48,19.13,18.48,18.83,26970669,0.020929124540613124,0.03019097227914573,0.01876227645552282,0.0400920432618571,0.7815510008342763,18.464000000000002,18.392000000000003,18.307499999999997,18.0888,0.008642297131469854,0.006011376868156455,9146627.9,0.03451938396176307,0.018939393939393822
2025-07-07,19.0,19.26,18.87,19.17,17384438,0.017895214388492203,0.043716982556973843,0.04099589244261325,0.06020087227866323,-0.355431709906788,18.628,18.469,18.363500000000002,18.118,0.009999625004701198,0.006886662697014128,9729680.15,0.02034428794992178,0.008947368421052721
2025-07-08,19.3,19.3,19.04,19.17,14709246,0.0,0.043716982556973843,0.043716982556973843,0.06020087227866323,-0.15388429582825744,18.791999999999998,18.551000000000002,18.419500000000003,18.1538,0.009999625004701198,0.006886662697014128,10178741.3,0.01356285863328125,-0.006735751295336736
2025-07-09,19.17,19.39,19.17,19.34,18749781,0.00882893296759512,0.052545915524569005,0.05472813133872889,0.06902980524625824,0.2746935498937199,18.990000000000002,18.654000000000003,18.484,18.1966,0.008774114248731806,0.006966075489683966,10936765.45,0.011375387797311213,0.008868022952529898
2025-07-10,19.52,19.56,19.3,19.43,9160722,0.004642773364200458,0.05229604526090089,0.061557892999433365,0.06869881870235822,-0.5114224534142559,19.188,18.77,18.5485,18.2404,0.008814718996062613,0.006962661014981352,11067129.5,0.013381369016983943,-0.004610655737704911
2025-07-11,19.43,19.6,19.39,19.56,16019514,0.006668401217322508,0.03803532193761028,0.06822629421675595,0.07536721991968073,0.7487174045888523,19.334,18.899,18.6195,18.2854,0.006612006724198578,0.006949166505152629,11364791.35,0.010736196319018449,0.006690684508491971
2025-07-14,19.6,19.69,19.26,19.56,12333287,0.0,0.020140107549118002,0.06385709010609177,0.06385709010609177,-0.23010854137023135,19.412,19.02,18.68,18.3304,0.0039638425244581926,0.0067479774473342465,11531553.55,0.021983640081799576,-0.00204081632653075
2025-07-15,19.56,19.64,19.34,19.34,12711333,-0.011311174581522906,0.00882893296759512,0.052545915524569005,0.056915119635233026,0.030652493532340567,19.446,19.119,18.7335,18.3716,0.008005086439215575,0.007312359308603124,11815127.55,0.015511892450879044,-0.01124744376278113
2025-07-16,19.34,19.43,19.21,19.34,10956208,0.0,0.0,0.052545915524569005,0.052545915524569005,-0.13807560544594338,19.445999999999998,19.218,18.783,18.4128,0.006963576482674361,0.007329695585631256,11991093.05,0.011375387797311213,0.0
2025-07-17,19.34,19.43,19.3,19.34,15133270,0.0,-0.004642773364200435,0.047653271896700516,0.052545915524569005,0.38125070279790235,19.427999999999997,19.308,18.8325,18.451999999999998,0.006482653320721124,0.007329695585631256,12383421.25,0.006721820062047518,0.0
2025-07-18,19.39,19.6,19.3,19.52,17870291,0.009264090959798172,-0.0020470836217247996,0.035988238315885455,0.05475051477140831,0.18086117541020547,19.419999999999998,19.377,18.884500000000003,18.4948,0.007296025312700257,0.007415928755326715,12488602.25,0.01536885245901643,0.006704486848891129
2025-07-21,19.56,19.9,19.52,19.69,17165356,0.008671311666087802,0.006624228044363041,0.02676433559348092,0.06776022803609445,-0.039447315099681364,19.446,19.429000000000002,18.949,18.5374,0.00836931326780764,0.00733270404122875,12897153.45,0.01929913661757232,0.0066462167689162865
2025-07-22,19.69,19.73,19.47,19.73,12055524,0.002029427383489824,0.019964830009375736,0.028793762976970685,0.0725107455339447,-0.29768284444552157,19.524,19.485,19.018,18.5778,0.004621004094514092,0.0072001413763310585,13070795.0,0.013177901672579907,0.0020314880650075745
2025-07-23,19.86,19.95,19.73,19.82,15223260,0.004551208867317971,0.024516038876693697,0.024516038876693697,0.07924417021542261,0.2627621993038212,19.619999999999997,19.532999999999998,19.0935,18.6172,0.004050921887051158,0.0070705415651888415,13442839.1,0.01109989909182638,-0.002014098690835808
2025-07-24,19.95,20.25,19.9,19.99,15188090,0.008540619610466644,0.03305665848716026,0.02841388512295997,0.08997177812239338,-0.002310280452412952,19.75,19.589,19.179499999999997,18.649199999999997,0.003171780030361876,0.006985902159760292,13706954.3,0.017508754377188667,0.0020050125313282783
2025-07-25,20.2,20.42,20.2,20.33,17577779,0.016865479127946476,0.04065804665530871,0.03861096303358402,0.10683725725033986,0.15733966548789216,19.912,19.666,19.2825,18.6894,0.005630163000528778,0.007418803290610958,14269751.1,0.010821446138711385,0.006435643564356387
2025-07-28,20.42,20.55,20.25,20.55,16899258,0.010763313301988361,0.04275004829120939,0.04937427633557238,0.11323136644166433,-0.0386010655839967,20.083999999999996,19.765,19.3925,18.7348,0.005756609997675046,0.007511871415977368,14821291.3,0.014598540145985436,0.0063663075416258074
2025-07-29,20.59,20.64,19.6,19.6,34057406,-0.047331374705772006,-0.006610753798052372,0.013354076211323295,0.06589999173589227,1.0153196075235966,20.058,19.791,19.455000000000002,18.7582,0.026103005589965658,0.014023142028248878,16147204.9,0.05306122448979587,-0.04808159300631367
2025-07-30,19.6,19.9,19.56,19.82,15022479,0.011161962665370409,0.0,0.024516038876693697,0.07706195440126262,-0.5589071287460942,20.058,19.839,19.5285,18.7854,0.026636835045027292,0.01410696794946963,16516339.05,0.01715438950554994,0.01122448979591831
2025-07-31,19.99,20.03,19.56,19.82,10618445,0.0,-0.008540619610466716,0.024516038876693697,0.07216931077339417,-0.29316293269572885,20.024,19.887,19.5975,18.814,0.02622285884904214,0.01413039493261611,16290317.8,0.023713420787083876,-0.00850425212606294
2025-08-01,19.82,19.86,19.64,19.82,7330826,0.0,-0.0254060987384132,0.015251947916895643,0.05124018623278109,-0.30961397831791754,19.922000000000004,19.917,19.647,18.8382,0.02424666670233709,0.01354292890008559,15308325.65,0.01109989909182638,0.0
2025-08-04,19.82,20.08,19.64,20.08,11154749,0.013032765921686486,-0.02313664611871532,0.01961340217249423,0.046377737765975056,0.5216223928926972,19.827999999999996,19.956,19.692500000000003,18.8694,0.02463554622352766,0.013294547628863134,14996841.2,0.021912350597609452,0.013118062563067507
2025-08-05,20.25,21.11,20.08,20.2,42372840,0.005958309583630625,0.030153038170687457,0.023542284372635093,0.05233604734960577,2.798636795861565,19.948,20.003,19.744,18.9038,0.00608487282164567,0.013306603079844371,16380020.9,0.05099009900990105,-0.002469135802469171
2025-08-06,20.42,21.02,20.42,20.85,16273086,0.031671343837651404,0.05066241934296854,0.05066241934296854,0.07517845821966228,-0.6159547955718805,20.154,20.106,19.819499999999998,18.952,0.013182301718687598,0.014767915171424017,16256186.15,0.028776978417266084,0.021057786483839356
2025-08-07,21.02,21.24,20.76,21.02,19117139,0.008120417203994429,0.058782836546963035,0.05024221693649638,0.07865610205945633,0.17477035394515827,20.394,20.209,19.899,19.005399999999998,0.012075649694862703,0.014799309714001124,16754007.0,0.022835394862036007,0.0
2025-08-08,21.11,21.37,20.68,20.89,15806665,-0.006203789880330582,0.0525790466666324,0.027172947928219223,0.06578391096180315,-0.17316785738702847,20.608,20.265,19.9655,19.0596,0.013783553750017214,0.014953179909619635,16743364.55,0.033030157970320786,-0.010421601136901888
2025-08-11,20.94,21.28,20.89,21.02,16076962,0.006203789880330666,0.045750070625276584,0.02261342450656149,0.07198770084213374,0.01710019159639304,20.796,20.312,20.0385,19.1164,0.013810112911007436,0.014945701549105192,16930548.3,0.018553758325404405,0.0038204393505252288
2025-08-12,21.11,21.15,20.76,20.89,14645340,-0.006203789880330582,0.03358797116131537,0.06374100933200283,0.07709508554332625,-0.08904804278320742,20.934,20.441,20.116,19.168000000000003,0.015482618167972206,0.01471944485947142,17027248.65,0.01866921972235505,-0.010421601136901888
2025-08-13,21.02,21.24,20.81,21.11,19307849,0.010476286291754735,0.012392913615418754,0.0630553329583873,0.08757137183508089,0.3183612671334363,20.985999999999997,20.57,20.2045,19.226599999999998,0.008069044477132714,0.014761395258202746,17444830.7,0.02036949313121742,0.004281636536631773
2025-08-14,21.32,22.57,21.28,22.57,34951134,0.06687472896921509,0.07114722538063929,0.12993006192760245,0.15444610080429605,0.8102034048432842,21.296,20.845,20.366,19.316200000000002,0.0303523369773152,0.020265427832805435,18435723.9,0.05715551617190957,0.05863039399624766
2025-08-15,23.52,23.78,22.7,22.88,29353803,0.01364157568215275,0.09099259094312268,0.14357163760975525,0.1588235855266508,-0.16014733599201675,21.694,21.151,20.534,19.412,0.028236139222257355,0.020306553624737197,19009899.5,0.047202797202797284,-0.02721088435374152
2025-08-18,23.09,23.69,22.7,23.31,28502251,0.01861928653606857,0.10340808759886058,0.14915815822413728,0.16877156039663146,-0.02900993782645472,22.152,21.474,20.714999999999996,19.5172,0.027452654061517888,0.020446730601241785,19576744.25,0.04247104247104256,0.00952793417063659
2025-08-19,23.31,24.73,23.26,24.51,41213850,0.050198744492355486,0.15981062197154686,0.19339859313286228,0.21694087750549723,0.445985792490565,22.875999999999998,21.905,20.954,19.6464,0.025133540026223956,0.022396107732456615,21034660.55,0.059975520195838385,0.0514800514800516
2025-08-20,24.56,24.56,23.18,24.12,33304272,-0.016039825681036523,0.13329450999875547,0.14568742361417425,0.19634984295714278,-0.19191553324913835,23.478,22.232,21.169,19.7678,0.032514244840666735,0.02316098565148134,21938711.15,0.05721393034825866,-0.01791530944625398
2025-08-21,24.38,25.42,24.12,25.37,45828312,0.05052600175220577,0.11694578278174629,0.18809300816238547,0.238335225098882,0.3760490546077692,24.038,22.666999999999998,21.438,19.9124,0.02796235865260569,0.02487823780109158,23470722.25,0.051241623965313385,0.04060705496308458
2025-08-22,24.99,25.33,23.82,24.0,43047475,-0.055513543263244904,0.04779066383634848,0.1387832547794711,0.1659562027076905,-0.06067945509317472,24.262,22.978,21.6215,20.029600000000002,0.045556856279596825,0.02903720627817051,24744207.05,0.06291666666666658,-0.039615846338535356
2025-08-25,24.3,24.47,22.36,22.57,37437560,-0.06143223951850128,-0.032260862218221324,0.07114722538063929,0.09376064988720076,-0.1303192579820303,24.113999999999997,23.133,21.722500000000004,20.114,0.05472108300563139,0.03293983258745007,25771122.15,0.0934869295525033,-0.0711934156378601
2025-08-26,22.62,23.61,22.49,23.56,20828678,0.04292876795394151,-0.03953083875663532,0.1202797832149114,0.1840207925469142,-0.4436422138622282,23.924,23.4,21.920499999999997,20.2198,0.05290597337334264,0.03159331150258204,25109685.75,0.04753820033955862,0.041556145004420765
2025-08-27,23.95,24.64,23.74,23.82,18847267,0.010975205143768138,-0.012515807931830646,0.12077870206692487,0.18383403502531206,-0.09512898514250401,23.864,23.671,22.1205,20.3292,0.05324602226297389,0.03159272901233053,25300925.15,0.03778337531486155,-0.0054279749478078915
2025-08-28,23.95,24.25,23.35,23.74,13939715,-0.0033641747456320988,-0.06640598442966858,0.050539798352077586,0.18046986027967998,-0.2603853386276111,23.538,23.788,22.316499999999998,20.437,0.04457682834723189,0.03165314216748029,25466988.65,0.03791069924178596,-0.008768267223382082
2025-08-29,23.91,24.47,23.69,23.95,21650767,0.00880693467540221,-0.0020855064910213707,0.0457051573453272,0.18927679495508226,0.5531714242364353,23.528,23.895000000000003,22.523000000000003,20.5464,0.03816170921513084,0.03158218363408262,26182985.7,0.0325678496868475,0.0016729401923880865
2025-09-03,23.87,23.91,23.44,23.69,18739010,-0.01091530568623006,0.04843142734124973,0.016170565123028467,0.1653287233471658,-0.13448747566310237,23.752,23.933,22.7035,20.652200000000004,0.02062908919129015,0.03189221070281236,26562198.75,0.019839594765723886,-0.007540846250523658
2025-09-04,23.78,23.91,23.61,23.82,11295727,0.0054725457564599785,0.010975205143768138,-0.028555633612867226,0.1648429595199951,-0.39720791012972406,23.804000000000002,23.863999999999997,22.8845,20.761599999999998,0.009142435776840298,0.031894245928591324,25008343.1,0.012594458438287184,0.0016820857863750693
2025-09-05,24.08,24.17,23.39,23.39,23556009,-0.01821698333106636,-0.01821698333106636,-0.030732791262897095,0.11495463235127708,1.0853911394990337,23.718,23.791000000000004,23.0115,20.863199999999996,0.011218948376784705,0.031916281684837594,25372489.25,0.033347584437793974,-0.028654485049833794
2025-09-08,23.26,23.78,22.88,22.88,26179984,-0.022045414084490532,-0.03689822266992484,-0.10330420709959344,0.08478880106279205,0.11139302077868964,23.546,23.542,23.104499999999998,20.9554,0.013894403102133824,0.03250559639054027,25725631.5,0.03933566433566443,-0.016337059329320832
2025-09-09,23.22,23.22,22.79,22.88,15233054,0.0,-0.04570515734532707,-0.04779066383634855,0.09099259094312268,-0.4181412028364876,23.332,23.43,23.204,21.0476,0.01171707234689187,0.032430208129772,25696950.95,0.018793706293706282,-0.01464254952627045
2025-09-10,23.0,23.13,22.79,22.88,14111979,0.0,-0.03478985165909705,0.01364157568215275,0.08478880106279205,-0.07359489436589668,23.169999999999998,23.461000000000002,23.297,21.1382,0.012305900670056342,0.03244322013321347,25598701.8,0.014860139860139855,-0.005217391304347869
2025-09-11,22.83,22.88,22.23,22.57,20469051,-0.013641575682152816,-0.05390397309770974,-0.04292876795394161,0.07735101526096982,0.45047345946305617,22.92,23.362000000000002,23.381,21.222599999999996,0.010281338528970799,0.032611421763282786,25889887.35,0.028799291094372997,-0.01138852387209803
2025-09-12,22.88,22.96,22.57,22.66,12233046,0.003979664770415959,-0.03170732499622743,-0.0499243083272938,0.07085439373963101,-0.4023637930258711,22.774,23.246,23.4585,21.3088,0.011032448835709417,0.03257446419863447,25536147.2,0.01721094439541044,-0.009615384615384566
2025-09-15,22.66,22.96,22.49,22.75,27934600,0.003963889797099064,-0.005698021114637667,-0.04259624378456251,0.007943554567515153,1.2835359239227908,22.747999999999998,23.147,23.4675,21.395,0.007265487804954732,0.028975637624339738,25185320.5,0.020659340659340764,0.0039717563989408585
2025-09-16,22.92,22.92,22.57,22.75,40131026,0.0,-0.005698021114637667,-0.05140317845996475,-0.005698021114637667,0.4366064307346445,22.722,23.026999999999997,23.461000000000002,21.4734,0.007265487804954732,0.028807530980483952,25724181.65,0.015384615384615448,-0.007417102966841261
2025-09-17,22.75,22.79,22.44,22.53,13070614,-0.009717390952806342,-0.015415412067443986,-0.05020526372654102,-0.03403469860351259,-0.6743015242122142,22.652,22.910999999999998,23.422,21.540599999999998,0.008132395744616357,0.02852428160010189,24952599.8,0.015534842432312377,-0.00967032967032962
2025-09-18,22.57,22.57,22.01,22.01,21872721,-0.02335085890578274,-0.025124695291074004,-0.07902866838878364,-0.10758430200165092,0.6734272008950766,22.54,22.73,23.297,21.597399999999997,0.01167251461641881,0.026120777948294212,23985543.35,0.025442980463425656,-0.024811696942844425
2025-09-19,22.23,22.23,21.8,21.84,13447416,-0.007753744661666036,-0.036858104723155975,-0.06856542971938334,-0.09929822098228042,-0.38519693091682555,22.375999999999998,22.575,23.183,21.647399999999998,0.010533509628949689,0.02600826041614358,22992700.55,0.019688644688644674,-0.017543859649122834
2025-09-22,21.93,21.93,21.58,21.67,19425366,-0.00781433532843647,-0.04863632984869166,-0.054334350963329385,-0.15763855806292282,0.4445426541426249,22.160000000000004,22.454,22.998,21.6922,0.008481983483255684,0.02249077080454704,21672553.25,0.016151361329026368,-0.011855905152758688
2025-09-23,21.67,22.14,21.67,21.84,9405930,0.007814335328436423,-0.040821994520255166,-0.04652001563489282,-0.09431067947124129,-0.51579136269556,21.978,22.35,22.89,21.737799999999996,0.01105273134539531,0.019719001714279292,19990476.0,0.021520146520146468,0.007844946931241261
2025-09-24,21.97,22.4,21.76,22.4,10862227,0.025317807984289786,-0.005786795583159004,-0.02120220765060305,-0.0075606319684501985,0.15482753964786045,21.952,22.302,22.881500000000003,21.7946,0.018451320018305722,0.015722729018084726,18661709.35,0.02857142857142844,0.01957214383249885
2025-09-25,22.53,22.53,22.1,22.1,8170966,-0.013483350337286875,0.004080712985336842,-0.021043982305737143,-0.06397275025967868,-0.24776328095518535,21.97,22.255000000000003,22.808500000000002,21.849799999999995,0.01582490065752763,0.01221309496750314,18028823.75,0.01945701357466062,-0.019085663559698166
2025-09-26,22.1,22.19,21.93,22.1,8983361,0.0,0.011834457647003017,-0.025023647076153052,-0.07494795540344691,0.09942459679797958,22.022,22.199,22.7225,21.905,0.015140252087879499,0.011781664601591465,17535628.45,0.01176470588235301,0.0
2025-09-29,22.01,22.23,21.84,22.06,8274811,-0.0018115946983508252,0.017837198277088573,-0.03079913157160306,-0.0733953753561656,-0.0788735975321486,22.1,22.130000000000003,22.6385,21.959400000000002,0.014348385980211396,0.011789434929786319,17252383.25,0.01767905711695379,0.0022716946842343097
2025-09-30,22.19,22.23,21.93,21.97,9286555,-0.004088127428837528,0.0059347355198145265,-0.034887259000440665,-0.0862904374604054,0.12226792853637382,22.125999999999998,22.052,22.539499999999997,22.0084,0.014454606372493127,0.011417939502415249,16634172.65,0.013654984069185286,-0.009914375844975322
2025-10-01,22.14,22.36,22.01,22.23,10490510,0.01176484157958643,-0.007618230884888874,-0.01340502646804789,-0.0636102901945889,0.12964495445296992,22.092,22.022,22.4665,22.0592,0.009063655534236832,0.011846104479016704,16221747.65,0.015744489428699857,0.0040650406504064976
2025-10-02,22.32,22.57,22.14,22.19,10950409,-0.0018009910316026765,0.004064128420795405,0.00814484140613227,-0.07088382698265148,0.043839527344237794,22.110000000000003,22.04,22.384999999999998,22.108400000000003,0.006291786299415672,0.011676913911452182,16204481.75,0.01937809824245154,-0.005824372759856586
2025-10-03,22.19,22.27,21.97,22.1,9825189,-0.004064128420795441,0.0,0.011834457647003017,-0.05673097207238046,-0.10275597925155125,22.11,22.066000000000003,22.320500000000003,22.154,0.006673958104732892,0.011158240750607113,15517940.75,0.013574660633484194,-0.004055881027489854
2025-10-06,22.53,23.09,22.32,23.09,20307466,0.043822014842696703,0.04563360954104754,0.06347080781813626,0.009136456854806827,1.0668778992444827,22.316000000000003,22.208000000000002,22.331,22.215999999999998,0.020486390071877008,0.014430843277798802,15224314.85,0.03334776959722822,0.0248557478916999
2025-10-07,23.18,23.18,22.79,22.79,12409646,-0.013077780108811186,0.036643956861074,0.04257869238088866,-0.003941323254004286,-0.3889121370435878,22.48,22.303,22.326500000000003,22.2652,0.022254289521742292,0.014745491531806923,15083144.45,0.017112768758227318,-0.01682484900776534
2025-10-08,22.96,23.13,22.92,23.05,18241992,0.011343926185064796,0.036223041466552225,0.02860481058166342,0.0074026029310604495,0.46998488111586745,22.644,22.368000000000002,22.335,22.3152,0.022234100727482123,0.01496993887061893,15289645.1,0.009110629067245002,0.003919860627177694
2025-10-09,23.09,23.22,22.92,23.22,16402847,0.007348206827087917,0.04537223932524288,0.049436367746038136,0.02839238544030112,-0.10081930745282643,22.85,22.48,22.3675,22.387600000000003,0.021672951124945602,0.014668655144920155,15086334.9,0.012919896640826751,0.005630142919012517
2025-10-10,23.31,23.44,23.09,23.22,16356212,0.0,0.049436367746038136,0.049436367746038136,0.02441272066988511,-0.002843104005054732,23.074,22.592000000000002,22.3955,22.455600000000004,0.021126329728146827,0.01465908920627064,15292493.2,0.015073212747631414,-0.003861003861003855
2025-10-13,22.88,23.09,22.75,23.05,18393101,-0.00734820682708784,-0.0017338539237463718,0.04389975561730119,0.013100624045698056,0.12453305202940632,23.066,22.691,22.4105,22.5202,0.01008840957644188,0.01476551900997847,14815418.25,0.014750542299349235,0.007430069930070005
2025-10-14,23.05,23.22,22.62,22.66,18552934,-0.017064513842797346,-0.005720587657732604,0.030923369203341555,-0.0039638897970991965,0.008689834302546374,23.04,22.759999999999998,22.406,22.576999999999998,0.011416321173002703,0.015289115168609087,13736513.65,0.026478375992939007,-0.01691973969631239
2025-10-15,22.75,22.96,22.53,22.66,14442329,0.0,-0.017064513842797346,0.019158527623755115,0.005753501155707071,-0.2215609132226741,22.962,22.803,22.4125,22.628600000000002,0.009232421043531272,0.015124199162008575,13805099.4,0.01897616946160634,-0.00395604395604395
2025-10-16,22.75,22.88,22.53,22.66,13474766,0.0,-0.024412720669885177,0.02095951865535764,0.029104360061489996,-0.0669949424362234,22.85,22.85,22.445,22.6778,0.007516608114095253,0.014067742017523146,13385201.65,0.01544571932921438,-0.00395604395604395
2025-10-17,22.66,22.75,22.19,22.19,16312948,-0.020959518655357622,-0.04537223932524275,0.004064128420795405,0.015898586067798422,0.21062940907471045,22.644000000000002,22.859,22.4625,22.704599999999996,0.009653589724184982,0.014812906439865183,13528478.25,0.02523659305993685,-0.020741394527802246
2025-10-20,22.06,22.1,21.2,21.37,32258331,-0.03765366761344636,-0.07567770011160128,-0.07741155403534765,-0.013940746217211412,0.9774678985061437,22.308,22.687,22.447499999999998,22.711599999999997,0.015834099918079696,0.017058224789695042,14170126.5,0.042115114646701084,-0.03127833182230271
2025-10-21,21.41,21.8,21.41,21.54,19394085,0.007923602397186228,-0.05068958387161783,-0.0564101715293504,-0.01383147914846185,-0.3987883316095926,22.084,22.562,22.4325,22.7246,0.018748311919619183,0.017061111511803874,14669534.25,0.01810584958217273,0.006071929005137739
2025-10-22,21.71,21.8,21.24,21.63,15635919,0.004169568236724831,-0.04652001563489293,-0.06358452947769017,-0.0349797188960267,-0.19377897951875533,21.878,22.419999999999998,22.394,22.736800000000002,0.019393597592397997,0.01598573269572907,14908218.85,0.02588996763754056,-0.0036849378166744287
2025-10-23,21.63,21.71,21.5,21.5,8759225,-0.0060283048313502455,-0.052548320466243206,-0.07696104113612832,-0.027524673390090033,-0.43980107597129403,21.645999999999997,22.248,22.364,22.749000000000002,0.018850359039105063,0.01578334852709801,14937631.8,0.009767441860465156,-0.006010171058714702
2025-10-24,21.5,21.8,21.37,21.54,11733495,0.001858736594625342,-0.029730065216260135,-0.0751023045415029,-0.02566593679546476,0.3395585796688634,21.516,22.08,22.336,22.757600000000004,0.018445781796176175,0.015797344867246068,15075138.5,0.019962859795728864,0.0018604651162790302
2025-10-27,21.8,22.01,21.5,21.54,10218948,0.0,0.007923602397186228,-0.06775409771441504,-0.02385434209711393,-0.12907893172494642,21.55,21.929,22.31,22.737,0.00518187804052639,0.015799349837761392,15172345.35,0.0236768802228413,-0.011926605504587228
2025-10-28,21.63,21.88,21.58,21.88,10313390,0.015661305825538006,0.015661305825538006,-0.03502827804607984,-0.004104908842738422,0.009241851509568303,21.618000000000002,21.851,22.305500000000002,22.717,0.007959300538951702,0.016220426259769875,15223687.1,0.013711151736745919,0.011558021266759132
2025-10-29,21.88,22.01,21.8,21.88,6358233,0.0,0.011491737588813125,-0.03502827804607984,-0.01586975042232479,-0.38349727878030404,21.668,21.773000000000003,22.288,22.6884,0.008041452829975754,0.015974948975189515,15017073.25,0.00959780621572216,0.0
2025-10-30,21.97,22.14,21.54,21.63,9320544,-0.011491737588813038,0.006028304831350234,-0.04652001563489293,-0.02556049697953522,0.4659016113439064,21.694,21.669999999999998,22.259999999999998,22.6308,0.009663376000025165,0.016153088124474576,14935580.0,0.02773925104022198,-0.01547564861174328
2025-10-31,21.8,21.97,21.58,21.97,12754190,0.015596646431551507,0.019766214668276327,-0.00996385054798384,-0.005899722127188383,0.3683954498793203,21.779999999999998,21.648,22.2535,22.587799999999998,0.011645291585223809,0.01656754550557559,15082030.05,0.017751479289940857,0.007798165137614594
2025-11-03,21.88,22.32,21.8,21.93,13878741,-0.0018223239667220052,0.01794389070155427,0.02586749309874057,-0.05154406093660715,0.08817110298654796,21.857999999999997,21.704,22.1955,22.519000000000002,0.011827046702577932,0.012910706333240334,14760593.8,0.023711810305517538,0.002285191956124347
2025-11-04,21.93,22.49,21.88,22.4,17988658,0.021205396431197326,0.02348798130721376,0.039149287132751655,-0.017260884396598744,0.29613039107798034,21.962,21.79,22.176,22.487000000000002,0.013397463024648601,0.013695223008991673,15039544.4,0.027232142857142833,0.021431828545371585
2025-11-05,22.23,22.32,22.01,22.06,6234065,-0.015294945035637702,0.008193036271575853,0.019684773860389075,-0.043899755617301174,-0.6534446872023472,21.997999999999998,21.833,22.1265,22.476799999999997,0.016192708931326284,0.013740856660933255,14439148.05,0.014052583862193959,-0.0076473234367971975
2025-11-06,22.01,22.14,21.8,21.8,6532302,-0.011856044030312984,0.00782872983007607,0.01385703466142628,-0.06310400647470205,0.04783989259014784,22.032,21.863,22.055500000000002,22.441599999999998,0.01626720937881022,0.013709840829299833,13945620.8,0.01559633027522935,-0.00954111767378468
2025-11-07,21.76,21.8,21.41,21.45,12120670,-0.01618532442101742,-0.023953241022492872,-0.004187026354216576,-0.07928933089571945,0.8554974953699324,21.928,21.854,21.967,22.3942,0.015610124932660662,0.013988652514593839,13733843.7,0.01818181818181821,-0.014246323529411868
2025-11-10,21.45,21.71,21.28,21.37,7235732,-0.003736576042969622,-0.025867493098740462,-0.007923602397186171,-0.07567770011160128,-0.4030254103114762,21.816000000000003,21.837,21.883000000000003,22.346799999999998,0.015542451936486332,0.013965965446575176,13175975.25,0.020121665886757123,-0.0037296037296036502
2025-11-11,21.41,21.58,21.37,21.41,6968104,0.0018700332705351445,-0.04520285625940263,-0.02171487495218897,-0.05674315299826878,-0.0369869973072524,21.618000000000002,21.79,21.8205,22.296,0.007830473045443298,0.013656657258574654,12596733.75,0.009808500700607067,0.0
2025-11-12,21.54,21.71,21.37,21.71,6325256,0.013914881288609076,-0.015993029935155792,-0.007799993663579945,-0.04282827170965978,-0.09225579870794122,21.548,21.773,21.773000000000003,22.2564,0.011858099042372333,0.014154191514379508,12190880.1,0.015660985720865953,0.007892293407613821
2025-11-13,21.71,21.71,21.54,21.63,5644780,-0.0036917439252331825,-0.007828729830076025,0.0,-0.04652001563489293,-0.10758078408209881,21.514,21.773,21.7215,22.2126,0.010890579000981957,0.014148866486952806,11799380.8,0.007859454461396288,-0.0036849378166744287
2025-11-14,21.63,21.63,21.45,21.5,6770417,-0.0060283048313502455,0.002328289759591168,-0.02162495126290169,-0.0315888018108855,0.19941202314350603,21.524,21.726,21.687,22.1748,0.008061764570212838,0.013492629652914154,11322254.25,0.0083720930232558,-0.006010171058714702
2025-11-17,21.54,21.67,21.5,21.67,3951472,0.007875880414650689,0.013940746217211412,-0.01192674688152906,0.013940746217211412,-0.4163620940925795,21.583999999999996,21.7,21.701999999999998,22.1506,0.008219656156821959,0.010621171140110935,9906911.3,0.007844946931241426,0.006035283194057686
2025-11-18,21.71,21.88,21.58,21.63,6397885,-0.00184757558330037,0.010223137363375817,-0.0349797188960267,0.004169568236724831,0.6191143452364081,21.628,21.623,21.7065,22.125600000000006,0.008487253294751373,0.010495247714638566,9257101.3,0.01386962552011099,-0.0036849378166744287
2025-11-19,21.67,21.67,21.41,21.45,6002717,-0.008356594590941418,-0.012048338516174593,-0.02804136845133041,-0.008356594590941418,-0.06176541153834431,21.576,21.562,21.697499999999998,22.096999999999998,0.006249252778300041,0.010619444113768781,8775441.2,0.012121212121212194,-0.010152284263959501
2025-11-20,21.54,21.54,21.37,21.37,6159454,-0.003736576042969622,-0.012093170633911066,-0.019921900463987032,-0.00606486580256081,0.02611100939791098,21.524,21.519,21.691,22.073,0.006251583908651693,0.01056795881702063,8645452.65,0.007955077211043432,-0.007892293407613656
2025-11-21,21.32,21.41,21.2,21.28,7305892,-0.004220404857612656,-0.010285270660173425,-0.007956980900582274,-0.012144007254798724,0.18612656251674256,21.48,21.502000000000002,21.678,22.0454,0.006039291352793465,0.010589904619844123,8424072.5,0.009868421052631618,-0.0018761726078798848
2025-11-24,21.28,21.41,21.2,21.2,7090518,-0.003766482795477005,-0.02192763387030104,-0.007986887653089568,-0.015910490050275682,-0.029479494085048068,21.386,21.485,21.660999999999998,22.014400000000002,0.002400114247231718,0.010612005542054668,8267651.0,0.009905660377358532,-0.003759398496240688
2025-11-25,21.24,21.28,20.76,20.85,15874324,-0.016647233433156168,-0.03672729172015681,-0.02650415435678094,-0.04821902930896994,1.2388101969418877,21.23,21.429000000000002,21.6095,21.976399999999998,0.005548523971551735,0.01043258028584485,8545697.7,0.024940047961630674,-0.018361581920903817
2025-11-26,20.85,21.02,20.81,20.85,9009389,0.0,-0.02837069712921546,-0.04041903564538996,-0.04821902930896994,-0.4324552654966599,21.110000000000003,21.343,21.558,21.942800000000002,0.0063661467975957,0.01043258028584485,8678255.5,0.010071942446043206,0.0
2025-11-27,21.07,21.11,20.94,20.98,7797255,0.006215654723340534,-0.018418466362905155,-0.030511636996816194,-0.030511636996816194,-0.1345411991867595,21.032000000000004,21.278,21.5255,21.922200000000004,0.008365329846997718,0.010372575094131921,8602091.05,0.008102955195424125,-0.004271476032273368
2025-11-28,20.98,21.07,20.89,20.89,5364461,-0.004299027399676655,-0.0184970889049692,-0.02878235956514271,-0.05040731082804432,-0.3120064689432371,20.954,21.217000000000002,21.4715,21.903200000000002,0.008366664721648655,0.009566788425046784,8232604.6,0.008616562948779306,-0.004289799809342224
2025-12-01,20.94,20.98,20.68,20.68,9256755,-0.010103525928246083,-0.02483413203773838,-0.046761765908039446,-0.0586885127895684,0.7255703788320952,20.85,21.118,21.409,21.8834,0.008845631613544335,0.00971307723676209,8001505.3,0.014506769825918796,-0.012416427889207333
2025-12-02,20.72,20.81,20.55,20.64,15516391,-0.0019361090268663291,-0.010123007631448565,-0.046850299351605396,-0.08183001824763213,0.6762235794292925,20.808,21.019,21.321,21.8594,0.005967635584307094,0.007894110667722208,7877891.95,0.012596899224806104,-0.003861003861003779
2025-12-03,20.68,21.15,20.68,21.07,16069214,0.02061928720273561,0.010496279571287234,-0.01787441755792829,-0.04591578600925871,0.035628323622419675,20.852,20.981,21.2715,21.832800000000002,0.011896074797499384,0.009189917148227329,8369649.4,0.022306597057427567,0.01885880077369442
2025-12-04,21.15,21.54,21.11,21.45,12228296,0.01787441755792821,0.022155042405874726,0.0037365760429696623,-0.01618532442101742,-0.239023389694107,20.945999999999998,20.988999999999997,21.253999999999998,21.8198,0.013881570677634876,0.0099363254977104,8654449.1,0.020046620046620035,0.014184397163120602
2025-12-05,21.45,21.54,20.98,20.98,9005902,-0.02215504240587476,0.004299027399676591,-0.014198061505292538,-0.02215504240587476,-0.2635194633823061,20.964,20.959,21.2305,21.797399999999996,0.01828680630140358,0.010496410018005019,8498710.7,0.02669208770257382,-0.02191142191142186
2025-12-08,20.89,21.07,20.85,20.85,4944494,-0.00621565472334066,0.008186898604582118,-0.016647233433156168,-0.02463412108624582,-0.45097181825873744,20.998,20.924,21.2045,21.773200000000003,0.017779718303741157,0.010543619932367312,8384148.8,0.010551558752997547,-0.0019147917663953637
2025-12-09,20.85,20.89,20.68,20.76,11333778,-0.004325889947122606,0.005797117684325915,-0.004325889947122606,-0.030830044303903494,1.292201790516886,21.022000000000002,20.915,21.172000000000004,21.749000000000002,0.017931272156315438,0.010538711142068757,8602432.5,0.010115606936416225,-0.004316546762589921
2025-12-10,20.81,20.94,20.72,20.76,5465071,0.0,-0.014822169518409761,-0.004325889947122606,-0.04474492559251258,-0.5178067719343011,20.96,20.906,21.1245,21.7196,0.014350514386853915,0.009904861805094277,8559423.25,0.010597302504817071,-0.0024026910139354715
2025-12-11,20.89,20.89,20.64,20.64,7536174,-0.005797117684325958,-0.03849370476066398,-0.016338662354789105,-0.046850299351605396,0.3789709227931348,20.798,20.872,21.075,21.688599999999997,0.008447589947526726,0.009932283755156437,8653992.95,0.012112403100775193,-0.011967448539971278
2025-12-12,20.72,20.76,20.25,20.25,13941112,-0.019076147060813873,-0.03541480941560294,-0.031115782015926272,-0.05989814158106896,0.8498925316745606,20.652,20.808,21.0125,21.6516,0.007141636759480323,0.01059362280370284,9012527.7,0.025185185185185262,-0.02268339768339763
2025-12-15,20.25,20.33,20.2,20.29,9324341,0.00197336028517529,-0.02722579440708718,-0.01903889580250501,-0.0658006617105444,-0.3311623204806044,20.54,20.769000000000002,20.943500000000004,21.595600000000005,0.00824415942595219,0.010354352531819565,9281171.15,0.0064070970921635785,0.0019753086419752666
2025-12-16,20.29,21.37,20.2,20.68,9839729,0.019038895802504986,-0.0038610086574595425,0.0019361090268664007,-0.044914190324739034,0.055273396800910646,20.523999999999997,20.773,20.895999999999997,21.553399999999996,0.013792191511457599,0.01149766076438419,9453263.35,0.056576402321083255,0.01922129127649091
2025-12-17,20.72,20.81,20.59,20.68,6440537,0.0,-0.0038610086574595425,-0.018683178175869293,-0.03655759573379758,-0.345455855542363,20.508000000000003,20.734,20.857499999999998,21.506,0.013792191511457599,0.011415447795771114,9475154.35,0.010638297872340371,-0.0019305019305018896
2025-12-18,20.68,20.68,20.51,20.55,3564240,-0.00630610869798477,-0.004369999671118379,-0.04286370443178227,-0.039127128388812646,-0.4465927297677197,20.490000000000002,20.644,20.816499999999998,21.452599999999997,0.013840346079174169,0.011452459646320749,9345393.65,0.00827250608272497,-0.006286266924564749
2025-12-19,20.59,20.72,20.55,20.59,3543789,0.0019445800974543762,0.016650727487150015,-0.01876408192845303,-0.03296214343374567,-0.005737829102417345,20.558,20.605,20.782000000000004,21.4,0.009413723462181627,0.011471265807878725,9157288.5,0.00825643516270025,0.0
2025-12-22,20.68,21.07,20.59,20.94,10020950,0.016855684402692677,0.03153305160466753,0.00430725719758027,-0.012339976235575914,1.8277501849009634,20.688,20.614,20.769000000000002,21.357799999999997,0.011082366399234532,0.01217600734795647,9303810.1,0.022922636103151883,0.01257253384912967
2025-12-23,21.07,21.2,20.64,20.85,8588660,-0.004307257197580332,0.008186898604582118,0.004325889947122661,0.0,-0.14292956256642333,20.722,20.622999999999998,20.769,21.321600000000004,0.009121539044524986,0.011620951537440229,8939526.9,0.026858513189448378,-0.010441385856668194
2025-12-24,20.81,21.07,20.64,20.94,8716292,0.00430725719758027,0.012494155802162418,0.008633147144702875,0.00430725719758027,0.014860525390456718,20.774,20.641,20.7735,21.287200000000002,0.009131629627835917,0.011660794907030985,8924872.05,0.020534861509073528,0.006246996636232704
2025-12-25,20.94,21.2,20.68,20.68,7258989,-0.01249415580216254,0.006306108697984695,0.0019361090268664007,-0.014402553327922776,-0.16719299904133547,20.8,20.645000000000003,20.7585,21.2476,0.010876016566249992,0.011902087678642998,8897958.75,0.025145067698259166,-0.012416427889207333
2025-12-26,20.59,20.72,20.38,20.59,7843672,-0.004361528600530259,0.0,0.016650727487150015,-0.014465054528776387,0.0805460650236555,20.8,20.679000000000002,20.7435,21.215600000000006,0.01113941074246483,0.011903084989845537,9021919.3,0.016512870325400674,0.0
2025-12-29,20.55,20.76,20.51,20.68,3777043,0.004361528600530272,-0.01249415580216254,0.019038895802504986,0.0,-0.5184598489075015,20.748,20.718,20.7435,21.2018,0.007071667695206105,0.01174148918850264,8747933.7,0.012088974854932303,0.006326034063260292
2025-12-30,20.68,20.85,20.59,20.76,5342664,0.0038610086574595933,-0.004325889947122606,0.0038610086574595933,0.005797117684325915,0.41450971037396184,20.73,20.726000000000003,20.7495,21.1862,0.0074810925059007344,0.011762713927642478,8239247.35,0.012524084778420113,0.003868471953578426
2025-12-31,20.81,20.89,20.59,20.68,5939907,-0.0038610086574595425,-0.01249415580216254,0.0,-0.018683178175869293,0.11178749028574508,20.678,20.726000000000003,20.73,21.167199999999998,0.006941609729368036,0.010767512038208525,7732782.0,0.014506769825918796,-0.006246996636232533
2026-01-05,20.68,20.76,20.55,20.68,8996777,0.0,0.0,0.006306108697984695,-0.03655759573379758,0.5146326365042415,20.678,20.738999999999997,20.691499999999998,21.1508,0.004118878463018143,0.009824733445900567,7571206.05,0.010154738878143174,0.0
2026-01-06,20.72,20.76,20.46,20.68,12750975,0.0,0.004361528600530272,0.004361528600530272,-0.014402553327922776,0.4172825446268147,20.696,20.747999999999998,20.676499999999997,21.1336,0.0033553360894464364,0.008582686573452899,7758459.7,0.014506769825918796,-0.0019305019305018896
2026-01-07,20.85,21.32,20.76,21.24,22766950,0.02671914673350964,0.02671914673350964,0.01422499093134726,0.01853224812892747,0.7855065985150155,20.808,20.778,20.696,21.127599999999997,0.0122570899629503,0.010432907381413906,8649582.5,0.026365348399246646,0.018705035971222878
2026-01-08,21.32,21.58,21.11,21.15,24942914,-0.004246290881451097,0.018611847194598984,0.014285957247476434,0.018611847194598984,0.0955755601870255,20.886000000000003,20.808,20.7155,21.113000000000003,0.013015097051796118,0.01043081316607368,9330039.3,0.02222222222222217,-0.00797373358348976
2026-01-09,21.28,21.5,21.11,21.15,16473981,0.0,0.022472855852058576,0.009978700049896051,0.018611847194598984,-0.33953262237122733,20.979999999999997,20.829,20.735,21.0984,0.012559239013443956,0.01043081316607368,9880484.8,0.018439716312056764,-0.006109022556391098
2026-01-12,21.24,21.97,21.24,21.97,22324281,0.03803798090423192,0.06051083675629038,0.06051083675629038,0.062446945783156856,0.35512363405056735,21.238,20.958,20.801499999999997,21.105200000000004,0.019016568477896838,0.013184631826381688,10619890.15,0.03322712790168414,0.03436911487758948
2026-01-13,22.14,22.23,21.45,21.45,24157806,-0.023953241022492872,0.036557595733797514,0.04091912433432792,0.057569851821477704,0.08213142452381782,21.392,21.044,20.8615,21.0948,0.024926381476268893,0.013653572581038846,11130724.85,0.03636363636363642,-0.03116531165311659
2026-01-14,21.54,21.67,21.11,21.24,19476216,-0.00983844900028794,0.0,0.02671914673350964,0.045758042536014586,-0.19379201902689341,21.392,21.099999999999998,20.909,21.081,0.023105582722220647,0.013947092202706889,11638318.6,0.026365348399246813,-0.013927576601671343
2026-01-15,21.41,21.45,21.15,21.45,14181805,0.00983844900028794,0.014084739881739023,0.032696587076338005,0.036557595733797514,-0.27183981734439583,21.452,21.169,20.9475,21.061999999999998,0.023316088462195194,0.01351040299995479,11855422.4,0.013986013986014019,0.0018682858477346636
2026-01-16,21.54,21.63,21.24,21.41,10951955,-0.001866542772434553,0.01221819710930447,0.03469105296136303,0.03469105296136303,-0.22774604502036236,21.503999999999998,21.241999999999997,20.984,21.049,0.02338729899975552,0.01353012663736058,12080993.3,0.018215787015413383,-0.006035283194057522
2026-01-19,21.45,21.67,21.32,21.63,10939250,0.010223137363375817,-0.015596646431551486,0.04491419032473907,0.051220299022723764,-0.0011600668556435813,21.436,21.337,21.038,21.0456,0.014376137837000905,0.013517951507953896,12449743.8,0.01618122977346285,0.00839160839160838
2026-01-20,21.63,21.8,21.54,21.58,18402430,-0.0023142801349788343,0.006042314455962662,0.04259991018976025,0.04696143879029043,0.6822387275178828,21.461999999999996,21.427,21.0875,21.0482,0.008655065809694046,0.013561646504176014,13192675.85,0.01204819277108441,-0.002311604253351859
2026-01-21,21.54,21.67,21.32,21.41,12933064,-0.007908857228397133,0.007971906227853372,0.007971906227853372,0.022196897159200625,-0.2972089012157634,21.496,21.444,21.110999999999997,21.049,0.008062060152719215,0.013295263328767754,13338281.55,0.016347501167678722,-0.006035283194057522
2026-01-22,21.45,21.58,21.37,21.41,10092770,0.0,-0.001866542772434553,0.01221819710930447,0.026504154356780853,-0.21961493424914622,21.488,21.470000000000002,21.139000000000003,21.049,0.00661826333507998,0.013237656912930251,13413487.05,0.009808500700607067,-0.0018648018648018251
2026-01-23,21.54,21.63,21.45,21.58,11789000,0.007908857228397124,0.007908857228397124,0.020127054337701546,0.030105754387597602,0.16806387146442453,21.522,21.512999999999998,21.171,21.0464,0.007457520882976636,0.01330468634489307,13567122.45,0.008341056533827605,0.001857010213556135
2026-01-26,21.58,21.63,21.24,21.37,13755578,-0.009778890498932196,-0.012093170633911066,-0.027689817065462467,0.03282101969082792,0.16681465773178386,21.47,21.453,21.2055,21.041200000000003,0.007014871382560068,0.013167460934659956,13891951.9,0.018249883013570452,-0.009731232622798763
2026-01-27,21.2,21.37,21.07,21.28,12479074,-0.004220404857612656,-0.013999295356544778,-0.007956980900582274,0.03296214343374555,-0.09279900851858061,21.410000000000004,21.436,21.24,21.036800000000003,0.007059435313370778,0.013164112357324457,14123722.0,0.014097744360902288,0.0037735849056604646
2026-01-28,21.07,21.11,20.55,20.59,32328366,-0.03296214343374567,-0.03905258156189337,-0.031080675334039933,-0.004361528600530259,1.59060616196362,21.246000000000002,21.371000000000002,21.235500000000002,21.0152,0.015471511025337874,0.015240937247363284,15551288.15,0.027197668771248115,-0.022781205505458018
2026-01-29,20.68,20.81,20.46,20.51,20359779,-0.0038929489554087745,-0.04294553051730217,-0.044812073289736645,-0.012115486213398701,-0.3702193609166637,21.066,21.276999999999997,21.223,20.9928,0.015073012076598894,0.015230331156120833,16302143.9,0.017064846416382146,-0.008220502901353876
2026-01-30,20.55,20.76,20.51,20.76,15676025,0.0121154862133987,-0.0387389015323006,-0.030830044303903494,0.0038610086574595933,-0.23004935367913373,20.902,21.212,21.226999999999997,20.979,0.016292183522089047,0.015467739355506443,16788949.8,0.012042389210019266,0.010218978102189823
2026-02-02,20.72,20.72,20.42,20.46,14321179,-0.014556297774207487,-0.04351630880757588,-0.055609479441486837,-0.010695289116747919,-0.08642790503332318,20.720000000000002,21.095,21.216,20.9608,0.016578651582001516,0.015815848095214795,17055169.9,0.01466275659824033,-0.012548262548262454
2026-02-03,20.51,20.59,20.42,20.42,17680226,-0.001956947786960924,-0.041252851736924126,-0.05525214709346891,-0.012652236903708775,0.23455101008094376,20.548,20.979000000000003,21.203,20.9436,0.016761554609804757,0.015818418842102246,17301632.45,0.008325171400587568,-0.004388103364212572
2026-02-04,20.42,20.51,20.29,20.33,17895804,-0.004417185096264391,-0.012707893399442918,-0.051760474961336234,-0.04378856873348288,0.012193169928936428,20.496000000000002,20.871,21.1575,20.926199999999998,0.00955077118002934,0.014458572139545172,17058075.15,0.010821446138711385,-0.004407443682664222
2026-02-05,20.38,20.42,20.2,20.2,14058811,-0.006415023233096166,-0.015229967677130299,-0.05817549819443239,-0.04595730108512785,-0.21440741080981887,20.434,20.75,21.110000000000003,20.913200000000003,0.009705335129271625,0.014482922168504761,16513870.0,0.010891089108911012,-0.008832188420019614
2026-02-06,20.16,20.2,19.82,19.82,18628049,-0.018991075505317048,-0.04633652939584604,-0.08507543092814655,-0.0649483765904449,0.3250088503216951,20.246,20.574,21.0435,20.892599999999998,0.007204610578413641,0.014939695797920666,16621573.4,0.01917255297679107,-0.016865079365079357
2026-02-09,19.99,20.12,19.73,19.77,11149156,-0.002525891719316477,-0.034306123340954967,-0.07782243214853075,-0.10551224921399331,-0.40148557693830417,20.108,20.414,20.933500000000002,20.8684,0.007002727147085809,0.011365832181164923,16062817.15,0.019726858877086525,-0.011005502751375632
2026-02-10,19.9,19.95,19.69,19.82,14134904,0.00252589171931646,-0.029823283834677666,-0.07107613557160174,-0.07903311647218406,0.26780036085242687,19.988,20.268,20.851999999999997,20.846999999999998,0.008003118178609596,0.010591488930363548,15561672.05,0.013118062563067507,-0.004020100502512477
2026-02-11,19.86,20.38,19.86,20.38,17808702,0.027862498892736662,0.0024564001543234725,-0.01025149324511937,-0.041332168579159306,0.25990965343662753,19.998,20.247,20.809,20.840999999999998,0.01724591106675272,0.012644597661259034,15478296.35,0.02551521099116779,0.026183282980866043
2026-02-12,20.38,20.55,20.29,20.55,17478735,0.00830691314766502,0.017178336535084552,0.0019483688579542725,-0.04286370443178227,-0.01852841380579,20.068,20.251,20.764,20.8392,0.017027373609662843,0.012573140602701788,15643142.85,0.012652068126520756,0.008341511285574177
2026-02-13,20.55,20.59,20.42,20.55,13641896,0.0,0.03616941204040162,-0.010167117355444313,-0.04099716165934782,-0.21951468455812162,20.214000000000002,20.229999999999997,20.721,20.8288,0.012211046587786531,0.012582226270343154,15777639.9,0.00827250608272497,0.0
2026-02-23,20.68,20.76,20.55,20.72,11548060,0.008238476449038532,0.046933780208756784,0.012627656867801876,-0.042981822573685144,-0.15348570316032317,20.404,20.256,20.6755,20.8142,0.010943266523676998,0.012487809648894468,15808080.4,0.010135135135135177,0.001934235976789127
2026-02-24,20.76,20.76,20.68,20.68,13811247,-0.001932367751053924,0.04247552073838637,0.012652236903708803,-0.0425999101897601,0.1959798442335769,20.576,20.282,20.6305,20.808199999999996,0.011790846211339957,0.012487835755929965,15578521.25,0.003868471953578426,-0.0038535645472062546
2026-02-25,20.76,21.07,20.72,21.07,16978791,0.018683178175869397,0.03329620002151887,0.03575260017584254,-0.016007874785493776,0.22934525752815804,20.714000000000002,20.356,20.6135,20.812599999999996,0.008184514416662503,0.01323355172561906,15780807.6,0.01661129568106319,0.014932562620423829
2026-02-26,21.11,21.15,20.89,21.07,13382050,0.0,0.024989286873853978,0.04216762340893863,-0.016007874785493776,-0.21183728570544275,20.818,20.443,20.5965,20.8188,0.008599052191742142,0.01323355172561906,15945271.6,0.012339819648789654,-0.0018948365703457674
2026-02-27,21.07,21.2,20.85,21.15,11061432,0.0037896776761893354,0.028778964550043327,0.06494837659044493,-0.020127054337701625,-0.17341274318957112,20.938,20.576,20.575,20.8266,0.008206454515392952,0.01312246016606656,15908893.2,0.016548463356973894,0.0037968675842429186
2026-03-02,20.68,20.85,20.59,20.64,19355008,-0.024408964878924914,-0.003868476777920206,0.043065303430836394,-0.034757128717694236,0.7497741702882592,20.922,20.663,20.5385,20.8266,0.015491621870468791,0.014014659878031617,16188864.7,0.012596899224806278,-0.001934235976789127
2026-03-03,20.64,20.89,20.25,20.25,14116918,-0.019076147060813873,-0.02101225608768017,0.021463264650706283,-0.049612870920895585,-0.2706322828696325,20.836000000000002,20.706,20.487000000000002,20.8266,0.01756997990613708,0.014537106350282691,16270756.9,0.03160493827160497,-0.01889534883720933
2026-03-04,20.25,20.33,19.9,19.99,22018960,-0.012922645040239522,-0.05261807930378909,-0.019321879282270128,-0.029573372527389417,0.5597568817783032,20.619999999999997,20.666999999999998,20.457,20.8206,0.012117352340217215,0.012927034594533081,15755286.6,0.02151075537768883,-0.012839506172839583
2026-03-05,20.25,20.29,19.99,20.29,9941243,0.014896005325414725,-0.037722073978374314,-0.012732787104520313,-0.010784418246565997,-0.5485144166663639,20.464000000000002,20.641,20.446,20.812799999999996,0.01641914558130715,0.013415831578926986,15234359.8,0.014785608674223792,0.0019753086419752666
2026-03-06,20.25,20.33,19.99,20.08,11708771,-0.010403859014194916,-0.05191561066875849,-0.02313664611871532,-0.033303763474159635,0.1777974846807386,20.25,20.594,20.412,20.8008,0.01514741594136137,0.013241719615425713,15035997.1,0.016932270916334657,-0.008395061728395145
2026-03-09,19.04,19.52,18.7,18.7,35511346,-0.07120077096298744,-0.0987074167528211,-0.10257589353074134,-0.08994823666293952,2.0328841515475875,19.862000000000002,20.392000000000003,20.324,20.7638,0.03155132469439532,0.020313472815983585,16095505.45,0.04385026737967916,-0.01785714285714285
2026-03-10,19.43,19.99,18.96,19.95,23185331,0.06470561947533157,-0.014925650216675706,-0.0359379063043559,-0.023285669400647177,-0.34710075478411884,19.802,20.319,20.3005,20.750999999999998,0.04926697165041242,0.025547187578325366,16370760.7,0.05162907268170414,0.02676273803396807
2026-03-11,19.86,20.33,19.82,19.99,18316169,0.002003005176436144,0.0,-0.05261807930378909,-0.016865479127946517,-0.2100104587680892,19.802,20.211000000000002,20.2835,20.732,0.04896557531620832,0.025544498301780752,16391778.95,0.025512756378189,0.006545820745216466
2026-03-12,19.82,20.03,19.47,19.95,15688803,-0.0020030051764362016,-0.016899010501850855,-0.05462108448022522,-0.012453461071286625,-0.14344517131284387,19.733999999999998,20.099,20.270999999999997,20.714000000000002,0.04825846041908815,0.02551287989235988,16473278.55,0.028070175438596606,0.006559031281533754
2026-03-13,19.77,20.2,19.64,20.2,15536477,0.012453461071286557,0.005958309583630625,-0.04595730108512785,0.018991075505317017,-0.009709217459101246,19.758,20.003999999999998,20.29,20.6992,0.04850870911217658,0.02528925598646827,16318699.95,0.02772277227722766,0.021750126454223556
2026-03-16,20.16,20.2,20.03,20.2,9546158,0.0,0.07715908054661823,-0.02154833620620295,0.02151696722463344,-0.3855648227072328,20.058,19.96,20.311500000000002,20.6896,0.028103492672861143,0.025277290435207406,16238550.05,0.008415841584158324,0.001984126984126942
2026-03-17,20.25,20.55,20.25,20.46,9860533,0.012789156116321358,0.025242617187608098,0.010316966970932269,0.03178023162163855,0.03293209687080394,20.16,19.980999999999998,20.3435,20.686999999999998,0.007057572560720576,0.0254120972499648,16024831.5,0.014662756598240503,0.010370370370370412
2026-03-18,20.46,20.59,20.29,20.46,10517326,0.0,0.02323961201117194,0.02323961201117194,0.003917732728901653,0.06660826549639862,20.254,20.028,20.3475,20.682599999999997,0.007325423593086233,0.024648189776867942,15660262.7,0.014662756598240503,0.0
2026-03-19,20.25,20.51,20.03,20.33,16625793,-0.006374132883225263,0.018868484304382736,0.0019694738025317405,-0.010763313301988514,0.5808003859536159,20.330000000000002,20.032,20.3365,20.674,0.008486413212390928,0.024612503963859007,15617615.6,0.023610427939006418,0.003950617283950533
2026-03-20,20.16,20.25,19.82,19.82,13785834,-0.0254060987384132,-0.018991075505317048,-0.01303276592168639,-0.03616941204040168,-0.17081645368735193,20.253999999999998,20.006,20.3,20.656799999999997,0.013942110201803543,0.02523112390475924,15624812.5,0.02169525731584257,-0.016865079365079357
2026-03-23,19.77,19.77,19.34,19.39,15874820,-0.021934059647281453,-0.04092513515259856,0.036233945394019466,-0.06634194813672183,0.1515313473236367,20.092,20.075,20.2335,20.631,0.01577808268172559,0.02549939292269806,15841150.5,0.022176379577101585,-0.019221041982802174
2026-03-24,19.6,19.9,19.6,19.9,14010409,0.025962262475886268,-0.0277520287930338,-0.002509411605425807,-0.03844731790978168,-0.11744454425310019,19.98,20.07,20.194499999999998,20.6154,0.02053780932920103,0.02632851133001938,15851108.6,0.01507537688442197,0.015306122448979446
2026-03-25,19.99,20.51,19.95,20.51,12457200,0.03019284035384278,0.002440811560808818,0.025680423571980696,-0.026937655731808372,-0.11086107479089297,19.99,20.121999999999996,20.166500000000003,20.6008,0.026228122145008324,0.026921713089732967,15625029.05,0.027303754266211712,0.026013006503251786
2026-03-26,20.42,20.42,20.08,20.33,8303253,-0.008814944444034094,0.0,0.018868484304382736,-0.035752600175842524,-0.3334575185434929,19.99,20.16,20.1295,20.584400000000002,0.026409859677625012,0.026970614386610015,15371089.2,0.01672405312346303,-0.004407443682664222
2026-03-27,20.16,20.51,20.08,20.51,7647011,0.008814944444034049,0.03422104318244735,0.01522996767713018,-0.030727333407997548,-0.07903432546256269,20.128,20.191,20.0975,20.5716,0.022293161428528892,0.0270486037446273,15200368.15,0.020965382740126926,0.01736111111111118
2026-03-30,20.08,20.51,20.08,20.46,7423501,-0.002440811560808809,0.053714291268919946,0.012789156116321358,-0.008759180089881578,-0.02922841355923249,20.342000000000002,20.217,20.0885,20.5414,0.01710238080190285,0.026511610773081656,14603792.8,0.021016617790811497,0.01892430278884475
2026-03-31,20.38,20.55,20.2,20.29,13107089,-0.008343606685757152,0.019408422107276627,-0.008343606685757152,0.00197336028517529,0.765620965094502,20.419999999999998,20.2,20.0905,20.518199999999997,0.01633439671061202,0.026221528368856935,14553301.35,0.017249876786594454,-0.004416094210009807
2026-04-01,20.55,20.59,20.42,20.51,9891992,0.010784418246565928,0.0,0.002440811560808818,0.025680423571980696,-0.24529451200033814,20.42,20.205000000000002,20.1165,20.503599999999995,0.00931777201939502,0.02613762348945772,13946952.95,0.008288639687957003,-0.0019464720194646787
2026-04-02,20.42,20.42,20.08,20.33,9777011,-0.008814944444034094,0.0,0.0,0.0019694738025317405,-0.011623644661257308,20.42,20.205,20.118499999999997,20.481199999999998,0.00931777201939502,0.026025214907997737,13938741.35,0.01672405312346303,-0.004407443682664222
2026-04-03,20.33,20.42,20.03,20.25,11394921,-0.0039428340877070015,-0.012757778531741126,0.021463264650706283,0.008430498729019803,0.16548104528060775,20.368000000000002,20.247999999999998,20.127,20.458000000000002,0.007946288663591147,0.025927906468868805,13923048.85,0.01925925925925929,-0.003935071323167649
2026-04-06,20.25,20.25,19.99,20.03,5563133,-0.010923643874821157,-0.02124061084575352,0.03247368042316651,0.06870762581718609,-0.5117883660623886,20.282,20.312,20.1935,20.426000000000002,0.008778694682608727,0.01998705281749738,12425638.2,0.012980529206190791,-0.010864197530864142
2026-04-07,20.03,20.16,19.95,19.99,10482007,-0.001999001165418315,-0.01489600532541466,0.004512416781861993,0.002003005176436144,0.884191336069082,20.222,20.321,20.195500000000003,20.3942,0.008492594852925922,0.01384724641260566,11790472.0,0.0105052526263132,-0.0019970044932602444
2026-04-08,20.42,20.81,20.29,20.76,19741170,0.03779590978537945,0.0121154862133987,0.0121154862133987,0.03779590978537945,0.8833387537329445,20.272,20.345999999999997,20.234,20.3812,0.02009816523109137,0.016216416729654116,11861722.05,0.025048169556840055,0.01665034280117531
2026-04-09,20.72,20.72,20.46,20.55,5150933,-0.010167117355444313,0.010763313301988361,0.010763313301988361,0.02963179760637115,-0.7390766099476374,20.316,20.368000000000002,20.264000000000003,20.363999999999997,0.020295314921078632,0.016421029317992216,11334828.55,0.012652068126520585,-0.008204633204633115
2026-04-10,20.76,20.85,20.55,20.55,8152393,0.0,0.014706147389695487,0.0019483688579542725,0.017178336535084552,0.5827022017176305,20.375999999999998,20.372000000000003,20.2815,20.343400000000003,0.020074666365706467,0.016217944236480784,10965624.35,0.014598540145985436,-0.010115606936416225
2026-04-13,20.51,20.68,20.29,20.46,8098526,-0.004389180418763208,0.02124061084575355,0.0,0.012789156116321358,-0.0066075077587648195,20.462,20.372,20.2945,20.3252,0.01913719723739336,0.016259821535953532,10893242.75,0.019061583577712638,-0.0024378352023403565
2026-04-14,20.64,20.81,20.51,20.68,15460026,0.01069528911674795,0.03393490112791979,0.019038895802504986,0.01069528911674795,0.9089925746981611,20.6,20.411,20.305500000000002,20.313200000000002,0.01894227865748257,0.016184039394947655,11173217.4,0.014506769825918624,0.0019379844961239896
2026-04-15,20.81,20.85,20.51,20.51,7267046,-0.008254477555939072,-0.012115486213398701,0.0,0.002440811560808818,-0.5299460686547358,20.55,20.410999999999998,20.308,20.311600000000002,0.008303670691970572,0.01630320839224665,11010703.4,0.01657727937591418,-0.014416146083613511
2026-04-16,20.59,20.59,20.33,20.38,8631977,-0.006358544289710615,-0.008306913147664916,0.0024564001543234725,0.0024564001543234725,0.18782473648852643,20.516000000000002,20.416000000000004,20.310499999999998,20.309,0.00755679558471115,0.016302881844338004,10611012.6,0.012757605495583984,-0.010199125789218109
2026-04-17,20.42,20.55,20.38,20.46,6079050,0.003917732728901653,-0.004389180418763208,0.010316966970932269,0.03178023162163855,-0.29575229405731734,20.497999999999998,20.437,20.342499999999998,20.303,0.007964252131092189,0.015165015986937334,10225673.4,0.008308895405669682,0.00195886385896176
2026-04-20,20.55,20.68,20.46,20.64,8677744,0.008759180089881554,0.008759180089881554,0.02999979093563501,0.06247347135880155,0.4274835706236994,20.534,20.498,20.405,20.3066,0.00865569051129437,0.014180322125264419,9865819.6,0.010658914728682115,0.004379562043795613
2026-04-21,20.68,20.72,20.46,20.46,6833722,-0.008759180089881578,-0.010695289116747919,0.02323961201117194,0.027752028793033786,-0.2125001613322541,20.490000000000002,20.544999999999998,20.433,20.3074,0.007976288998911467,0.013337464674650908,9506985.25,0.012707722385141642,-0.010638297872340371
2026-04-22,20.46,20.51,20.29,20.33,8815039,-0.006374132883225263,-0.008814944444034094,-0.02093043065743276,-0.008814944444034094,0.2899323384826014,20.454,20.502000000000002,20.424,20.3074,0.0076536773484387885,0.01157019053023518,9324877.2,0.010821446138711385,-0.0063538611925709945
2026-04-23,20.29,20.59,20.25,20.25,14046548,-0.0039428340877070015,-0.0063992342420305555,-0.014706147389695449,-0.0039428340877070015,0.5934754230809416,20.428000000000004,20.472,20.419999999999998,20.3084,0.007361735058877078,0.01143509701141764,9612041.95,0.016790123456790117,-0.001971414489896459
2026-04-24,20.29,20.33,20.08,20.16,17490276,-0.004454350349380309,-0.014771317320312543,-0.019160497739075744,-0.01721212888112141,0.24516543139282335,20.368000000000002,20.433,20.4025,20.3152,0.006815879552737827,0.01126842315834474,10104205.2,0.01240079365079365,-0.0064070970921635785
2026-04-28,20.16,20.25,20.12,20.25,7249182,0.004454350349380375,-0.019076147060813873,-0.010316966970932267,-0.010316966970932267,-0.5855307257587016,20.29,20.412,20.392000000000003,20.3248,0.004995031111917131,0.01132287950091267,10095489.25,0.006419753086419704,0.004464285714285707
2026-04-29,20.25,20.29,20.08,20.25,8944023,0.0,-0.010316966970932267,-0.02101225608768017,-0.0019733602851751885,0.23379755122715914,20.248,20.369,20.39,20.333399999999997,0.004317696817471114,0.01117199486017128,9887335.95,0.010370370370370412,0.0
2026-05-04,20.29,20.29,19.9,19.9,12033852,-0.017435061822101534,-0.02137789590980854,-0.03019284035384271,-0.03019284035384271,0.3454629980267269,20.162,20.308,20.3595,20.3238,0.008182403509171815,0.01150228340006073,9994428.95,0.019597989949748772,-0.01922129127649091
2026-05-05,19.9,19.95,19.39,19.47,28835890,-0.02184491234633841,-0.03927997416843993,-0.04567920841047041,-0.04322280825614692,1.3962310654975647,20.006,20.217,20.3165,20.3022,0.011316810240689645,0.012280525270595567,10947372.9,0.028762198253723614,-0.021608040201005013
2026-05-06,19.52,20.03,19.52,19.9,19413352,0.021844912346338324,-0.012980711472721222,-0.0277520287930338,-0.017435061822101534,-0.32676425107739,19.954,20.161,20.299,20.289199999999997,0.017638900437288794,0.013387504898872497,11348294.45,0.02562814070351767,0.019467213114754047
2026-05-07,19.9,19.99,19.69,19.73,20251927,-0.008579411695922625,-0.0260144735180242,-0.045090620578837975,-0.015090829643202958,0.04319578607548042,19.85,20.07,20.284,20.269399999999997,0.017296224372265943,0.013304872836166373,12082734.15,0.015205271160668887,-0.008542713567839104
2026-05-08,19.73,19.86,19.69,19.69,15744355,-0.0020294273834897273,-0.028043900901513954,-0.03836086787244622,-0.015121255861274344,-0.22257496780429833,19.738,19.993000000000002,20.269,20.2496,0.017166934616997972,0.013305024358479682,12345851.55,0.008633824276282282,-0.002027369488089161
2026-05-11,19.82,19.82,19.6,19.6,12884070,-0.004581326414562668,-0.015190165493975007,-0.036568061403783596,-0.057498492061216294,-0.1816705098430517,19.678,19.919999999999998,20.211,20.2202,0.015866360622093824,0.009738789331173671,12002996.55,0.01122448979591831,-0.01109989909182638
2026-05-12,19.64,19.69,19.52,19.56,10954421,-0.0020429016298004047,0.004611845222562846,-0.034668128945876946,-0.04937427633557241,-0.14977014250931578,19.696,19.851,20.161499999999997,20.19,0.011998262910590925,0.009586867053518522,12293170.95,0.008691206543967368,-0.004073319755600909
2026-05-13,19.56,19.6,19.3,19.39,21254892,-0.008729195352110714,-0.02596226247588617,-0.03894297394860741,-0.0581034716876832,0.94030264128063,19.594,19.774,20.1035,20.1548,0.0033270826658187472,0.00966693092510766,12948295.9,0.015471892728210455,-0.008691206543967185
2026-05-14,19.39,19.73,19.39,19.64,16153336,0.01281083367175948,-0.004572017108204166,-0.030586490626228265,-0.040903457597160554,-0.2400179685693063,19.576,19.713,20.0625,20.1348,0.008145799792898473,0.010273983751153154,13351036.4,0.017311608961303456,0.012893243940175348
2026-05-15,19.64,20.12,19.64,20.08,21605747,0.022155991897208422,0.01961340217249423,-0.008430498729019742,-0.02944275481670003,0.33754086462387706,19.654,19.696,20.0325,20.1314,0.013032931151891644,0.011291239546724707,13658322.45,0.023904382470119546,0.022403258655804364
2026-05-18,19.9,20.03,19.73,19.82,11135915,-0.01303276592168639,0.011161962665370409,-0.004028202828604664,-0.034221043182447404,-0.4845855132895891,19.698,19.688,19.997999999999998,20.128,0.01483503320134358,0.011491086037519685,13851765.9,0.015136226034308815,-0.004020100502512477
2026-05-19,19.82,19.9,19.64,19.64,15530872,-0.009123225975522063,0.004081638319648678,0.008693483542211642,-0.03698572486825884,0.3946650993654316,19.714,19.705000000000002,19.961000000000002,20.115,0.015660129096733238,0.011566319235406526,14196710.65,0.013238289205702546,-0.009081735620585252
2026-05-20,19.64,19.64,19.34,19.52,22404720,-0.006128721941373499,0.0066821117303858335,-0.01928015074550023,-0.04703217953853407,0.44259253440502244,19.740000000000002,19.666999999999998,19.914,20.1038,0.0153029636450246,0.011520744612140706,15012994.15,0.01536885245901643,-0.006109979633401272
2026-05-21,19.56,19.73,19.52,19.64,13398784,0.006128721941373546,0.0,-0.004572017108204166,-0.04966263768704213,-0.40196601430412876,19.740000000000002,19.658,19.863999999999997,20.1226,0.014309932581850598,0.011401624965532518,15249046.15,0.010692464358452182,0.004089979550102344
2026-05-22,19.64,19.77,19.56,19.69,10683861,0.0025425897247143554,-0.019613402172494143,0.0,-0.03836086787244622,-0.20262458145455586,19.662,19.658,19.825499999999998,20.1174,0.008027084753998414,0.011354170534039662,15441553.1,0.010665312341290038,0.0025458248472505452
2026-05-25,19.77,20.33,19.77,20.29,30495385,0.030017261186689036,0.023436624935881407,0.034598587601251646,-0.001969473802531832,1.854341234877541,19.756,19.727,19.823500000000003,20.1234,0.01545963592270933,0.013344064023861442,16525570.4,0.02759980285855095,0.026302478502781973
2026-05-26,20.33,21.45,20.29,21.37,58864952,0.05185991549333303,0.08441976640473646,0.08850140472438506,0.05383327577850807,0.9302905013332345,20.101999999999997,19.908,19.8795,20.1518,0.023699866244016474,0.01764028673447964,18766490.6,0.0542817033224146,0.05115592720118066
2026-05-27,21.41,21.93,21.15,21.71,40542730,0.015784914559144173,0.10633340290525405,0.11301551463564,0.07407254068703266,-0.3112585906805802,20.54,20.14,19.957,20.182,0.0201390032786241,0.017788673082793596,19919113.3,0.035928143712574905,0.014012143858010308
2026-05-28,21.63,21.8,21.24,21.24,21735191,-0.02188678751646253,0.07831789344741821,0.07831789344741821,0.04773140282118982,-0.46389424195163964,20.86,20.3,20.0065,20.2028,0.02783167294314083,0.018682828965695283,20643413.75,0.026365348399246813,-0.01803051317614427
2026-05-29,21.11,21.71,21.11,21.45,16950585,0.00983844900028794,0.08561375272299172,0.06600035055049758,0.057569851821477704,-0.22013176695801753,21.212,20.437,20.066499999999998,20.2226,0.0271548059614886,0.018746099794532543,21043741.85,0.027972027972028038,0.016106110847939357
2026-06-01,21.45,21.58,21.15,21.45,15979725,0.0,0.05559649153630268,0.07903311647218401,0.07500491364357922,-0.057275899327368346,21.444,20.6,20.144,20.242399999999996,0.02690839522764204,0.018147574943527058,21241035.5,0.020046620046620035,0.0
2026-06-02,21.45,21.88,21.32,21.63,33131904,0.008356594590941492,0.01209317063391116,0.09651293703864754,0.10520642058085904,1.073371350257905,21.496000000000002,20.799,20.252,20.2684,0.014710317740643113,0.017133922700439435,21455836.2,0.025889967637540395,0.00839160839160838
2026-06-03,21.45,22.57,21.45,22.4,60794665,0.03497971889602668,0.031287974970793594,0.1376213778760477,0.11834122713054744,0.8349282009268166,21.633999999999997,21.087,20.377000000000002,20.32,0.0204539267511758,0.018031292416894412,23524901.85,0.050000000000000044,0.04428904428904426
2026-06-04,22.4,22.83,22.32,22.62,46918657,0.009773511826980304,0.06294827431423643,0.1412661677616545,0.13669415065345047,-0.22824384343593307,21.91,21.384999999999998,20.5215,20.3846,0.01316465885940209,0.01771901388402968,24858238.35,0.022546419098143148,0.00982142857142868
2026-06-05,22.57,22.66,22.27,22.53,27603108,-0.003986716243821345,0.049123109070127076,0.13473686179311886,0.13473686179311886,-0.4116816259254821,22.125999999999998,21.669,20.6635,20.4372,0.015183979041247448,0.01777586237922931,25451176.0,0.01731025299600535,-0.0017722640673459968
2026-06-08,22.14,22.4,21.67,21.76,27706020,-0.03477433245641119,0.01434877661371601,0.06994526815001863,0.10454385575127033,0.0037282758158972535,22.188000000000002,21.816,20.7715,20.4622,0.025361908281763,0.019938247081239723,26192273.5,0.03354779411764691,-0.01716350496838297
2026-06-09,21.84,22.83,21.84,22.83,48813888,0.04800203855396219,0.05399422057673674,0.06608739121064784,0.1545887959350329,0.7618513232864194,22.428,21.962,20.935000000000002,20.512199999999996,0.032654903559316946,0.022010462335683996,28085246.85,0.04336399474375815,0.04532967032967026
2026-06-10,22.83,23.31,22.53,22.83,38043997,0.0,0.019014501680709978,0.050302476651503614,0.16331799128714364,-0.22063169809378838,22.514000000000003,22.073999999999998,21.107,20.558600000000002,0.029801657202800102,0.021751946335678108,28924702.1,0.034165571616294244,0.0
2026-06-11,22.57,22.88,22.57,22.83,23618890,0.0,0.009240989853729654,0.07218926416796603,0.1505071576153842,-0.3791690710100729,22.556,22.233,21.2665,20.605999999999998,0.029632181116307072,0.0217965434829506,29297979.8,0.013578624616732315,0.011519716437749137
2026-06-12,23.0,23.35,22.83,22.83,61192641,0.0,0.013227706097550907,0.06235081516767814,0.1283511657181757,1.5908347513367478,22.616,22.371,21.404,20.656799999999997,0.029489216085734044,0.021575727113370736,31277324.5,0.022777047744196373,-0.007391304347826161
2026-06-15,23.1,23.1,22.5,22.75,16028410,-0.003510315144744655,0.04449172340921747,0.058840500022933395,0.13787361649511753,-0.7380663795831267,22.814,22.500999999999998,21.5505,20.7016,0.021912412734378713,0.021226152829118397,31521949.25,0.026373626373626436,-0.015151515151515213
2026-06-16,22.8,22.85,22.3,22.3,13363274,-0.019978466930886275,-0.023488782075630998,0.030505438501105733,0.12701837553975334,-0.16627575660966995,22.708,22.568,21.683500000000002,20.741,0.008676359787443343,0.021788602674115573,31413569.35,0.024663677130044873,-0.021929824561403508
2026-06-17,22.3,22.3,21.9,22.0,20872225,-0.01354422510775726,-0.037033007183388214,-0.01801850550267825,0.1196028723733694,0.561909529057026,22.541999999999998,22.528,21.807499999999997,20.776,0.00895291520797244,0.02207337853220462,31336944.6,0.018181818181818278,-0.01345291479820631
2026-06-18,22.0,22.55,22.0,22.4,12575431,0.018018505502678212,-0.01901450168070998,-0.009773511826980294,0.13149265593467424,-0.3975040514367778,22.456,22.506,21.9455,20.823400000000003,0.014553897869732825,0.022237093820874958,31295776.95,0.024553571428571463,0.01818181818181812
2026-06-19,22.4,22.45,22.05,22.2,7449991,-0.008968669982760375,-0.02798317166347035,-0.014755465565919435,0.11998139622719942,-0.4075756926343121,22.33,22.473,22.071,20.867599999999996,0.01452067052199911,0.02249443197224742,31134083.45,0.018018018018017955,-0.008928571428571397
2026-06-22,22.2,22.3,21.95,22.0,9958486,-0.009049835519917927,-0.03352269203864356,0.010969031370573937,0.08091429952059259,0.3367111450201752,22.18,22.497,22.1565,20.8924,0.014533015027187766,0.021989559792871247,30107238.5,0.015909090909090973,-0.009009009009008978
2026-06-23,22.0,22.85,21.9,22.35,22629615,0.01578386770126195,0.0022396425935048815,-0.02124913948212616,0.04483825172852168,1.2723951211057585,22.19,22.448999999999998,22.205499999999997,20.9284,0.01515401282118459,0.019158324362062742,28295471.65,0.04250559284116343,0.015909090909090973
2026-06-24,22.35,22.7,22.3,22.5,10848609,0.006688988150796489,0.022472855852058576,-0.014560151331329664,0.035742325320173976,-0.5206012563625143,22.29,22.416,22.244999999999997,20.9674,0.013037161278536175,0.01892646885026225,26810765.6,0.017777777777777715,0.00671140939597309
2026-06-25,22.55,22.7,22.35,22.4,10319900,-0.004454350349380309,0.0,-0.01901450168070998,0.05317476248725599,-0.04873518807802917,22.29,22.372999999999998,22.303,21.0062,0.010909294699070935,0.01816491837463964,26240001.05,0.015624999999999906,-0.006651884700665283
2026-06-26,22.35,22.65,22.35,22.6,10774200,0.008888947417246214,0.01785761740000647,-0.010125554263463881,0.05222526090421428,0.04402174439674803,22.37,22.35,22.3605,21.0446,0.010134696448471071,0.01814639751619202,25931181.8,0.013274336283185714,0.011185682326621923
2026-06-29,22.6,23.0,22.6,22.9,13106300,0.013187004281953681,0.040094457201877994,0.006571765163234519,0.06541226518616802,0.21645226559744574,22.55,22.365000000000002,22.433,21.092399999999998,0.00782802094375812,0.018285565010651074,25787510.55,0.017467248908296883,0.013274336283185714
2026-06-30,22.95,22.95,22.6,22.65,6785500,-0.010977058631150907,0.013333530869465168,0.015573173462969887,0.04607861196407561,-0.48227188451355457,22.61,22.4,22.484,21.137800000000002,0.010030372310359366,0.01851217992830815,24470190.35,0.015452538631346486,-0.013071895424836633
2026-07-01,22.65,22.8,22.45,22.65,10671800,0.0,0.006644542718668511,0.02911739857072717,0.011098893068048765,0.5727359811362464,22.639999999999997,22.464999999999996,22.496499999999997,21.181600000000003,0.009803284293510427,0.016839391829995075,21964047.1,0.015452538631346642,0.0
2026-07-02,22.65,23.0,22.55,22.65,10197900,0.0,0.011098893068048765,0.011098893068048765,0.0013253812410684883,-0.04440675424951742,22.69,22.490000000000002,22.497999999999998,21.221799999999998,0.009337681709655963,0.016699018460031464,20128009.25,0.019867549668874142,0.0
2026-07-03,22.55,22.65,22.45,22.65,10682700,0.0,0.00220994565080267,0.020067563050809173,0.005312097484889884,0.04753919924690377,22.699999999999996,22.535,22.503999999999998,21.2656,0.008564696815534425,0.016671864321948098,19281988.85,0.008830022075055156,0.0044345898004433644
2026-07-06,22.65,22.7,22.05,22.2,12785000,-0.020067563050809256,-0.031044621681960163,0.009049835519917856,0.020018866890491704,0.19679481778951013,22.56,22.555,22.526,21.303,0.00908913081535763,0.015314073671375744,18535937.85,0.029279279279279216,-0.019867549668874142
2026-07-07,22.2,22.6,22.15,22.6,11125100,0.01785761740000647,-0.002209945650802733,0.011123585218662302,-0.010125554263463881,-0.12983183418068048,22.55,22.580000000000002,22.514499999999998,21.35,0.013422227963785775,0.011437487759728707,16651498.45,0.019911504424778886,0.018018018018018115
2026-07-08,22.6,22.85,22.55,22.7,9270600,0.004415018209116693,0.0022050725583139755,0.0088496152769826,-0.00571053605434716,-0.16669513083028467,22.56,22.6,22.508,21.4008,0.013602587095775,0.01149025815285894,15212828.6,0.013215859030837036,0.004424778761061852
2026-07-09,22.6,23.2,22.45,22.8,18929000,0.004395611473038129,0.006600684031352093,0.017699577099401075,-0.0013149245813089175,1.0418311651888768,22.589999999999996,22.639999999999997,22.5065,21.4518,0.013708588239454306,0.011537946720457179,14978334.1,0.03289473684210526,0.008849557522123862
2026-07-10,22.8,22.85,22.55,22.55,7372900,-0.01102547001170771,-0.004424785980355584,-0.0022148403295528985,-0.012340394593016684,-0.6104971208199059,22.57,22.634999999999998,22.4925,21.497799999999998,0.01481604379377845,0.011795166827615382,12287347.05,0.013303769401330408,-0.010964912280701754
2026-07-13,22.5,22.65,22.3,22.45,15406600,-0.004444451760424129,0.011198325310029535,-0.019846296371930656,-0.013274531208696188,1.0896255204871896,22.619999999999997,22.589999999999996,22.4775,21.5488,0.010885103670770871,0.011809068095423503,12256256.55,0.015590200445434204,-0.002222222222222254
2026-07-14,22.35,23.1,22.3,22.85,18290500,0.01766050315195053,0.011001211061973583,0.008791265411170724,0.024364438874140592,0.18718601119000947,22.67,22.61,22.505000000000003,21.6164,0.010814526908891927,0.011565628050605542,12502617.85,0.035010940919037226,0.022371364653243846
2026-07-15,22.85,23.3,22.75,23.1,23294700,0.010881500187534207,0.017467693040391,0.019672765598704928,0.04879016416943204,0.27359558240616716,22.75,22.655,22.56,21.6804,0.0115099076726577,0.011208853625956878,12623741.6,0.02380952380952384,0.010940919037199124
2026-07-16,22.95,23.75,22.95,23.75,45574000,0.02774991295290224,0.0408219945202552,0.047422678551607214,0.058521571619656106,0.9564106856924537,22.939999999999998,22.765,22.627499999999998,21.7608,0.015877540583419114,0.012096772100202017,14273670.05,0.033684210526315816,0.0348583877995643
2026-07-17,23.8,23.85,23.35,23.55,10238300,-0.008456710018223398,0.04339075451373948,0.038965968533383924,0.05903353158419314,-0.7753477860183438,23.14,22.855,22.695,21.838,0.015125108818895866,0.012070790619441578,14413085.5,0.021231422505307854,-0.010504201680672268
2026-07-20,23.5,23.5,22.65,22.85,22380200,-0.030174703122213042,0.01766050315195053,0.028858828461979978,0.03790866398189801,1.1859293046697206,23.22,22.92,22.7375,21.903,0.023021772658371846,0.013953651616552366,15034171.2,0.03719912472647709,-0.027659574468085046
2026-07-21,22.6,23.15,22.6,22.85,16446800,0.0,0.0,0.011001211061973583,0.022124796280635763,-0.26511827418879186,23.220000000000002,22.945,22.7625,21.9688,0.021624600389781687,0.013567823789735376,14725030.45,0.024070021881837947,0.011061946902654867
2026-07-22,22.95,23.1,22.4,22.4,30708700,-0.019890158479219686,-0.030771658666753774,-0.013303965626362815,-0.004454350349380309,0.8671534888245738,23.08,22.915,22.7575,22.028999999999996,0.02212648712882091,0.014275466838923867,15718035.0,0.03125000000000013,-0.023965141612200466
2026-07-23,22.4,22.75,21.65,22.5,27165000,0.004454350349380375,-0.05406722127027582,-0.01324522675002068,0.004454350349380375,-0.1153972652701026,22.830000000000002,22.885,22.7625,22.086199999999998,0.014255134259554799,0.014275466838923867,16560290.0,0.048888888888888954,0.004464285714285778
2026-07-24,22.1,22.65,22.1,22.5,13447000,0.0,-0.045610511252052295,-0.002219756738312888,-0.004434597067865864,-0.5049880360758329,22.619999999999997,22.880000000000003,22.7575,22.1346,0.015082345660924937,0.0141290769784988,16693930.0,0.024444444444444317,0.018099547511312153
2026-07-27,22.5,22.6,22.3,22.3,18914800,-0.008928630744301318,-0.024364438874140713,-0.006703935722190218,-0.02655023209412084,0.4066185766341935,22.51,22.865000000000002,22.7275,22.1842,0.00970122301569817,0.0138877955042766,16984355.0,0.01345291479820631,-0.008888888888888858
2026-07-28,22.15,22.65,22.1,22.5,15653800,0.008928630744301398,-0.015435808129839362,-0.015435808129839362,-0.006644542718668501,-0.1724046778184279,22.439999999999998,22.830000000000002,22.72,22.241400000000002,0.011480937470165894,0.013873126786772511,17427770.0,0.024444444444444317,0.015801354401805936
2026-07-29,22.35,22.55,22.1,22.3,11700900,-0.008928630744301318,-0.004474280394920966,-0.03524593906167483,-0.015573173462969808,-0.25252015485057944,22.42,22.75,22.7025,22.297000000000004,0.00798433999978729,0.014004907124544334,17479225.0,0.020179372197309385,-0.0022371364653244164
2026-07-30,22.2,22.55,22.15,22.35,12071600,0.0022396425935048815,-0.00668898815079654,-0.060756209421072266,-0.013333530869465031,0.03168132365886385,22.39,22.61,22.6875,22.3512,0.007668585713066737,0.014020406332866202,17572910.0,0.01789709172259517,0.006756756756756853
2026-07-31,22.6,22.6,21.8,21.9,15165000,-0.020339684237122787,-0.027028672387919374,-0.07263918363997172,-0.033673215106587835,0.25625434905066435,22.270000000000003,22.445,22.65,22.3954,0.011311170015808171,0.014691138964466952,17797025.0,0.036529680365296836,-0.030973451327433753
2026-08-03,22.0,22.55,21.95,22.55,9511900,0.029248429126232406,0.011148387482614201,-0.013216051391526375,0.01564277707045376,-0.37277283217936036,22.32,22.415,22.6675,22.4406,0.018766812098811696,0.015556323276883548,17633370.0,0.026607538802660816,0.025000000000000033
2026-08-04,22.6,22.65,22.25,22.45,10497900,-0.004444451760424129,-0.0022246950221111624,-0.017660503151950478,-0.006659292089976961,0.10365962636276664,22.31,22.375,22.66,22.462200000000003,0.01852480165207778,0.015059287834240907,17602010.0,0.017817371937639135,-0.006637168141593014
2026-08-05,22.45,22.55,22.25,22.45,11224100,0.0,0.006703935722190134,0.0022296553272690683,-0.011074310299093665,0.06917573990988674,22.339999999999996,22.380000000000003,22.6475,22.477000000000004,0.017923127243746007,0.015018328726059904,17699685.0,0.01336302895322943,0.0
2026-08-06,22.4,22.5,22.15,22.15,8170300,-0.01345311769711864,-0.008988824568433331,-0.015677812719229904,-0.02892303946925059,-0.2720752666138042,22.3,22.345,22.615000000000002,22.4952,0.019064057116842708,0.015237460140493765,17161750.0,0.015801354401805936,-0.011160714285714286
2026-08-07,22.05,22.5,22.05,22.4,9526200,0.011223462369849576,0.022574322038538975,-0.004454350349380309,-0.006674107087693243,0.1659547385040941,22.4,22.335,22.607499999999998,22.514200000000002,0.016433625878385854,0.01531327027373737,17269415.0,0.020089285714285685,0.015873015873015775
2026-08-10,22.4,22.8,22.35,22.65,12233400,0.011098893068048765,0.004424785980355636,0.015573173462969887,0.00886923774077979,0.2841846696479184,22.419999999999998,22.37,22.6175,22.538199999999996,0.010559063830807843,0.015487099853044183,17110755.0,0.019867549668874142,0.011160714285714286
2026-08-11,22.65,22.75,22.5,22.65,9756800,0.0,0.00886923774077979,0.006644542718668511,-0.00879126541117077,-0.20244576323834748,22.459999999999997,22.384999999999998,22.607499999999998,22.558600000000002,0.010178472810980251,0.014947857539237854,16684070.0,0.011037527593818985,0.0
2026-08-12,22.65,22.8,22.6,22.75,10994300,0.004405293467916418,0.013274531208696108,0.019978466930886295,-0.015267472130788533,0.12683461790751066,22.52,22.43,22.59,22.5656,0.010177203513886918,0.014758654109893538,16069050.0,0.00879120879120876,0.004415011037527657
2026-08-13,22.75,22.8,22.2,22.2,11815100,-0.02447285651872569,0.002254792387089083,-0.00673403218134418,-0.06749024160241653,0.07465686764960025,22.529999999999998,22.415,22.5125,22.5572,0.014717863583807353,0.014051242197479137,14381105.0,0.02702702702702709,-0.024175824175824208
2026-08-14,22.2,22.3,22.1,22.15,7123300,-0.0022547923870890937,-0.01122346236984954,0.01135085966868948,-0.06128832397128221,-0.39710201352506536,22.48,22.44,22.442500000000003,22.5496,0.013429478873507936,0.014001527333503164,14225355.0,0.009029345372460465,-0.0022522522522522843
2026-08-17,22.15,22.3,21.85,21.85,8429500,-0.013636574949545396,-0.03595893038744371,-0.03153414440708816,-0.044750195798614556,0.1833700672441144,22.32,22.369999999999997,22.3925,22.551399999999997,0.011734123815460736,0.01274845704832444,13527820.0,0.020594965675057173,-0.013544018058690618
2026-08-18,21.85,22.1,21.55,21.65,7316500,-0.009195467093100386,-0.04515439748054418,-0.03628515973976448,-0.05394566289171495,-0.13203630108547362,22.119999999999997,22.29,22.332500000000003,22.5278,0.011024294472687966,0.012829076502363007,13071305.0,0.02540415704387994,-0.009153318077803334
2026-08-19,21.65,21.9,21.6,21.8,6245800,0.006904515346544486,-0.042655175601916055,-0.029380644393219902,-0.027150989065950745,-0.14634046333629466,21.93,22.224999999999998,22.3025,22.5072,0.011814155887689248,0.0123284453258281,11848160.0,0.013761467889908126,0.006928406466512801
2026-08-20,21.85,22.1,21.85,21.95,7594400,0.006857169726137045,-0.0113251493570534,-0.009070356969964265,-0.02474816968919414,0.21592109897851355,21.880000000000003,22.205000000000002,22.275,22.4896,0.00928221669855259,0.012399565938326989,10869630.0,0.011389521640091117,0.004576659038901504
2026-08-21,21.95,22.75,21.9,22.75,12170700,0.03579800587577903,0.02672764890581482,0.015504186535965254,0.011049836186584935,0.6025887496049721,22.0,22.240000000000002,22.2875,22.487999999999996,0.019389621461715058,0.01491599521100985,10805815.0,0.037362637362637424,0.036446469248291605
2026-08-24,22.75,22.75,22.45,22.5,6381200,-0.011049836186584935,0.029314387668775307,-0.006644542718668501,0.008928630744301398,-0.4756916200382887,22.130000000000003,22.225,22.297500000000003,22.482999999999997,0.0187815012940769,0.014994294886957752,10179135.0,0.013333333333333365,-0.01098901098901099
2026-08-25,22.5,22.7,22.2,22.2,7780000,-0.013423020332140774,0.025086834429734882,-0.020067563050809256,-0.013423020332140774,0.2192064188553877,22.24,22.18,22.282500000000002,22.480999999999998,0.01970150270761398,0.01516086180104866,9785445.0,0.022522522522522525,-0.013333333333333365
2026-08-26,22.25,22.45,22.15,22.25,7440600,0.002249719734015546,0.020432038817205934,-0.022223136784710235,-0.002244669853823862,-0.043624678663239075,22.330000000000002,22.130000000000003,22.28,22.486,0.019700012390597998,0.01504603570620792,9572430.0,0.013483146067415762,0.0
2026-08-27,22.25,22.65,22.25,22.6,7430300,0.015607897665990968,0.029182766757059917,0.01785761740000647,0.011123585218662302,-0.0013842969652984975,22.46,22.169999999999998,22.292499999999997,22.49,0.02038451932585133,0.015447596149758068,9340365.0,0.017699115044247725,0.01573033707865175
2026-08-28,22.6,22.7,22.45,22.65,5560400,0.00220994565080267,-0.004405293467916491,0.022322355437898487,0.03367321510658781,-0.25165874863733634,22.439999999999998,22.22,22.330000000000002,22.499000000000002,0.011746771904367096,0.014644218997437255,8860135.0,0.011037527593818985,0.0022123893805308477
2026-09-03,22.55,22.55,22.2,22.2,10284000,-0.020067563050809256,-0.013423020332140774,0.015891367336634443,-0.015642777070453688,0.8495072296957054,22.38,22.255,22.3125,22.503,0.014145676326010674,0.013891128896484216,8898740.0,0.01576576576576583,-0.01552106430155217
2026-09-04,22.2,22.4,22.15,22.2,7950500,0.0,0.0,0.025086834429734882,-0.011198325310029563,-0.22690587320108907,22.38,22.31,22.3,22.5,0.012808772921433429,0.013864983015043847,8771370.0,0.011261261261261262,0.0
2026-09-07,22.2,22.35,22.15,22.25,3963500,0.002249719734015546,0.0,0.020432038817205934,-0.008948605576014033,-0.5014778944720458,22.380000000000003,22.355,22.29,22.495,0.012808772921433429,0.013878883643152132,8408340.0,0.008988764044943948,0.0022522522522522843
2026-09-08,22.3,22.35,22.2,22.3,2754600,0.0022446698538239494,-0.013363227812167141,0.01581953894489281,0.00674918197492855,-0.3050081998233884,22.32,22.389999999999997,22.2975,22.493000000000002,0.009772097480838349,0.013544513909065135,8137555.0,0.006726457399103235,0.0
2026-09-09,22.3,22.6,22.2,22.45,7439600,0.006703935722190134,-0.00886923774077966,-0.013274531208696188,0.0022296553272690683,1.7007914034705582,22.279999999999998,22.36,22.3,22.49,0.010512099540282921,0.013390155328973597,8033225.0,0.017817371937639295,0.006726457399103075
2026-09-10,22.45,22.5,22.35,22.4,3925600,-0.002229655327269203,0.008968669982760316,-0.004454350349380309,-0.011098893068048803,-0.4723372224313135,22.32,22.35,22.2875,22.48,0.0033138531360050513,0.01314394831184843,7617835.0,0.006696428571428509,-0.0022271714922049313
2026-09-11,22.3,22.35,22.0,22.05,8653100,-0.015748356968139057,-0.006779686985378692,-0.006779686985378692,-0.026847250036187938,1.2042745058080293,22.29,22.335,22.2575,22.468000000000004,0.008643376289852915,0.013573649868119625,7562650.0,0.015873015873015938,-0.011210762331838564
2026-09-14,22.05,22.15,21.95,22.05,5907500,0.0,-0.009029406719394152,-0.009029406719394152,-0.031252543504104426,-0.3172966913591661,22.25,22.315,22.2225,22.456,0.008465479458563487,0.013511070512569332,7308310.0,0.009070294784580466,0.0
2026-09-15,22.2,22.3,22.0,22.1,6877300,0.0022650066308520615,-0.009009069942365857,-0.0223722977545331,-0.004514680354526583,0.16416419805332205,22.21,22.265,22.2175,22.445,0.008467916671681095,0.01240216026854549,7061420.0,0.013574660633484194,-0.004504504504504409
2026-09-16,22.1,22.6,22.05,22.6,8017800,0.022372297754532984,0.006659292089976997,-0.002209945650802733,0.02011240978709569,0.16583542960173323,22.240000000000002,22.259999999999998,22.24,22.444000000000003,0.0136908987807752,0.01337453843941158,7106145.0,0.02433628318584074,0.02262443438914027
2026-09-17,22.45,22.8,22.35,22.8,9239200,0.008810629682154906,0.017699577099401075,0.02666824708216149,0.0425596144187959,0.15233605228366884,22.32,22.32,22.2875,22.456,0.01386211472456291,0.013018241700173393,7146630.0,0.019736842105263126,0.015590200445434362
2026-09-18,22.8,22.85,21.9,21.9,10475900,-0.04027389913794008,-0.0068259650703999825,-0.013605652055778709,0.011481182373956232,0.13385358039657114,22.29,22.29,22.3,22.441999999999997,0.023430457470970736,0.0159628239497604,7304600.0,0.043378995433790084,-0.03947368421052641
2026-09-21,22.3,22.4,21.9,22.4,9212300,0.022574322038538975,0.015748356968139112,0.006718950248744788,0.027150989065950683,-0.12061970809190618,22.36,22.305,22.330000000000002,22.436,0.025813087645053336,0.01665925216456873,7452925.0,0.022321428571428572,0.0044843049327353305
2026-09-22,22.4,22.5,22.0,22.0,7237000,-0.01801850550267825,-0.004535155165391374,-0.01354422510775726,0.0022753138371356054,-0.21441985171998307,22.339999999999996,22.275,22.3325,22.42,0.02752402079802936,0.01714846731309607,7435055.0,0.022727272727272728,-0.017857142857142794
2026-09-23,22.0,22.15,21.75,21.8,11013700,-0.009132483563272474,-0.03603993648319693,-0.029380644393219902,-0.042655175601916055,0.5218598866933812,22.18,22.21,22.285,22.405,0.024277085672036666,0.01504120546733408,7377205.0,0.018348623853210944,-0.00909090909090906
2026-09-24,21.9,21.9,21.3,21.4,8843500,-0.018519047767237642,-0.06336961393258937,-0.04567003683318832,-0.050124387182568744,-0.1970454978799132,21.9,22.11,22.229999999999997,22.384,0.02280059922495611,0.01536353529339354,7500320.0,0.028037383177569996,-0.022831050228310504
2026-09-25,21.4,21.6,21.25,21.4,6080700,0.0,-0.023095714794649395,-0.02992167986504927,-0.03670136685042804,-0.31241024481257423,21.8,22.044999999999998,22.189999999999998,22.355,0.016984857475949265,0.015153290133908013,7415355.0,0.016355140186915956,0.0
2026-09-28,21.3,21.4,21.0,21.1,8042100,-0.014117881545784819,-0.05978791837897326,-0.04403956141083416,-0.05306896813022835,0.32256154719029057,21.54,21.95,22.1325,22.315,0.007671692598628198,0.015361621562806587,7445430.0,0.018957345971563913,-0.009389671361502313
2026-09-29,21.1,21.25,21.05,21.05,7059700,-0.002372480353630468,-0.044141893229925344,-0.048677048395316766,-0.07104934614984983,-0.12215714800860472,21.35,21.845,22.055,22.261,0.0077717321271295265,0.014750640319231493,7426900.0,0.009501187648456023,-0.002369668246445531
2026-09-30,21.1,21.5,21.1,21.1,5938000,0.0023724803536303955,-0.03263692931302243,-0.06867686579621937,-0.07088681144702211,-0.15888777143504682,21.21,21.695,21.9775,22.212,0.0092262289778399,0.014754026546796702,7445780.0,0.018957345971563913,0.0
2026-10-01,21.1,21.25,21.05,21.1,3419400,0.0,-0.014117881545784819,-0.07748749547837429,-0.050819248396212886,-0.42414954530144827,21.15,21.525,21.9225,22.177000000000003,0.006532782514545116,0.014244767833929197,7102550.0,0.009478672985781957,0.0
2026-10-02,21.1,21.25,21.05,21.1,6545100,0.0,-0.014117881545784819,-0.03721359634043421,-0.050819248396212886,0.9141077381996842,21.09,21.445,21.8675,22.142,0.006532782514545116,0.014244767833929197,7032280.0,0.009478672985781957,0.0
2026-10-05,21.1,21.2,20.95,21.0,5149200,-0.004750602758597865,-0.004750602758597865,-0.06453852113757105,-0.05781957088882625,-0.213274052344502,21.07,21.305,21.805,22.114,0.0027070236105700735,0.014206811656433484,7091565.0,0.011904761904761904,-0.004739336492891062
2026-10-06,21.0,21.05,20.4,20.6,12839800,-0.019231361927887533,-0.02160948433285499,-0.06575137756278042,-0.07929560267053767,1.493552396488775,20.98,21.165,21.72,22.076000000000004,0.008727087265711744,0.014604268840558873,7595825.0,0.03155339805825253,-0.01904761904761898
